date,symbol,strike,otype,expiry,open,high,low,close,volume
2026-08-20 09:15:00,BANKNIFTY29SEP2655500PE,55500.0,PE,29SEP2026,198.0,198.0,176.3,178.65,61
2026-08-20 09:15:00,BANKNIFTY29SEP2656000CE,56000.0,CE,29SEP2026,2125.0,2201.15,2125.0,2201.15,3
2026-08-20 09:15:00,BANKNIFTY29SEP2656000PE,56000.0,PE,29SEP2026,285.0,285.0,242.45,246.0,97
2026-08-20 09:15:00,BANKNIFTY29SEP2656500CE,56500.0,CE,29SEP2026,1774.95,1785.7,1770.9,1780.25,8
2026-08-20 09:15:00,BANKNIFTY29SEP2656500PE,56500.0,PE,29SEP2026,350.05,350.15,326.5,337.35,92
2026-08-20 09:15:00,BANKNIFTY29SEP2656700CE,56700.0,CE,29SEP2026,1650.0,1650.0,1650.0,1650.0,0
2026-08-20 09:15:00,BANKNIFTY29SEP2656900CE,56900.0,CE,29SEP2026,1436.7,1436.7,1436.7,1436.7,0
2026-08-20 09:15:00,BANKNIFTY29SEP2657000CE,57000.0,CE,29SEP2026,1399.95,1438.15,1398.0,1412.4,234
2026-08-20 09:15:00,BANKNIFTY29SEP2657000PE,57000.0,PE,29SEP2026,579.0,579.0,448.6,470.35,182
2026-08-20 09:15:00,BANKNIFTY29SEP2657100CE,57100.0,CE,29SEP2026,1349.95,1363.85,1323.25,1331.45,30
2026-08-20 09:15:00,BANKNIFTY29SEP2657100PE,57100.0,PE,29SEP2026,555.0,555.0,492.7,500.0,4
2026-08-20 09:15:00,BANKNIFTY29SEP2657200CE,57200.0,CE,29SEP2026,1290.0,1294.95,1261.15,1261.15,11
2026-08-20 09:15:00,BANKNIFTY29SEP2657200PE,57200.0,PE,29SEP2026,541.0,541.0,498.2,540.25,12
2026-08-20 09:15:00,BANKNIFTY29SEP2657300CE,57300.0,CE,29SEP2026,1190.7,1229.2,1190.15,1227.1,46
2026-08-20 09:15:00,BANKNIFTY29SEP2657300PE,57300.0,PE,29SEP2026,613.4,613.4,555.2,563.15,5
2026-08-20 09:15:00,BANKNIFTY29SEP2657400CE,57400.0,CE,29SEP2026,1206.2,1206.2,1145.65,1145.65,20
2026-08-20 09:15:00,BANKNIFTY29SEP2657500CE,57500.0,CE,29SEP2026,1048.95,1103.85,1048.95,1090.0,298
2026-08-20 09:15:00,BANKNIFTY29SEP2657500PE,57500.0,PE,29SEP2026,686.05,696.35,615.75,631.2,337
2026-08-20 09:16:00,BANKNIFTY29SEP2655500PE,55500.0,PE,29SEP2026,178.6,180.1,171.1,179.95,153
2026-08-20 09:16:00,BANKNIFTY29SEP2656000CE,56000.0,CE,29SEP2026,2195.0,2195.0,2185.0,2185.0,3
2026-08-20 09:16:00,BANKNIFTY29SEP2656000PE,56000.0,PE,29SEP2026,245.85,250.75,238.0,247.7,106
2026-08-20 09:16:00,BANKNIFTY29SEP2656500CE,56500.0,CE,29SEP2026,1780.45,1790.05,1774.45,1776.1,14
2026-08-20 09:16:00,BANKNIFTY29SEP2656500PE,56500.0,PE,29SEP2026,337.3,340.65,328.0,340.55,50
2026-08-20 09:16:00,BANKNIFTY29SEP2656600PE,56600.0,PE,29SEP2026,354.05,362.2,354.0,362.2,10
2026-08-20 09:16:00,BANKNIFTY29SEP2656700CE,56700.0,CE,29SEP2026,1649.95,1650.0,1649.95,1650.0,10
2026-08-20 09:16:00,BANKNIFTY29SEP2656900CE,56900.0,CE,29SEP2026,1477.85,1479.35,1477.85,1479.35,2
2026-08-20 09:16:00,BANKNIFTY29SEP2656900PE,56900.0,PE,29SEP2026,429.6,431.5,426.85,426.85,1
2026-08-20 09:16:00,BANKNIFTY29SEP2657000CE,57000.0,CE,29SEP2026,1414.2,1431.8,1412.9,1422.65,158
2026-08-20 09:16:00,BANKNIFTY29SEP2657000PE,57000.0,PE,29SEP2026,464.05,471.3,452.25,470.75,166
2026-08-20 09:16:00,BANKNIFTY29SEP2657100CE,57100.0,CE,29SEP2026,1350.0,1350.0,1346.95,1347.05,13
2026-08-20 09:16:00,BANKNIFTY29SEP2657100PE,57100.0,PE,29SEP2026,497.0,503.4,491.45,501.05,22
2026-08-20 09:16:00,BANKNIFTY29SEP2657200CE,57200.0,CE,29SEP2026,1272.6,1292.9,1272.6,1292.0,51
2026-08-20 09:16:00,BANKNIFTY29SEP2657200PE,57200.0,PE,29SEP2026,518.35,535.3,515.55,535.3,199
2026-08-20 09:16:00,BANKNIFTY29SEP2657300CE,57300.0,CE,29SEP2026,1227.05,1227.05,1208.8,1226.5,17
2026-08-20 09:16:00,BANKNIFTY29SEP2657300PE,57300.0,PE,29SEP2026,564.55,571.4,552.55,568.55,47
2026-08-20 09:16:00,BANKNIFTY29SEP2657400CE,57400.0,CE,29SEP2026,1159.8,1169.45,1145.6,1163.05,106
2026-08-20 09:16:00,BANKNIFTY29SEP2657400PE,57400.0,PE,29SEP2026,580.05,610.4,580.05,605.35,842
2026-08-20 09:16:00,BANKNIFTY29SEP2657500CE,57500.0,CE,29SEP2026,1088.35,1104.25,1084.75,1096.4,417
2026-08-20 09:16:00,BANKNIFTY29SEP2657500PE,57500.0,PE,29SEP2026,628.95,636.95,615.3,631.2,446
2026-08-20 09:17:00,BANKNIFTY29SEP2655500PE,55500.0,PE,29SEP2026,180.45,190.85,177.0,186.45,157
2026-08-20 09:17:00,BANKNIFTY29SEP2656000CE,56000.0,CE,29SEP2026,2195.0,2206.95,2182.45,2190.0,38
2026-08-20 09:17:00,BANKNIFTY29SEP2656000PE,56000.0,PE,29SEP2026,254.85,261.3,250.2,256.95,271
2026-08-20 09:17:00,BANKNIFTY29SEP2656200PE,56200.0,PE,29SEP2026,291.8,302.35,288.85,302.35,6
2026-08-20 09:17:00,BANKNIFTY29SEP2656500CE,56500.0,CE,29SEP2026,1778.45,1790.0,1778.45,1790.0,13
2026-08-20 09:17:00,BANKNIFTY29SEP2656500PE,56500.0,PE,29SEP2026,341.25,360.0,341.25,360.0,68
2026-08-20 09:17:00,BANKNIFTY29SEP2656600PE,56600.0,PE,29SEP2026,369.85,383.0,369.85,383.0,16
2026-08-20 09:17:00,BANKNIFTY29SEP2656700PE,56700.0,PE,29SEP2026,399.95,410.0,392.7,405.25,8
2026-08-20 09:17:00,BANKNIFTY29SEP2656900PE,56900.0,PE,29SEP2026,454.35,469.75,450.5,469.55,22
2026-08-20 09:17:00,BANKNIFTY29SEP2657000CE,57000.0,CE,29SEP2026,1421.95,1437.1,1418.0,1432.6,209
2026-08-20 09:17:00,BANKNIFTY29SEP2657000PE,57000.0,PE,29SEP2026,471.45,492.15,469.9,486.7,353
2026-08-20 09:17:00,BANKNIFTY29SEP2657100CE,57100.0,CE,29SEP2026,1359.9,1369.95,1351.5,1361.95,9
2026-08-20 09:17:00,BANKNIFTY29SEP2657100PE,57100.0,PE,29SEP2026,509.35,536.15,507.3,529.8,215
2026-08-20 09:17:00,BANKNIFTY29SEP2657200CE,57200.0,CE,29SEP2026,1286.35,1309.45,1286.2,1301.0,133
2026-08-20 09:17:00,BANKNIFTY29SEP2657200PE,57200.0,PE,29SEP2026,538.75,568.7,538.75,558.7,716
2026-08-20 09:17:00,BANKNIFTY29SEP2657300CE,57300.0,CE,29SEP2026,1209.7,1240.95,1209.7,1235.0,116
2026-08-20 09:17:00,BANKNIFTY29SEP2657300PE,57300.0,PE,29SEP2026,571.7,600.35,571.7,593.3,2549
2026-08-20 09:17:00,BANKNIFTY29SEP2657400CE,57400.0,CE,29SEP2026,1156.35,1177.15,1156.35,1170.25,31
2026-08-20 09:17:00,BANKNIFTY29SEP2657400PE,57400.0,PE,29SEP2026,607.15,633.3,607.0,627.65,285
2026-08-20 09:17:00,BANKNIFTY29SEP2657500CE,57500.0,CE,29SEP2026,1094.2,1112.0,1092.65,1105.75,937
2026-08-20 09:17:00,BANKNIFTY29SEP2657500PE,57500.0,PE,29SEP2026,635.5,663.75,633.15,649.8,1205
2026-08-20 09:18:00,BANKNIFTY29SEP2655500PE,55500.0,PE,29SEP2026,186.45,188.8,180.15,181.05,105
2026-08-20 09:18:00,BANKNIFTY29SEP2656000CE,56000.0,CE,29SEP2026,2200.0,2200.0,2200.0,2200.0,1
2026-08-20 09:18:00,BANKNIFTY29SEP2656000PE,56000.0,PE,29SEP2026,256.95,260.6,250.3,252.6,222
2026-08-20 09:18:00,BANKNIFTY29SEP2656500CE,56500.0,CE,29SEP2026,1814.85,1824.0,1800.0,1800.0,19
2026-08-20 09:18:00,BANKNIFTY29SEP2656500PE,56500.0,PE,29SEP2026,356.25,358.0,345.1,346.5,30
2026-08-20 09:18:00,BANKNIFTY29SEP2656600PE,56600.0,PE,29SEP2026,374.15,374.15,366.75,366.75,5
2026-08-20 09:18:00,BANKNIFTY29SEP2656700PE,56700.0,PE,29SEP2026,405.15,405.15,405.15,405.15,10
2026-08-20 09:18:00,BANKNIFTY29SEP2656800PE,56800.0,PE,29SEP2026,425.0,425.0,425.0,425.0,0
2026-08-20 09:18:00,BANKNIFTY29SEP2657000CE,57000.0,CE,29SEP2026,1431.6,1444.0,1428.55,1435.55,80
2026-08-20 09:18:00,BANKNIFTY29SEP2657000PE,57000.0,PE,29SEP2026,482.75,485.15,471.15,477.7,62
2026-08-20 09:18:00,BANKNIFTY29SEP2657100CE,57100.0,CE,29SEP2026,1369.95,1370.0,1368.45,1368.45,10
2026-08-20 09:18:00,BANKNIFTY29SEP2657100PE,57100.0,PE,29SEP2026,525.35,525.5,508.0,511.5,31
2026-08-20 09:18:00,BANKNIFTY29SEP2657200CE,57200.0,CE,29SEP2026,1303.2,1305.8,1299.6,1302.0,8
2026-08-20 09:18:00,BANKNIFTY29SEP2657200PE,57200.0,PE,29SEP2026,555.05,555.1,543.0,546.8,336
2026-08-20 09:18:00,BANKNIFTY29SEP2657300CE,57300.0,CE,29SEP2026,1238.45,1248.95,1234.45,1245.0,13
2026-08-20 09:18:00,BANKNIFTY29SEP2657300PE,57300.0,PE,29SEP2026,592.35,592.6,575.85,581.45,173
2026-08-20 09:18:00,BANKNIFTY29SEP2657400CE,57400.0,CE,29SEP2026,1172.2,1181.0,1172.2,1180.9,8
2026-08-20 09:18:00,BANKNIFTY29SEP2657400PE,57400.0,PE,29SEP2026,623.0,623.5,608.55,614.05,387
2026-08-20 09:18:00,BANKNIFTY29SEP2657500CE,57500.0,CE,29SEP2026,1108.0,1117.1,1104.35,1110.15,298
2026-08-20 09:18:00,BANKNIFTY29SEP2657500PE,57500.0,PE,29SEP2026,650.8,654.45,635.85,643.95,286
2026-08-20 09:19:00,BANKNIFTY29SEP2655500CE,55500.0,CE,29SEP2026,2572.85,2572.85,2572.85,2572.85,0
2026-08-20 09:19:00,BANKNIFTY29SEP2655500PE,55500.0,PE,29SEP2026,182.3,185.95,182.3,185.95,24
2026-08-20 09:19:00,BANKNIFTY29SEP2656000CE,56000.0,CE,29SEP2026,2177.35,2177.35,2175.9,2176.95,25
2026-08-20 09:19:00,BANKNIFTY29SEP2656000PE,56000.0,PE,29SEP2026,252.65,260.35,251.7,257.55,128
2026-08-20 09:19:00,BANKNIFTY29SEP2656200PE,56200.0,PE,29SEP2026,292.5,296.35,286.6,293.0,15
2026-08-20 09:19:00,BANKNIFTY29SEP2656300PE,56300.0,PE,29SEP2026,310.0,310.0,310.0,310.0,0
2026-08-20 09:19:00,BANKNIFTY29SEP2656500CE,56500.0,CE,29SEP2026,1790.15,1790.15,1790.0,1790.0,10
2026-08-20 09:19:00,BANKNIFTY29SEP2656500PE,56500.0,PE,29SEP2026,349.0,354.65,348.75,354.2,38
2026-08-20 09:19:00,BANKNIFTY29SEP2656700PE,56700.0,PE,29SEP2026,399.95,399.95,399.95,399.95,1
2026-08-20 09:19:00,BANKNIFTY29SEP2656800PE,56800.0,PE,29SEP2026,429.25,429.25,425.8,425.9,5
2026-08-20 09:19:00,BANKNIFTY29SEP2656900CE,56900.0,CE,29SEP2026,1502.35,1502.35,1502.35,1502.35,1
2026-08-20 09:19:00,BANKNIFTY29SEP2656900PE,56900.0,PE,29SEP2026,453.35,461.1,453.35,461.1,4
2026-08-20 09:19:00,BANKNIFTY29SEP2657000CE,57000.0,CE,29SEP2026,1435.0,1435.0,1424.6,1430.15,37
2026-08-20 09:19:00,BANKNIFTY29SEP2657000PE,57000.0,PE,29SEP2026,477.45,484.95,477.45,484.95,149
2026-08-20 09:19:00,BANKNIFTY29SEP2657100CE,57100.0,CE,29SEP2026,1357.2,1359.9,1352.5,1355.75,14
2026-08-20 09:19:00,BANKNIFTY29SEP2657100PE,57100.0,PE,29SEP2026,514.9,525.4,514.75,522.25,54
2026-08-20 09:19:00,BANKNIFTY29SEP2657200CE,57200.0,CE,29SEP2026,1295.1,1297.55,1282.0,1297.55,25
2026-08-20 09:19:00,BANKNIFTY29SEP2657200PE,57200.0,PE,29SEP2026,551.0,557.7,548.25,557.7,37
2026-08-20 09:19:00,BANKNIFTY29SEP2657300CE,57300.0,CE,29SEP2026,1225.4,1227.4,1220.0,1227.4,7
2026-08-20 09:19:00,BANKNIFTY29SEP2657300PE,57300.0,PE,29SEP2026,583.45,592.65,583.45,592.2,117
2026-08-20 09:19:00,BANKNIFTY29SEP2657400CE,57400.0,CE,29SEP2026,1170.0,1172.45,1165.0,1165.0,14
2026-08-20 09:19:00,BANKNIFTY29SEP2657400PE,57400.0,PE,29SEP2026,616.1,626.35,616.1,626.35,25
2026-08-20 09:19:00,BANKNIFTY29SEP2657500CE,57500.0,CE,29SEP2026,1109.75,1110.65,1100.0,1100.05,96
2026-08-20 09:19:00,BANKNIFTY29SEP2657500PE,57500.0,PE,29SEP2026,644.0,656.2,644.0,655.5,214
2026-08-20 09:20:00,BANKNIFTY29SEP2655500PE,55500.0,PE,29SEP2026,186.2,187.25,180.4,182.0,39
2026-08-20 09:20:00,BANKNIFTY29SEP2656000CE,56000.0,CE,29SEP2026,2185.0,2190.0,2177.4,2177.4,73
2026-08-20 09:20:00,BANKNIFTY29SEP2656000PE,56000.0,PE,29SEP2026,257.6,257.6,248.0,253.15,356
2026-08-20 09:20:00,BANKNIFTY29SEP2656200PE,56200.0,PE,29SEP2026,293.0,293.0,286.4,286.4,15
2026-08-20 09:20:00,BANKNIFTY29SEP2656500PE,56500.0,PE,29SEP2026,353.9,353.9,344.5,349.8,48
2026-08-20 09:20:00,BANKNIFTY29SEP2656600CE,56600.0,CE,29SEP2026,1772.55,1772.55,1772.55,1772.55,0
2026-08-20 09:20:00,BANKNIFTY29SEP2656600PE,56600.0,PE,29SEP2026,376.55,379.15,372.8,372.8,4
2026-08-20 09:20:00,BANKNIFTY29SEP2656900CE,56900.0,CE,29SEP2026,1500.85,1500.85,1500.85,1500.85,1
2026-08-20 09:20:00,BANKNIFTY29SEP2657000CE,57000.0,CE,29SEP2026,1428.95,1440.0,1422.65,1429.95,39
2026-08-20 09:20:00,BANKNIFTY29SEP2657000PE,57000.0,PE,29SEP2026,483.0,483.15,471.25,479.55,97
2026-08-20 09:20:00,BANKNIFTY29SEP2657100PE,57100.0,PE,29SEP2026,518.25,519.4,511.5,515.65,24
2026-08-20 09:20:00,BANKNIFTY29SEP2657200CE,57200.0,CE,29SEP2026,1300.0,1300.0,1288.4,1297.0,5
2026-08-20 09:20:00,BANKNIFTY29SEP2657200PE,57200.0,PE,29SEP2026,553.9,557.0,541.35,551.25,51
2026-08-20 09:20:00,BANKNIFTY29SEP2657300CE,57300.0,CE,29SEP2026,1221.25,1238.0,1221.2,1232.45,10
2026-08-20 09:20:00,BANKNIFTY29SEP2657300PE,57300.0,PE,29SEP2026,591.8,591.8,577.1,583.0,118
2026-08-20 09:20:00,BANKNIFTY29SEP2657400CE,57400.0,CE,29SEP2026,1162.4,1174.0,1158.65,1166.55,22
2026-08-20 09:20:00,BANKNIFTY29SEP2657400PE,57400.0,PE,29SEP2026,622.15,622.55,610.0,619.75,22
2026-08-20 09:20:00,BANKNIFTY29SEP2657500CE,57500.0,CE,29SEP2026,1103.45,1115.0,1098.5,1103.95,141
2026-08-20 09:20:00,BANKNIFTY29SEP2657500PE,57500.0,PE,29SEP2026,652.6,655.0,637.7,646.2,216
2026-08-20 09:21:00,BANKNIFTY29SEP2655500CE,55500.0,CE,29SEP2026,2603.35,2603.35,2603.35,2603.35,1
2026-08-20 09:21:00,BANKNIFTY29SEP2655500PE,55500.0,PE,29SEP2026,182.05,183.85,180.4,181.5,25
2026-08-20 09:21:00,BANKNIFTY29SEP2656000CE,56000.0,CE,29SEP2026,2178.2,2183.95,2178.2,2179.75,26
2026-08-20 09:21:00,BANKNIFTY29SEP2656000PE,56000.0,PE,29SEP2026,253.5,255.05,248.45,254.0,94
2026-08-20 09:21:00,BANKNIFTY29SEP2656200PE,56200.0,PE,29SEP2026,286.8,289.6,286.8,289.6,3
2026-08-20 09:21:00,BANKNIFTY29SEP2656300PE,56300.0,PE,29SEP2026,306.1,311.85,306.1,311.85,3
2026-08-20 09:21:00,BANKNIFTY29SEP2656500PE,56500.0,PE,29SEP2026,351.1,352.0,345.0,352.0,23
2026-08-20 09:21:00,BANKNIFTY29SEP2656600PE,56600.0,PE,29SEP2026,369.2,375.0,369.2,373.2,5
2026-08-20 09:21:00,BANKNIFTY29SEP2656700PE,56700.0,PE,29SEP2026,398.55,400.3,398.55,400.3,7
2026-08-20 09:21:00,BANKNIFTY29SEP2656800PE,56800.0,PE,29SEP2026,425.0,432.55,425.0,428.3,16
2026-08-20 09:21:00,BANKNIFTY29SEP2657000CE,57000.0,CE,29SEP2026,1428.8,1431.05,1428.5,1430.9,13
2026-08-20 09:21:00,BANKNIFTY29SEP2657000PE,57000.0,PE,29SEP2026,479.9,487.5,474.8,482.45,150
2026-08-20 09:21:00,BANKNIFTY29SEP2657100PE,57100.0,PE,29SEP2026,517.4,519.7,512.3,519.55,23
2026-08-20 09:21:00,BANKNIFTY29SEP2657200CE,57200.0,CE,29SEP2026,1296.9,1302.1,1294.45,1302.1,10
2026-08-20 09:21:00,BANKNIFTY29SEP2657200PE,57200.0,PE,29SEP2026,549.05,560.0,544.35,556.1,848
2026-08-20 09:21:00,BANKNIFTY29SEP2657300CE,57300.0,CE,29SEP2026,1238.45,1238.45,1229.25,1230.15,15
2026-08-20 09:21:00,BANKNIFTY29SEP2657300PE,57300.0,PE,29SEP2026,583.5,590.05,577.0,588.25,120
2026-08-20 09:21:00,BANKNIFTY29SEP2657400CE,57400.0,CE,29SEP2026,1166.55,1177.65,1166.55,1167.9,12
2026-08-20 09:21:00,BANKNIFTY29SEP2657400PE,57400.0,PE,29SEP2026,617.95,628.5,613.6,623.7,94
2026-08-20 09:21:00,BANKNIFTY29SEP2657500CE,57500.0,CE,29SEP2026,1103.85,1111.65,1100.0,1100.0,182
2026-08-20 09:21:00,BANKNIFTY29SEP2657500PE,57500.0,PE,29SEP2026,646.7,653.3,640.0,649.65,229
2026-08-20 09:22:00,BANKNIFTY29SEP2655500PE,55500.0,PE,29SEP2026,183.0,183.0,179.65,179.65,4
2026-08-20 09:22:00,BANKNIFTY29SEP2656000CE,56000.0,CE,29SEP2026,2175.15,2201.9,2175.05,2201.9,6
2026-08-20 09:22:00,BANKNIFTY29SEP2656000PE,56000.0,PE,29SEP2026,254.0,254.65,250.75,251.25,71
2026-08-20 09:22:00,BANKNIFTY29SEP2656200PE,56200.0,PE,29SEP2026,288.4,288.4,288.4,288.4,3
2026-08-20 09:22:00,BANKNIFTY29SEP2656300PE,56300.0,PE,29SEP2026,307.3,307.3,307.3,307.3,1
2026-08-20 09:22:00,BANKNIFTY29SEP2656500CE,56500.0,CE,29SEP2026,1799.95,1799.95,1799.95,1799.95,1
2026-08-20 09:22:00,BANKNIFTY29SEP2656500PE,56500.0,PE,29SEP2026,351.45,353.25,348.0,349.05,21
2026-08-20 09:22:00,BANKNIFTY29SEP2656600PE,56600.0,PE,29SEP2026,372.05,372.05,368.25,368.25,3
2026-08-20 09:22:00,BANKNIFTY29SEP2656800PE,56800.0,PE,29SEP2026,426.85,426.85,422.0,422.0,2
2026-08-20 09:22:00,BANKNIFTY29SEP2656900PE,56900.0,PE,29SEP2026,445.35,445.35,445.35,445.35,1
2026-08-20 09:22:00,BANKNIFTY29SEP2657000CE,57000.0,CE,29SEP2026,1430.0,1439.0,1425.3,1438.95,27
2026-08-20 09:22:00,BANKNIFTY29SEP2657000PE,57000.0,PE,29SEP2026,484.0,484.0,474.65,476.0,66
2026-08-20 09:22:00,BANKNIFTY29SEP2657100CE,57100.0,CE,29SEP2026,1355.85,1361.25,1353.25,1361.2,12
2026-08-20 09:22:00,BANKNIFTY29SEP2657100PE,57100.0,PE,29SEP2026,519.15,519.15,510.0,510.0,4
2026-08-20 09:22:00,BANKNIFTY29SEP2657200CE,57200.0,CE,29SEP2026,1302.1,1302.1,1302.1,1302.1,1
2026-08-20 09:22:00,BANKNIFTY29SEP2657200PE,57200.0,PE,29SEP2026,556.25,556.25,544.5,545.15,80
2026-08-20 09:22:00,BANKNIFTY29SEP2657300CE,57300.0,CE,29SEP2026,1228.0,1238.3,1228.0,1238.3,3
2026-08-20 09:22:00,BANKNIFTY29SEP2657300PE,57300.0,PE,29SEP2026,587.7,587.7,578.1,580.95,18
2026-08-20 09:22:00,BANKNIFTY29SEP2657400CE,57400.0,CE,29SEP2026,1171.95,1177.3,1169.15,1169.15,3
2026-08-20 09:22:00,BANKNIFTY29SEP2657400PE,57400.0,PE,29SEP2026,622.5,622.95,616.5,616.5,13
2026-08-20 09:22:00,BANKNIFTY29SEP2657500CE,57500.0,CE,29SEP2026,1101.4,1112.0,1099.15,1106.6,121
2026-08-20 09:22:00,BANKNIFTY29SEP2657500PE,57500.0,PE,29SEP2026,650.55,652.95,640.0,642.0,112
2026-08-20 09:23:00,BANKNIFTY29SEP2655500CE,55500.0,CE,29SEP2026,2603.6,2603.6,2603.6,2603.6,1
2026-08-20 09:23:00,BANKNIFTY29SEP2655500PE,55500.0,PE,29SEP2026,181.8,186.75,180.05,186.75,41
2026-08-20 09:23:00,BANKNIFTY29SEP2656000CE,56000.0,CE,29SEP2026,2190.0,2192.6,2172.2,2184.6,13
2026-08-20 09:23:00,BANKNIFTY29SEP2656000PE,56000.0,PE,29SEP2026,252.3,259.35,250.75,257.15,99
2026-08-20 09:23:00,BANKNIFTY29SEP2656200PE,56200.0,PE,29SEP2026,289.9,289.9,289.9,289.9,1
2026-08-20 09:23:00,BANKNIFTY29SEP2656500CE,56500.0,CE,29SEP2026,1783.8,1783.8,1777.35,1777.35,2
2026-08-20 09:23:00,BANKNIFTY29SEP2656500PE,56500.0,PE,29SEP2026,348.95,356.1,344.9,355.95,30
2026-08-20 09:23:00,BANKNIFTY29SEP2656600PE,56600.0,PE,29SEP2026,382.3,382.5,378.95,378.95,5
2026-08-20 09:23:00,BANKNIFTY29SEP2656700PE,56700.0,PE,29SEP2026,393.35,409.05,393.35,409.05,5
2026-08-20 09:23:00,BANKNIFTY29SEP2656800PE,56800.0,PE,29SEP2026,422.75,434.1,422.65,431.75,8
2026-08-20 09:23:00,BANKNIFTY29SEP2656900PE,56900.0,PE,29SEP2026,455.0,466.2,455.0,459.85,14
2026-08-20 09:23:00,BANKNIFTY29SEP2657000CE,57000.0,CE,29SEP2026,1432.25,1434.0,1424.1,1424.2,61
2026-08-20 09:23:00,BANKNIFTY29SEP2657000PE,57000.0,PE,29SEP2026,476.0,487.9,475.0,485.9,71
2026-08-20 09:23:00,BANKNIFTY29SEP2657100CE,57100.0,CE,29SEP2026,1355.95,1355.95,1355.95,1355.95,1
2026-08-20 09:23:00,BANKNIFTY29SEP2657100PE,57100.0,PE,29SEP2026,514.05,535.9,514.05,524.1,152
2026-08-20 09:23:00,BANKNIFTY29SEP2657200CE,57200.0,CE,29SEP2026,1286.85,1286.85,1286.85,1286.85,1
2026-08-20 09:23:00,BANKNIFTY29SEP2657200PE,57200.0,PE,29SEP2026,549.35,567.35,543.85,556.55,74
2026-08-20 09:23:00,BANKNIFTY29SEP2657300CE,57300.0,CE,29SEP2026,1231.85,1234.05,1231.85,1232.0,3
2026-08-20 09:23:00,BANKNIFTY29SEP2657300PE,57300.0,PE,29SEP2026,579.2,600.0,578.55,590.25,882
2026-08-20 09:23:00,BANKNIFTY29SEP2657400CE,57400.0,CE,29SEP2026,1177.35,1177.35,1157.45,1162.5,11
2026-08-20 09:23:00,BANKNIFTY29SEP2657400PE,57400.0,PE,29SEP2026,617.55,631.9,613.35,629.75,55
2026-08-20 09:23:00,BANKNIFTY29SEP2657500CE,57500.0,CE,29SEP2026,1103.6,1106.9,1095.9,1100.0,240
2026-08-20 09:23:00,BANKNIFTY29SEP2657500PE,57500.0,PE,29SEP2026,643.9,667.95,641.1,652.9,427
2026-08-20 09:24:00,BANKNIFTY29SEP2655500PE,55500.0,PE,29SEP2026,187.15,190.9,187.15,188.95,53
2026-08-20 09:24:00,BANKNIFTY29SEP2656000CE,56000.0,CE,29SEP2026,2181.6,2181.6,2161.4,2161.4,3
2026-08-20 09:24:00,BANKNIFTY29SEP2656000PE,56000.0,PE,29SEP2026,257.35,266.05,257.0,263.55,110
2026-08-20 09:24:00,BANKNIFTY29SEP2656200PE,56200.0,PE,29SEP2026,297.65,303.45,297.65,303.4,4
2026-08-20 09:24:00,BANKNIFTY29SEP2656500CE,56500.0,CE,29SEP2026,1782.95,1794.05,1776.35,1794.05,6
2026-08-20 09:24:00,BANKNIFTY29SEP2656500PE,56500.0,PE,29SEP2026,357.9,365.8,357.9,364.35,40
2026-08-20 09:24:00,BANKNIFTY29SEP2656600PE,56600.0,PE,29SEP2026,384.55,391.05,382.95,387.5,16
2026-08-20 09:24:00,BANKNIFTY29SEP2656700PE,56700.0,PE,29SEP2026,410.3,414.2,408.55,414.2,8
2026-08-20 09:24:00,BANKNIFTY29SEP2656800PE,56800.0,PE,29SEP2026,437.35,445.25,436.0,444.75,14
2026-08-20 09:24:00,BANKNIFTY29SEP2656900PE,56900.0,PE,29SEP2026,464.7,464.95,463.9,463.9,3
2026-08-20 09:24:00,BANKNIFTY29SEP2657000CE,57000.0,CE,29SEP2026,1422.5,1426.45,1409.95,1426.45,43
2026-08-20 09:24:00,BANKNIFTY29SEP2657000PE,57000.0,PE,29SEP2026,485.9,499.3,485.9,495.0,234
2026-08-20 09:24:00,BANKNIFTY29SEP2657100CE,57100.0,CE,29SEP2026,1348.15,1348.45,1342.75,1344.85,7
2026-08-20 09:24:00,BANKNIFTY29SEP2657100PE,57100.0,PE,29SEP2026,524.8,551.4,524.8,533.75,114
2026-08-20 09:24:00,BANKNIFTY29SEP2657200CE,57200.0,CE,29SEP2026,1292.1,1292.1,1279.7,1287.35,11
2026-08-20 09:24:00,BANKNIFTY29SEP2657200PE,57200.0,PE,29SEP2026,557.05,577.0,557.0,569.25,550
2026-08-20 09:24:00,BANKNIFTY29SEP2657300CE,57300.0,CE,29SEP2026,1215.1,1231.1,1215.0,1223.05,13
2026-08-20 09:24:00,BANKNIFTY29SEP2657300PE,57300.0,PE,29SEP2026,590.6,606.45,590.6,601.7,311
2026-08-20 09:24:00,BANKNIFTY29SEP2657400CE,57400.0,CE,29SEP2026,1166.95,1167.0,1150.0,1159.9,54
2026-08-20 09:24:00,BANKNIFTY29SEP2657400PE,57400.0,PE,29SEP2026,629.9,643.4,629.9,638.25,543
2026-08-20 09:24:00,BANKNIFTY29SEP2657500CE,57500.0,CE,29SEP2026,1098.2,1099.95,1085.0,1094.45,203
2026-08-20 09:24:00,BANKNIFTY29SEP2657500PE,57500.0,PE,29SEP2026,655.5,675.0,655.0,665.4,312
2026-08-20 09:25:00,BANKNIFTY29SEP2655500CE,55500.0,CE,29SEP2026,2594.95,2605.0,2594.95,2605.0,3
2026-08-20 09:25:00,BANKNIFTY29SEP2655500PE,55500.0,PE,29SEP2026,188.0,188.0,184.8,184.8,14
2026-08-20 09:25:00,BANKNIFTY29SEP2656000CE,56000.0,CE,29SEP2026,2180.0,2182.0,2180.0,2181.95,5
2026-08-20 09:25:00,BANKNIFTY29SEP2656000PE,56000.0,PE,29SEP2026,264.9,264.95,256.05,256.7,50
2026-08-20 09:25:00,BANKNIFTY29SEP2656200PE,56200.0,PE,29SEP2026,294.1,294.1,292.85,292.85,2
2026-08-20 09:25:00,BANKNIFTY29SEP2656500CE,56500.0,CE,29SEP2026,1788.15,1790.0,1788.15,1790.0,2
2026-08-20 09:25:00,BANKNIFTY29SEP2656500PE,56500.0,PE,29SEP2026,359.5,359.5,353.1,353.1,5
2026-08-20 09:25:00,BANKNIFTY29SEP2656700CE,56700.0,CE,29SEP2026,1650.0,1650.0,1650.0,1650.0,1
2026-08-20 09:25:00,BANKNIFTY29SEP2656800PE,56800.0,PE,29SEP2026,436.85,438.75,428.3,438.75,6
2026-08-20 09:25:00,BANKNIFTY29SEP2656900CE,56900.0,CE,29SEP2026,1500.85,1500.85,1500.85,1500.85,1
2026-08-20 09:25:00,BANKNIFTY29SEP2657000CE,57000.0,CE,29SEP2026,1428.0,1436.0,1425.95,1436.0,19
2026-08-20 09:25:00,BANKNIFTY29SEP2657000PE,57000.0,PE,29SEP2026,494.55,494.55,483.25,487.35,32
2026-08-20 09:25:00,BANKNIFTY29SEP2657100CE,57100.0,CE,29SEP2026,1365.3,1369.9,1352.5,1366.4,4
2026-08-20 09:25:00,BANKNIFTY29SEP2657100PE,57100.0,PE,29SEP2026,530.0,530.0,522.2,522.2,3
2026-08-20 09:25:00,BANKNIFTY29SEP2657200CE,57200.0,CE,29SEP2026,1302.1,1302.1,1302.1,1302.1,1
2026-08-20 09:25:00,BANKNIFTY29SEP2657200PE,57200.0,PE,29SEP2026,567.05,567.25,554.0,554.35,54
2026-08-20 09:25:00,BANKNIFTY29SEP2657300CE,57300.0,CE,29SEP2026,1225.0,1239.8,1225.0,1239.8,3
2026-08-20 09:25:00,BANKNIFTY29SEP2657300PE,57300.0,PE,29SEP2026,599.65,601.0,587.8,590.35,37
2026-08-20 09:25:00,BANKNIFTY29SEP2657400CE,57400.0,CE,29SEP2026,1172.1,1176.15,1169.4,1170.4,10
2026-08-20 09:25:00,BANKNIFTY29SEP2657400PE,57400.0,PE,29SEP2026,638.1,638.1,624.5,625.6,240
2026-08-20 09:25:00,BANKNIFTY29SEP2657500CE,57500.0,CE,29SEP2026,1094.7,1109.6,1092.5,1108.8,82
2026-08-20 09:25:00,BANKNIFTY29SEP2657500PE,57500.0,PE,29SEP2026,664.55,665.8,650.4,653.25,135
2026-08-20 09:26:00,BANKNIFTY29SEP2655500PE,55500.0,PE,29SEP2026,185.55,185.75,178.0,178.5,39
2026-08-20 09:26:00,BANKNIFTY29SEP2656000CE,56000.0,CE,29SEP2026,2186.65,2186.65,2186.65,2186.65,1
2026-08-20 09:26:00,BANKNIFTY29SEP2656000PE,56000.0,PE,29SEP2026,256.45,257.5,249.1,249.1,74
2026-08-20 09:26:00,BANKNIFTY29SEP2656200PE,56200.0,PE,29SEP2026,292.05,292.05,286.2,286.2,6
2026-08-20 09:26:00,BANKNIFTY29SEP2656300PE,56300.0,PE,29SEP2026,310.95,310.95,305.75,305.75,8
2026-08-20 09:26:00,BANKNIFTY29SEP2656500CE,56500.0,CE,29SEP2026,1795.0,1800.0,1795.0,1800.0,4
2026-08-20 09:26:00,BANKNIFTY29SEP2656500PE,56500.0,PE,29SEP2026,353.4,354.75,343.15,343.15,64
2026-08-20 09:26:00,BANKNIFTY29SEP2656600PE,56600.0,PE,29SEP2026,376.7,376.7,368.35,368.4,8
2026-08-20 09:26:00,BANKNIFTY29SEP2656700PE,56700.0,PE,29SEP2026,402.0,402.0,395.75,395.8,12
2026-08-20 09:26:00,BANKNIFTY29SEP2656800PE,56800.0,PE,29SEP2026,429.8,431.35,421.4,421.4,41
2026-08-20 09:26:00,BANKNIFTY29SEP2656900PE,56900.0,PE,29SEP2026,456.6,456.6,450.0,450.0,3
2026-08-20 09:26:00,BANKNIFTY29SEP2657000CE,57000.0,CE,29SEP2026,1429.65,1449.0,1429.6,1449.0,26
2026-08-20 09:26:00,BANKNIFTY29SEP2657000PE,57000.0,PE,29SEP2026,483.3,485.65,470.6,470.6,242
2026-08-20 09:26:00,BANKNIFTY29SEP2657100CE,57100.0,CE,29SEP2026,1363.45,1370.0,1361.45,1370.0,13
2026-08-20 09:26:00,BANKNIFTY29SEP2657100PE,57100.0,PE,29SEP2026,522.0,524.25,506.25,508.0,55
2026-08-20 09:26:00,BANKNIFTY29SEP2657200CE,57200.0,CE,29SEP2026,1302.1,1310.0,1293.95,1310.0,4
2026-08-20 09:26:00,BANKNIFTY29SEP2657200PE,57200.0,PE,29SEP2026,554.2,554.6,539.2,540.15,105
2026-08-20 09:26:00,BANKNIFTY29SEP2657300CE,57300.0,CE,29SEP2026,1239.95,1246.0,1230.05,1246.0,13
2026-08-20 09:26:00,BANKNIFTY29SEP2657300PE,57300.0,PE,29SEP2026,587.25,593.2,555.35,573.85,263
2026-08-20 09:26:00,BANKNIFTY29SEP2657400CE,57400.0,CE,29SEP2026,1178.1,1178.1,1178.1,1178.1,1
2026-08-20 09:26:00,BANKNIFTY29SEP2657400PE,57400.0,PE,29SEP2026,622.4,622.8,611.05,611.05,45
2026-08-20 09:26:00,BANKNIFTY29SEP2657500CE,57500.0,CE,29SEP2026,1104.65,1116.3,1104.2,1113.85,104
2026-08-20 09:26:00,BANKNIFTY29SEP2657500PE,57500.0,PE,29SEP2026,650.55,653.3,635.0,635.0,297
2026-08-20 09:27:00,BANKNIFTY29SEP2655500PE,55500.0,PE,29SEP2026,178.4,178.8,175.0,175.1,74
2026-08-20 09:27:00,BANKNIFTY29SEP2656000CE,56000.0,CE,29SEP2026,2210.0,2210.0,2209.2,2210.0,3
2026-08-20 09:27:00,BANKNIFTY29SEP2656000PE,56000.0,PE,29SEP2026,248.0,249.05,243.45,245.8,95
2026-08-20 09:27:00,BANKNIFTY29SEP2656200PE,56200.0,PE,29SEP2026,280.1,280.1,280.0,280.0,5
2026-08-20 09:27:00,BANKNIFTY29SEP2656300PE,56300.0,PE,29SEP2026,301.0,301.0,301.0,301.0,5
2026-08-20 09:27:00,BANKNIFTY29SEP2656500PE,56500.0,PE,29SEP2026,342.8,344.95,335.0,339.15,109
2026-08-20 09:27:00,BANKNIFTY29SEP2656700PE,56700.0,PE,29SEP2026,386.0,386.0,386.0,386.0,1
2026-08-20 09:27:00,BANKNIFTY29SEP2656800CE,56800.0,CE,29SEP2026,1598.1,1598.1,1598.1,1598.1,0
2026-08-20 09:27:00,BANKNIFTY29SEP2656900PE,56900.0,PE,29SEP2026,444.0,444.0,444.0,444.0,3
2026-08-20 09:27:00,BANKNIFTY29SEP2657000CE,57000.0,CE,29SEP2026,1449.0,1455.0,1449.0,1455.0,19
2026-08-20 09:27:00,BANKNIFTY29SEP2657000PE,57000.0,PE,29SEP2026,470.6,470.6,463.8,463.8,101
2026-08-20 09:27:00,BANKNIFTY29SEP2657100CE,57100.0,CE,29SEP2026,1380.0,1380.0,1371.05,1371.05,3
2026-08-20 09:27:00,BANKNIFTY29SEP2657100PE,57100.0,PE,29SEP2026,504.0,505.35,500.65,501.5,9
2026-08-20 09:27:00,BANKNIFTY29SEP2657200CE,57200.0,CE,29SEP2026,1310.0,1310.0,1310.0,1310.0,1
2026-08-20 09:27:00,BANKNIFTY29SEP2657200PE,57200.0,PE,29SEP2026,537.05,537.65,533.95,535.75,40
2026-08-20 09:27:00,BANKNIFTY29SEP2657300CE,57300.0,CE,29SEP2026,1249.0,1250.0,1249.0,1250.0,7
2026-08-20 09:27:00,BANKNIFTY29SEP2657300PE,57300.0,PE,29SEP2026,571.7,571.95,567.95,569.9,47
2026-08-20 09:27:00,BANKNIFTY29SEP2657400CE,57400.0,CE,29SEP2026,1185.0,1190.0,1180.8,1190.0,5
2026-08-20 09:27:00,BANKNIFTY29SEP2657400PE,57400.0,PE,29SEP2026,605.05,605.2,601.3,602.0,13
2026-08-20 09:27:00,BANKNIFTY29SEP2657500CE,57500.0,CE,29SEP2026,1118.0,1124.8,1117.0,1124.1,100
2026-08-20 09:27:00,BANKNIFTY29SEP2657500PE,57500.0,PE,29SEP2026,635.0,638.35,630.0,632.5,108
2026-08-20 09:28:00,BANKNIFTY29SEP2655500PE,55500.0,PE,29SEP2026,175.0,175.5,172.0,172.2,57
2026-08-20 09:28:00,BANKNIFTY29SEP2656000PE,56000.0,PE,29SEP2026,244.5,245.3,240.0,240.85,151
2026-08-20 09:28:00,BANKNIFTY29SEP2656200PE,56200.0,PE,29SEP2026,277.55,277.55,275.0,275.0,7
2026-08-20 09:28:00,BANKNIFTY29SEP2656300PE,56300.0,PE,29SEP2026,290.65,290.65,290.65,290.65,1
2026-08-20 09:28:00,BANKNIFTY29SEP2656500CE,56500.0,CE,29SEP2026,1825.0,1825.0,1825.0,1825.0,1
2026-08-20 09:28:00,BANKNIFTY29SEP2656500PE,56500.0,PE,29SEP2026,335.7,335.7,330.15,330.35,17
2026-08-20 09:28:00,BANKNIFTY29SEP2656600PE,56600.0,PE,29SEP2026,359.65,359.65,359.6,359.6,2
2026-08-20 09:28:00,BANKNIFTY29SEP2656700PE,56700.0,PE,29SEP2026,380.4,380.4,380.0,380.0,2
2026-08-20 09:28:00,BANKNIFTY29SEP2656800PE,56800.0,PE,29SEP2026,405.0,405.0,405.0,405.0,2
2026-08-20 09:28:00,BANKNIFTY29SEP2657000CE,57000.0,CE,29SEP2026,1455.0,1480.0,1455.0,1479.0,46
2026-08-20 09:28:00,BANKNIFTY29SEP2657000PE,57000.0,PE,29SEP2026,461.45,463.8,455.0,455.0,66
2026-08-20 09:28:00,BANKNIFTY29SEP2657100CE,57100.0,CE,29SEP2026,1399.95,1400.0,1399.45,1399.45,5
2026-08-20 09:28:00,BANKNIFTY29SEP2657100PE,57100.0,PE,29SEP2026,500.0,500.0,490.05,490.1,8
2026-08-20 09:28:00,BANKNIFTY29SEP2657200CE,57200.0,CE,29SEP2026,1318.95,1331.85,1318.95,1331.85,10
2026-08-20 09:28:00,BANKNIFTY29SEP2657200PE,57200.0,PE,29SEP2026,531.1,531.1,522.1,522.35,37
2026-08-20 09:28:00,BANKNIFTY29SEP2657300CE,57300.0,CE,29SEP2026,1258.0,1270.65,1258.0,1270.65,5
2026-08-20 09:28:00,BANKNIFTY29SEP2657300PE,57300.0,PE,29SEP2026,566.95,566.95,554.65,554.65,46
2026-08-20 09:28:00,BANKNIFTY29SEP2657400CE,57400.0,CE,29SEP2026,1190.0,1200.0,1190.0,1200.0,9
2026-08-20 09:28:00,BANKNIFTY29SEP2657400PE,57400.0,PE,29SEP2026,602.0,602.0,591.0,591.0,5
2026-08-20 09:28:00,BANKNIFTY29SEP2657500CE,57500.0,CE,29SEP2026,1124.2,1145.0,1124.2,1141.75,133
2026-08-20 09:28:00,BANKNIFTY29SEP2657500PE,57500.0,PE,29SEP2026,630.0,630.0,615.65,618.0,152
2026-08-20 09:29:00,BANKNIFTY29SEP2655500PE,55500.0,PE,29SEP2026,171.9,176.15,171.85,174.5,12
2026-08-20 09:29:00,BANKNIFTY29SEP2656000CE,56000.0,CE,29SEP2026,2227.2,2227.2,2222.0,2222.0,5
2026-08-20 09:29:00,BANKNIFTY29SEP2656000PE,56000.0,PE,29SEP2026,242.0,248.4,239.95,245.0,144
2026-08-20 09:29:00,BANKNIFTY29SEP2656200PE,56200.0,PE,29SEP2026,277.0,278.6,277.0,278.6,4
2026-08-20 09:29:00,BANKNIFTY29SEP2656500PE,56500.0,PE,29SEP2026,330.45,338.15,330.4,336.95,52
2026-08-20 09:29:00,BANKNIFTY29SEP2656600PE,56600.0,PE,29SEP2026,359.6,359.6,359.6,359.6,1
2026-08-20 09:29:00,BANKNIFTY29SEP2656700PE,56700.0,PE,29SEP2026,385.8,385.85,381.45,381.45,4
2026-08-20 09:29:00,BANKNIFTY29SEP2656800PE,56800.0,PE,29SEP2026,410.0,410.0,410.0,410.0,1
2026-08-20 09:29:00,BANKNIFTY29SEP2656900PE,56900.0,PE,29SEP2026,435.0,435.0,435.0,435.0,2
2026-08-20 09:29:00,BANKNIFTY29SEP2657000CE,57000.0,CE,29SEP2026,1475.0,1475.0,1459.2,1475.0,13
2026-08-20 09:29:00,BANKNIFTY29SEP2657000PE,57000.0,PE,29SEP2026,458.7,466.0,456.25,460.3,75
2026-08-20 09:29:00,BANKNIFTY29SEP2657100CE,57100.0,CE,29SEP2026,1393.7,1393.7,1385.8,1385.8,2
2026-08-20 09:29:00,BANKNIFTY29SEP2657100PE,57100.0,PE,29SEP2026,499.1,500.2,499.1,500.2,2
2026-08-20 09:29:00,BANKNIFTY29SEP2657200CE,57200.0,CE,29SEP2026,1320.35,1320.35,1320.35,1320.35,1
2026-08-20 09:29:00,BANKNIFTY29SEP2657200PE,57200.0,PE,29SEP2026,524.2,534.95,522.65,526.05,50
2026-08-20 09:29:00,BANKNIFTY29SEP2657300CE,57300.0,CE,29SEP2026,1268.3,1268.3,1268.3,1268.3,1
2026-08-20 09:29:00,BANKNIFTY29SEP2657300PE,57300.0,PE,29SEP2026,555.05,567.5,554.6,558.55,51
2026-08-20 09:29:00,BANKNIFTY29SEP2657400CE,57400.0,CE,29SEP2026,1208.2,1210.0,1188.35,1205.0,10
2026-08-20 09:29:00,BANKNIFTY29SEP2657400PE,57400.0,PE,29SEP2026,590.45,602.2,590.45,593.0,11
2026-08-20 09:29:00,BANKNIFTY29SEP2657500CE,57500.0,CE,29SEP2026,1144.95,1145.0,1121.5,1139.5,72
2026-08-20 09:29:00,BANKNIFTY29SEP2657500PE,57500.0,PE,29SEP2026,615.6,630.6,615.6,620.3,107
2026-08-20 09:30:00,BANKNIFTY29SEP2655500PE,55500.0,PE,29SEP2026,173.75,175.25,172.0,173.7,58
2026-08-20 09:30:00,BANKNIFTY29SEP2656000CE,56000.0,CE,29SEP2026,2231.0,2231.0,2222.6,2222.6,2
2026-08-20 09:30:00,BANKNIFTY29SEP2656000PE,56000.0,PE,29SEP2026,242.15,246.0,241.0,242.05,21
2026-08-20 09:30:00,BANKNIFTY29SEP2656300PE,56300.0,PE,29SEP2026,298.0,298.0,298.0,298.0,2
2026-08-20 09:30:00,BANKNIFTY29SEP2656500CE,56500.0,CE,29SEP2026,1835.0,1835.0,1835.0,1835.0,2
2026-08-20 09:30:00,BANKNIFTY29SEP2656500PE,56500.0,PE,29SEP2026,334.15,335.5,330.0,334.05,32
2026-08-20 09:30:00,BANKNIFTY29SEP2656700PE,56700.0,PE,29SEP2026,380.0,380.0,380.0,380.0,1
2026-08-20 09:30:00,BANKNIFTY29SEP2656900CE,56900.0,CE,29SEP2026,1529.75,1529.75,1529.65,1529.65,2
2026-08-20 09:30:00,BANKNIFTY29SEP2657000CE,57000.0,CE,29SEP2026,1475.0,1477.2,1464.0,1467.0,26
2026-08-20 09:30:00,BANKNIFTY29SEP2657000PE,57000.0,PE,29SEP2026,460.15,462.6,457.05,460.3,58
2026-08-20 09:30:00,BANKNIFTY29SEP2657100CE,57100.0,CE,29SEP2026,1394.95,1409.1,1386.95,1409.1,11
2026-08-20 09:30:00,BANKNIFTY29SEP2657100PE,57100.0,PE,29SEP2026,491.15,491.15,490.75,490.75,2
2026-08-20 09:30:00,BANKNIFTY29SEP2657200CE,57200.0,CE,29SEP2026,1327.35,1338.4,1327.35,1329.1,17
2026-08-20 09:30:00,BANKNIFTY29SEP2657200PE,57200.0,PE,29SEP2026,530.05,530.05,523.1,526.1,24
2026-08-20 09:30:00,BANKNIFTY29SEP2657300CE,57300.0,CE,29SEP2026,1274.05,1274.05,1265.95,1265.95,5
2026-08-20 09:30:00,BANKNIFTY29SEP2657300PE,57300.0,PE,29SEP2026,557.2,562.7,555.9,559.0,26
2026-08-20 09:30:00,BANKNIFTY29SEP2657400CE,57400.0,CE,29SEP2026,1205.2,1205.2,1205.15,1205.2,10
2026-08-20 09:30:00,BANKNIFTY29SEP2657400PE,57400.0,PE,29SEP2026,592.55,592.55,590.35,590.55,7
2026-08-20 09:30:00,BANKNIFTY29SEP2657500CE,57500.0,CE,29SEP2026,1139.95,1142.45,1133.0,1138.15,92
2026-08-20 09:30:00,BANKNIFTY29SEP2657500PE,57500.0,PE,29SEP2026,620.5,627.3,617.05,624.9,87
2026-08-20 09:31:00,BANKNIFTY29SEP2655500PE,55500.0,PE,29SEP2026,173.95,174.6,173.15,174.35,22
2026-08-20 09:31:00,BANKNIFTY29SEP2656000CE,56000.0,CE,29SEP2026,2230.0,2241.0,2230.0,2241.0,2
2026-08-20 09:31:00,BANKNIFTY29SEP2656000PE,56000.0,PE,29SEP2026,242.1,245.7,242.05,242.55,26
2026-08-20 09:31:00,BANKNIFTY29SEP2656200PE,56200.0,PE,29SEP2026,276.25,276.25,276.2,276.2,2
2026-08-20 09:31:00,BANKNIFTY29SEP2656500PE,56500.0,PE,29SEP2026,335.65,339.8,333.0,333.0,32
2026-08-20 09:31:00,BANKNIFTY29SEP2657000CE,57000.0,CE,29SEP2026,1465.0,1475.0,1465.0,1475.0,4
2026-08-20 09:31:00,BANKNIFTY29SEP2657000PE,57000.0,PE,29SEP2026,460.15,465.0,459.25,460.3,64
2026-08-20 09:31:00,BANKNIFTY29SEP2657100CE,57100.0,CE,29SEP2026,1401.65,1401.65,1401.0,1401.0,2
2026-08-20 09:31:00,BANKNIFTY29SEP2657100PE,57100.0,PE,29SEP2026,497.9,498.8,495.0,495.0,4
2026-08-20 09:31:00,BANKNIFTY29SEP2657200CE,57200.0,CE,29SEP2026,1329.1,1329.1,1329.1,1329.1,1
2026-08-20 09:31:00,BANKNIFTY29SEP2657200PE,57200.0,PE,29SEP2026,528.75,532.0,525.5,525.5,17
2026-08-20 09:31:00,BANKNIFTY29SEP2657300CE,57300.0,CE,29SEP2026,1265.95,1265.95,1265.95,1265.95,1
2026-08-20 09:31:00,BANKNIFTY29SEP2657300PE,57300.0,PE,29SEP2026,562.2,565.25,559.85,559.85,19
2026-08-20 09:31:00,BANKNIFTY29SEP2657400CE,57400.0,CE,29SEP2026,1200.7,1204.0,1200.0,1204.0,9
2026-08-20 09:31:00,BANKNIFTY29SEP2657400PE,57400.0,PE,29SEP2026,597.1,600.0,591.8,595.0,13
2026-08-20 09:31:00,BANKNIFTY29SEP2657500CE,57500.0,CE,29SEP2026,1134.0,1140.0,1128.05,1140.0,58
2026-08-20 09:31:00,BANKNIFTY29SEP2657500PE,57500.0,PE,29SEP2026,623.2,629.4,618.65,620.5,76
2026-08-20 09:32:00,BANKNIFTY29SEP2655500PE,55500.0,PE,29SEP2026,172.8,173.95,172.0,173.9,24
2026-08-20 09:32:00,BANKNIFTY29SEP2656000CE,56000.0,CE,29SEP2026,2230.0,2230.0,2230.0,2230.0,1
2026-08-20 09:32:00,BANKNIFTY29SEP2656000PE,56000.0,PE,29SEP2026,243.35,243.65,242.55,243.65,15
2026-08-20 09:32:00,BANKNIFTY29SEP2656500PE,56500.0,PE,29SEP2026,334.35,334.4,331.65,332.6,14
2026-08-20 09:32:00,BANKNIFTY29SEP2657000CE,57000.0,CE,29SEP2026,1465.05,1475.0,1462.15,1462.15,8
2026-08-20 09:32:00,BANKNIFTY29SEP2657000PE,57000.0,PE,29SEP2026,460.0,460.25,458.0,460.25,38
2026-08-20 09:32:00,BANKNIFTY29SEP2657100CE,57100.0,CE,29SEP2026,1399.15,1399.15,1399.15,1399.15,1
2026-08-20 09:32:00,BANKNIFTY29SEP2657100PE,57100.0,PE,29SEP2026,495.0,495.8,494.45,494.45,9
2026-08-20 09:32:00,BANKNIFTY29SEP2657200CE,57200.0,CE,29SEP2026,1321.55,1321.55,1321.0,1321.0,7
2026-08-20 09:32:00,BANKNIFTY29SEP2657200PE,57200.0,PE,29SEP2026,526.0,527.45,524.25,527.15,21
2026-08-20 09:32:00,BANKNIFTY29SEP2657300CE,57300.0,CE,29SEP2026,1267.0,1267.0,1267.0,1267.0,1
2026-08-20 09:32:00,BANKNIFTY29SEP2657300PE,57300.0,PE,29SEP2026,558.55,561.95,556.3,558.9,28
2026-08-20 09:32:00,BANKNIFTY29SEP2657400CE,57400.0,CE,29SEP2026,1210.55,1210.55,1210.55,1210.55,1
2026-08-20 09:32:00,BANKNIFTY29SEP2657400PE,57400.0,PE,29SEP2026,592.7,594.65,591.0,593.5,17
2026-08-20 09:32:00,BANKNIFTY29SEP2657500CE,57500.0,CE,29SEP2026,1139.8,1140.0,1130.0,1131.05,56
2026-08-20 09:32:00,BANKNIFTY29SEP2657500PE,57500.0,PE,29SEP2026,620.3,623.4,616.45,621.3,85
2026-08-20 09:33:00,BANKNIFTY29SEP2655500PE,55500.0,PE,29SEP2026,173.85,176.75,173.85,175.15,13
2026-08-20 09:33:00,BANKNIFTY29SEP2656000CE,56000.0,CE,29SEP2026,2230.0,2230.0,2230.0,2230.0,1
2026-08-20 09:33:00,BANKNIFTY29SEP2656000PE,56000.0,PE,29SEP2026,242.1,248.0,241.55,248.0,263
2026-08-20 09:33:00,BANKNIFTY29SEP2656200PE,56200.0,PE,29SEP2026,276.2,276.2,276.15,276.15,3
2026-08-20 09:33:00,BANKNIFTY29SEP2656500PE,56500.0,PE,29SEP2026,334.85,338.25,331.2,336.4,19
2026-08-20 09:33:00,BANKNIFTY29SEP2656600PE,56600.0,PE,29SEP2026,361.05,361.05,361.05,361.05,1
2026-08-20 09:33:00,BANKNIFTY29SEP2656900PE,56900.0,PE,29SEP2026,435.0,435.0,435.0,435.0,1
2026-08-20 09:33:00,BANKNIFTY29SEP2657000CE,57000.0,CE,29SEP2026,1465.0,1465.0,1460.0,1460.0,7
2026-08-20 09:33:00,BANKNIFTY29SEP2657000PE,57000.0,PE,29SEP2026,459.45,464.0,458.55,464.0,73
2026-08-20 09:33:00,BANKNIFTY29SEP2657200PE,57200.0,PE,29SEP2026,525.65,529.65,525.0,529.65,20
2026-08-20 09:33:00,BANKNIFTY29SEP2657300CE,57300.0,CE,29SEP2026,1263.95,1267.0,1263.95,1267.0,2
2026-08-20 09:33:00,BANKNIFTY29SEP2657300PE,57300.0,PE,29SEP2026,557.8,562.5,556.0,562.25,34
2026-08-20 09:33:00,BANKNIFTY29SEP2657400CE,57400.0,CE,29SEP2026,1195.3,1195.3,1195.3,1195.3,1
2026-08-20 09:33:00,BANKNIFTY29SEP2657400PE,57400.0,PE,29SEP2026,595.15,597.8,592.1,597.8,26
2026-08-20 09:33:00,BANKNIFTY29SEP2657500CE,57500.0,CE,29SEP2026,1134.6,1135.0,1123.0,1130.25,49
2026-08-20 09:33:00,BANKNIFTY29SEP2657500PE,57500.0,PE,29SEP2026,623.9,627.5,618.65,624.45,184
2026-08-20 09:34:00,BANKNIFTY29SEP2655500PE,55500.0,PE,29SEP2026,174.05,177.0,173.8,175.8,92
2026-08-20 09:34:00,BANKNIFTY29SEP2656000CE,56000.0,CE,29SEP2026,2225.0,2227.0,2224.65,2227.0,3
2026-08-20 09:34:00,BANKNIFTY29SEP2656000PE,56000.0,PE,29SEP2026,244.65,247.0,243.15,247.0,34
2026-08-20 09:34:00,BANKNIFTY29SEP2656200PE,56200.0,PE,29SEP2026,277.05,277.05,275.0,275.0,7
2026-08-20 09:34:00,BANKNIFTY29SEP2656500PE,56500.0,PE,29SEP2026,335.0,335.0,334.45,334.55,13
2026-08-20 09:34:00,BANKNIFTY29SEP2656800PE,56800.0,PE,29SEP2026,407.3,407.3,407.05,407.05,6
2026-08-20 09:34:00,BANKNIFTY29SEP2656900PE,56900.0,PE,29SEP2026,434.75,435.0,434.65,435.0,5
2026-08-20 09:34:00,BANKNIFTY29SEP2657000CE,57000.0,CE,29SEP2026,1468.0,1468.0,1468.0,1468.0,1
2026-08-20 09:34:00,BANKNIFTY29SEP2657000PE,57000.0,PE,29SEP2026,464.8,465.0,460.0,465.0,22
2026-08-20 09:34:00,BANKNIFTY29SEP2657100CE,57100.0,CE,29SEP2026,1399.1,1399.1,1399.1,1399.1,1
2026-08-20 09:34:00,BANKNIFTY29SEP2657100PE,57100.0,PE,29SEP2026,493.6,493.6,493.45,493.45,2
2026-08-20 09:34:00,BANKNIFTY29SEP2657200CE,57200.0,CE,29SEP2026,1322.7,1330.0,1322.7,1330.0,2
2026-08-20 09:34:00,BANKNIFTY29SEP2657200PE,57200.0,PE,29SEP2026,526.5,532.3,525.25,532.3,19
2026-08-20 09:34:00,BANKNIFTY29SEP2657300CE,57300.0,CE,29SEP2026,1262.0,1262.0,1260.25,1260.25,3
2026-08-20 09:34:00,BANKNIFTY29SEP2657300PE,57300.0,PE,29SEP2026,562.2,565.3,558.3,565.3,51
2026-08-20 09:34:00,BANKNIFTY29SEP2657400PE,57400.0,PE,29SEP2026,593.75,600.85,592.95,600.85,17
2026-08-20 09:34:00,BANKNIFTY29SEP2657500CE,57500.0,CE,29SEP2026,1129.0,1136.5,1123.3,1128.5,66
2026-08-20 09:34:00,BANKNIFTY29SEP2657500PE,57500.0,PE,29SEP2026,626.15,626.15,619.95,626.15,174
2026-08-20 09:35:00,BANKNIFTY29SEP2655500PE,55500.0,PE,29SEP2026,176.3,176.3,173.45,175.7,69
2026-08-20 09:35:00,BANKNIFTY29SEP2656000CE,56000.0,CE,29SEP2026,2227.0,2227.0,2227.0,2227.0,2
2026-08-20 09:35:00,BANKNIFTY29SEP2656000PE,56000.0,PE,29SEP2026,247.3,247.3,243.9,244.25,22
2026-08-20 09:35:00,BANKNIFTY29SEP2656300PE,56300.0,PE,29SEP2026,298.0,298.0,298.0,298.0,1
2026-08-20 09:35:00,BANKNIFTY29SEP2656500PE,56500.0,PE,29SEP2026,339.7,339.75,333.0,337.95,65
2026-08-20 09:35:00,BANKNIFTY29SEP2656600PE,56600.0,PE,29SEP2026,361.35,361.35,360.0,360.4,14
2026-08-20 09:35:00,BANKNIFTY29SEP2656700PE,56700.0,PE,29SEP2026,384.5,384.5,384.5,384.5,1
2026-08-20 09:35:00,BANKNIFTY29SEP2656800PE,56800.0,PE,29SEP2026,413.75,413.75,413.75,413.75,1
2026-08-20 09:35:00,BANKNIFTY29SEP2656900PE,56900.0,PE,29SEP2026,435.0,435.0,435.0,435.0,1
2026-08-20 09:35:00,BANKNIFTY29SEP2657000CE,57000.0,CE,29SEP2026,1450.75,1469.95,1450.75,1468.0,38
2026-08-20 09:35:00,BANKNIFTY29SEP2657000PE,57000.0,PE,29SEP2026,465.0,465.0,458.55,460.0,75
2026-08-20 09:35:00,BANKNIFTY29SEP2657100CE,57100.0,CE,29SEP2026,1399.05,1399.1,1399.05,1399.1,4
2026-08-20 09:35:00,BANKNIFTY29SEP2657100PE,57100.0,PE,29SEP2026,494.2,494.2,494.2,494.2,1
2026-08-20 09:35:00,BANKNIFTY29SEP2657200CE,57200.0,CE,29SEP2026,1330.0,1330.0,1330.0,1330.0,1
2026-08-20 09:35:00,BANKNIFTY29SEP2657200PE,57200.0,PE,29SEP2026,525.85,530.15,525.2,530.15,7
2026-08-20 09:35:00,BANKNIFTY29SEP2657300CE,57300.0,CE,29SEP2026,1262.55,1263.0,1262.55,1263.0,2
2026-08-20 09:35:00,BANKNIFTY29SEP2657300PE,57300.0,PE,29SEP2026,563.6,563.6,557.35,557.35,15
2026-08-20 09:35:00,BANKNIFTY29SEP2657400CE,57400.0,CE,29SEP2026,1195.3,1195.3,1195.3,1195.3,4
2026-08-20 09:35:00,BANKNIFTY29SEP2657400PE,57400.0,PE,29SEP2026,593.1,596.75,593.0,595.8,27
2026-08-20 09:35:00,BANKNIFTY29SEP2657500CE,57500.0,CE,29SEP2026,1123.0,1137.9,1123.0,1130.05,50
2026-08-20 09:35:00,BANKNIFTY29SEP2657500PE,57500.0,PE,29SEP2026,626.95,629.0,619.75,625.25,91
2026-08-20 09:36:00,BANKNIFTY29SEP2655500PE,55500.0,PE,29SEP2026,175.5,175.5,175.5,175.5,1
2026-08-20 09:36:00,BANKNIFTY29SEP2656000CE,56000.0,CE,29SEP2026,2219.8,2219.8,2219.8,2219.8,1
2026-08-20 09:36:00,BANKNIFTY29SEP2656000PE,56000.0,PE,29SEP2026,245.0,245.0,243.0,243.0,26
2026-08-20 09:36:00,BANKNIFTY29SEP2656200PE,56200.0,PE,29SEP2026,275.55,275.55,275.55,275.55,1
2026-08-20 09:36:00,BANKNIFTY29SEP2656500PE,56500.0,PE,29SEP2026,336.9,337.15,334.0,334.15,23
2026-08-20 09:36:00,BANKNIFTY29SEP2656700CE,56700.0,CE,29SEP2026,1673.65,1673.65,1673.05,1673.05,10
2026-08-20 09:36:00,BANKNIFTY29SEP2657000CE,57000.0,CE,29SEP2026,1465.0,1465.0,1465.0,1465.0,14
2026-08-20 09:36:00,BANKNIFTY29SEP2657000PE,57000.0,PE,29SEP2026,460.0,462.25,460.0,460.05,20
2026-08-20 09:36:00,BANKNIFTY29SEP2657100PE,57100.0,PE,29SEP2026,495.15,497.0,495.1,497.0,3
2026-08-20 09:36:00,BANKNIFTY29SEP2657200PE,57200.0,PE,29SEP2026,527.0,527.0,524.8,524.8,7
2026-08-20 09:36:00,BANKNIFTY29SEP2657300CE,57300.0,CE,29SEP2026,1262.4,1262.4,1262.4,1262.4,1
2026-08-20 09:36:00,BANKNIFTY29SEP2657300PE,57300.0,PE,29SEP2026,560.45,560.45,557.95,557.95,23
2026-08-20 09:36:00,BANKNIFTY29SEP2657400CE,57400.0,CE,29SEP2026,1195.3,1195.3,1195.3,1195.3,1
2026-08-20 09:36:00,BANKNIFTY29SEP2657400PE,57400.0,PE,29SEP2026,595.15,597.5,593.65,594.0,9
2026-08-20 09:36:00,BANKNIFTY29SEP2657500CE,57500.0,CE,29SEP2026,1130.0,1135.3,1130.0,1135.3,26
2026-08-20 09:36:00,BANKNIFTY29SEP2657500PE,57500.0,PE,29SEP2026,626.15,626.3,621.15,621.15,51
2026-08-20 09:37:00,BANKNIFTY29SEP2655500PE,55500.0,PE,29SEP2026,173.45,178.75,172.65,178.75,43
2026-08-20 09:37:00,BANKNIFTY29SEP2656000CE,56000.0,CE,29SEP2026,2226.5,2226.5,2222.6,2222.6,3
2026-08-20 09:37:00,BANKNIFTY29SEP2656000PE,56000.0,PE,29SEP2026,243.0,249.0,243.0,248.95,150
2026-08-20 09:37:00,BANKNIFTY29SEP2656200PE,56200.0,PE,29SEP2026,277.85,277.95,277.85,277.95,4
2026-08-20 09:37:00,BANKNIFTY29SEP2656300PE,56300.0,PE,29SEP2026,296.9,296.9,296.9,296.9,1
2026-08-20 09:37:00,BANKNIFTY29SEP2656500CE,56500.0,CE,29SEP2026,1827.75,1827.75,1825.0,1825.0,2
2026-08-20 09:37:00,BANKNIFTY29SEP2656500PE,56500.0,PE,29SEP2026,334.1,342.85,333.65,342.85,103
2026-08-20 09:37:00,BANKNIFTY29SEP2656600PE,56600.0,PE,29SEP2026,358.8,358.95,358.8,358.95,2
2026-08-20 09:37:00,BANKNIFTY29SEP2656700CE,56700.0,CE,29SEP2026,1672.35,1674.7,1672.35,1673.85,40
2026-08-20 09:37:00,BANKNIFTY29SEP2656700PE,56700.0,PE,29SEP2026,387.75,390.0,387.75,390.0,2
2026-08-20 09:37:00,BANKNIFTY29SEP2656800PE,56800.0,PE,29SEP2026,408.75,416.25,408.75,416.2,9
2026-08-20 09:37:00,BANKNIFTY29SEP2656900PE,56900.0,PE,29SEP2026,435.15,440.2,435.15,440.2,8
2026-08-20 09:37:00,BANKNIFTY29SEP2657000CE,57000.0,CE,29SEP2026,1465.0,1474.55,1461.2,1461.2,30
2026-08-20 09:37:00,BANKNIFTY29SEP2657000PE,57000.0,PE,29SEP2026,460.05,470.2,458.55,468.0,143
2026-08-20 09:37:00,BANKNIFTY29SEP2657100CE,57100.0,CE,29SEP2026,1394.0,1394.0,1393.95,1393.95,6
2026-08-20 09:37:00,BANKNIFTY29SEP2657100PE,57100.0,PE,29SEP2026,495.35,509.0,494.3,501.6,175
2026-08-20 09:37:00,BANKNIFTY29SEP2657200CE,57200.0,CE,29SEP2026,1327.95,1329.9,1327.95,1329.85,3
2026-08-20 09:37:00,BANKNIFTY29SEP2657200PE,57200.0,PE,29SEP2026,525.1,540.4,522.7,535.15,468
2026-08-20 09:37:00,BANKNIFTY29SEP2657300CE,57300.0,CE,29SEP2026,1263.2,1265.25,1258.55,1260.0,9
2026-08-20 09:37:00,BANKNIFTY29SEP2657300PE,57300.0,PE,29SEP2026,557.85,575.0,556.45,568.0,1029
2026-08-20 09:37:00,BANKNIFTY29SEP2657400CE,57400.0,CE,29SEP2026,1198.95,1203.85,1192.65,1195.05,26
2026-08-20 09:37:00,BANKNIFTY29SEP2657400PE,57400.0,PE,29SEP2026,592.5,605.05,590.6,601.25,128
2026-08-20 09:37:00,BANKNIFTY29SEP2657500CE,57500.0,CE,29SEP2026,1134.2,1137.95,1125.1,1134.45,233
2026-08-20 09:37:00,BANKNIFTY29SEP2657500PE,57500.0,PE,29SEP2026,620.65,636.4,617.4,628.7,490
2026-08-20 09:38:00,BANKNIFTY29SEP2655500PE,55500.0,PE,29SEP2026,176.95,178.6,176.95,178.0,11
2026-08-20 09:38:00,BANKNIFTY29SEP2656000CE,56000.0,CE,29SEP2026,2230.0,2230.0,2230.0,2230.0,1
2026-08-20 09:38:00,BANKNIFTY29SEP2656000PE,56000.0,PE,29SEP2026,248.15,248.15,245.95,247.25,9
2026-08-20 09:38:00,BANKNIFTY29SEP2656500PE,56500.0,PE,29SEP2026,339.65,340.8,338.5,339.75,7
2026-08-20 09:38:00,BANKNIFTY29SEP2656600PE,56600.0,PE,29SEP2026,362.45,364.15,362.45,364.15,3
2026-08-20 09:38:00,BANKNIFTY29SEP2656800CE,56800.0,CE,29SEP2026,1630.9,1630.9,1630.9,1630.9,1
2026-08-20 09:38:00,BANKNIFTY29SEP2656800PE,56800.0,PE,29SEP2026,414.0,414.0,413.65,413.65,5
2026-08-20 09:38:00,BANKNIFTY29SEP2657000CE,57000.0,CE,29SEP2026,1470.0,1473.95,1464.35,1468.0,22
2026-08-20 09:38:00,BANKNIFTY29SEP2657000PE,57000.0,PE,29SEP2026,464.8,467.9,463.5,464.95,22
2026-08-20 09:38:00,BANKNIFTY29SEP2657100PE,57100.0,PE,29SEP2026,499.15,503.7,498.0,501.15,8
2026-08-20 09:38:00,BANKNIFTY29SEP2657200PE,57200.0,PE,29SEP2026,532.15,534.8,530.75,530.85,24
2026-08-20 09:38:00,BANKNIFTY29SEP2657300PE,57300.0,PE,29SEP2026,566.25,569.15,558.2,565.05,72
2026-08-20 09:38:00,BANKNIFTY29SEP2657500CE,57500.0,CE,29SEP2026,1135.35,1136.9,1130.5,1136.5,23
2026-08-20 09:38:00,BANKNIFTY29SEP2657500PE,57500.0,PE,29SEP2026,628.9,631.0,623.85,623.85,86
2026-08-20 09:39:00,BANKNIFTY29SEP2655500PE,55500.0,PE,29SEP2026,177.55,177.55,177.35,177.35,6
2026-08-20 09:39:00,BANKNIFTY29SEP2656000CE,56000.0,CE,29SEP2026,2230.0,2239.95,2230.0,2239.95,3
2026-08-20 09:39:00,BANKNIFTY29SEP2656000PE,56000.0,PE,29SEP2026,245.65,249.05,245.65,248.0,15
2026-08-20 09:39:00,BANKNIFTY29SEP2656200PE,56200.0,PE,29SEP2026,282.8,283.25,282.8,283.25,2
2026-08-20 09:39:00,BANKNIFTY29SEP2656500CE,56500.0,CE,29SEP2026,1830.3,1830.3,1830.25,1830.25,2
2026-08-20 09:39:00,BANKNIFTY29SEP2656500PE,56500.0,PE,29SEP2026,338.0,339.95,337.0,337.0,15
2026-08-20 09:39:00,BANKNIFTY29SEP2656600PE,56600.0,PE,29SEP2026,360.25,360.25,359.6,359.6,5
2026-08-20 09:39:00,BANKNIFTY29SEP2656700CE,56700.0,CE,29SEP2026,1675.1,1675.1,1670.05,1670.05,35
2026-08-20 09:39:00,BANKNIFTY29SEP2656700PE,56700.0,PE,29SEP2026,382.85,382.85,382.8,382.8,2
2026-08-20 09:39:00,BANKNIFTY29SEP2656800PE,56800.0,PE,29SEP2026,411.65,411.65,410.6,410.6,3
2026-08-20 09:39:00,BANKNIFTY29SEP2657000CE,57000.0,CE,29SEP2026,1466.05,1466.05,1466.0,1466.0,3
2026-08-20 09:39:00,BANKNIFTY29SEP2657000PE,57000.0,PE,29SEP2026,461.5,466.5,461.35,461.35,59
2026-08-20 09:39:00,BANKNIFTY29SEP2657100PE,57100.0,PE,29SEP2026,498.55,500.0,498.4,498.7,8
2026-08-20 09:39:00,BANKNIFTY29SEP2657200CE,57200.0,CE,29SEP2026,1330.35,1330.35,1330.35,1330.35,1
2026-08-20 09:39:00,BANKNIFTY29SEP2657200PE,57200.0,PE,29SEP2026,530.8,534.1,529.35,529.35,34
2026-08-20 09:39:00,BANKNIFTY29SEP2657300CE,57300.0,CE,29SEP2026,1260.0,1260.0,1260.0,1260.0,4
2026-08-20 09:39:00,BANKNIFTY29SEP2657300PE,57300.0,PE,29SEP2026,566.1,567.35,562.1,562.25,69
2026-08-20 09:39:00,BANKNIFTY29SEP2657400CE,57400.0,CE,29SEP2026,1195.35,1198.2,1190.0,1198.2,8
2026-08-20 09:39:00,BANKNIFTY29SEP2657400PE,57400.0,PE,29SEP2026,598.05,599.8,596.1,597.2,12
2026-08-20 09:39:00,BANKNIFTY29SEP2657500CE,57500.0,CE,29SEP2026,1137.25,1138.0,1131.95,1138.0,16
2026-08-20 09:39:00,BANKNIFTY29SEP2657500PE,57500.0,PE,29SEP2026,626.15,628.55,623.0,623.0,92
2026-08-20 09:40:00,BANKNIFTY29SEP2655500CE,55500.0,CE,29SEP2026,2656.9,2656.9,2656.9,2656.9,1
2026-08-20 09:40:00,BANKNIFTY29SEP2655500PE,55500.0,PE,29SEP2026,175.25,178.15,175.25,178.15,12
2026-08-20 09:40:00,BANKNIFTY29SEP2656000CE,56000.0,CE,29SEP2026,2239.95,2240.0,2239.95,2240.0,4
2026-08-20 09:40:00,BANKNIFTY29SEP2656000PE,56000.0,PE,29SEP2026,244.95,247.75,243.8,243.8,44
2026-08-20 09:40:00,BANKNIFTY29SEP2656200PE,56200.0,PE,29SEP2026,278.7,278.7,278.7,278.7,1
2026-08-20 09:40:00,BANKNIFTY29SEP2656500CE,56500.0,CE,29SEP2026,1849.95,1850.0,1849.95,1850.0,2
2026-08-20 09:40:00,BANKNIFTY29SEP2656500PE,56500.0,PE,29SEP2026,338.25,340.8,334.1,334.1,31
2026-08-20 09:40:00,BANKNIFTY29SEP2656700CE,56700.0,CE,29SEP2026,1660.3,1689.95,1660.15,1689.95,6
2026-08-20 09:40:00,BANKNIFTY29SEP2656700PE,56700.0,PE,29SEP2026,385.0,388.0,382.4,382.4,6
2026-08-20 09:40:00,BANKNIFTY29SEP2656800PE,56800.0,PE,29SEP2026,414.25,414.3,414.25,414.3,3
2026-08-20 09:40:00,BANKNIFTY29SEP2656900CE,56900.0,CE,29SEP2026,1554.1,1554.1,1554.1,1554.1,1
2026-08-20 09:40:00,BANKNIFTY29SEP2656900PE,56900.0,PE,29SEP2026,436.35,436.35,436.35,436.35,1
2026-08-20 09:40:00,BANKNIFTY29SEP2657000CE,57000.0,CE,29SEP2026,1470.0,1480.0,1466.0,1480.0,18
2026-08-20 09:40:00,BANKNIFTY29SEP2657000PE,57000.0,PE,29SEP2026,461.0,471.05,458.55,459.25,124
2026-08-20 09:40:00,BANKNIFTY29SEP2657100CE,57100.0,CE,29SEP2026,1406.95,1422.0,1406.95,1408.1,11
2026-08-20 09:40:00,BANKNIFTY29SEP2657100PE,57100.0,PE,29SEP2026,496.1,509.75,496.1,500.95,74
2026-08-20 09:40:00,BANKNIFTY29SEP2657200CE,57200.0,CE,29SEP2026,1328.55,1339.7,1328.55,1339.25,19
2026-08-20 09:40:00,BANKNIFTY29SEP2657200PE,57200.0,PE,29SEP2026,527.65,540.0,527.65,529.15,520
2026-08-20 09:40:00,BANKNIFTY29SEP2657300CE,57300.0,CE,29SEP2026,1270.0,1278.0,1266.0,1278.0,9
2026-08-20 09:40:00,BANKNIFTY29SEP2657300PE,57300.0,PE,29SEP2026,560.2,567.55,558.05,558.1,469
2026-08-20 09:40:00,BANKNIFTY29SEP2657400CE,57400.0,CE,29SEP2026,1197.7,1207.3,1197.6,1207.3,8
2026-08-20 09:40:00,BANKNIFTY29SEP2657400PE,57400.0,PE,29SEP2026,597.65,605.0,591.7,591.7,289
2026-08-20 09:40:00,BANKNIFTY29SEP2657500CE,57500.0,CE,29SEP2026,1137.85,1148.9,1132.1,1148.9,177
2026-08-20 09:40:00,BANKNIFTY29SEP2657500PE,57500.0,PE,29SEP2026,622.0,633.55,618.55,618.55,302
2026-08-20 09:41:00,BANKNIFTY29SEP2655500PE,55500.0,PE,29SEP2026,175.0,175.1,174.0,175.1,3
2026-08-20 09:41:00,BANKNIFTY29SEP2656000CE,56000.0,CE,29SEP2026,2250.0,2261.8,2250.0,2261.8,3
2026-08-20 09:41:00,BANKNIFTY29SEP2656000PE,56000.0,PE,29SEP2026,243.4,243.4,241.3,241.3,56
2026-08-20 09:41:00,BANKNIFTY29SEP2656200PE,56200.0,PE,29SEP2026,275.6,275.6,275.0,275.0,2
2026-08-20 09:41:00,BANKNIFTY29SEP2656300PE,56300.0,PE,29SEP2026,295.0,295.0,295.0,295.0,1
2026-08-20 09:41:00,BANKNIFTY29SEP2656500CE,56500.0,CE,29SEP2026,1850.0,1850.0,1849.2,1850.0,13
2026-08-20 09:41:00,BANKNIFTY29SEP2656500PE,56500.0,PE,29SEP2026,334.25,335.4,332.0,332.1,39
2026-08-20 09:41:00,BANKNIFTY29SEP2656700CE,56700.0,CE,29SEP2026,1700.0,1700.0,1700.0,1700.0,1
2026-08-20 09:41:00,BANKNIFTY29SEP2656800CE,56800.0,CE,29SEP2026,1630.95,1630.95,1630.9,1630.9,2
2026-08-20 09:41:00,BANKNIFTY29SEP2657000CE,57000.0,CE,29SEP2026,1481.0,1492.0,1481.0,1481.95,23
2026-08-20 09:41:00,BANKNIFTY29SEP2657000PE,57000.0,PE,29SEP2026,458.15,458.15,456.0,457.75,71
2026-08-20 09:41:00,BANKNIFTY29SEP2657100PE,57100.0,PE,29SEP2026,493.05,494.6,489.9,489.9,33
2026-08-20 09:41:00,BANKNIFTY29SEP2657200PE,57200.0,PE,29SEP2026,525.75,528.0,521.85,521.85,69
2026-08-20 09:41:00,BANKNIFTY29SEP2657300CE,57300.0,CE,29SEP2026,1276.0,1280.0,1276.0,1280.0,2
2026-08-20 09:41:00,BANKNIFTY29SEP2657300PE,57300.0,PE,29SEP2026,559.3,559.3,556.25,556.25,35
2026-08-20 09:41:00,BANKNIFTY29SEP2657400CE,57400.0,CE,29SEP2026,1217.55,1217.65,1209.45,1209.45,3
2026-08-20 09:41:00,BANKNIFTY29SEP2657400PE,57400.0,PE,29SEP2026,590.85,594.3,588.45,589.75,50
2026-08-20 09:41:00,BANKNIFTY29SEP2657500CE,57500.0,CE,29SEP2026,1146.15,1150.0,1143.05,1148.2,67
2026-08-20 09:41:00,BANKNIFTY29SEP2657500PE,57500.0,PE,29SEP2026,620.45,620.45,615.45,615.45,108
2026-08-20 09:42:00,BANKNIFTY29SEP2655500PE,55500.0,PE,29SEP2026,174.7,174.75,173.1,173.1,20
2026-08-20 09:42:00,BANKNIFTY29SEP2656000CE,56000.0,CE,29SEP2026,2243.0,2243.0,2243.0,2243.0,1
2026-08-20 09:42:00,BANKNIFTY29SEP2656000PE,56000.0,PE,29SEP2026,242.45,242.5,240.9,241.05,21
2026-08-20 09:42:00,BANKNIFTY29SEP2656500PE,56500.0,PE,29SEP2026,331.25,332.95,331.25,332.8,6
2026-08-20 09:42:00,BANKNIFTY29SEP2656700PE,56700.0,PE,29SEP2026,376.65,376.65,376.6,376.6,2
2026-08-20 09:42:00,BANKNIFTY29SEP2656800PE,56800.0,PE,29SEP2026,406.0,406.0,406.0,406.0,1
2026-08-20 09:42:00,BANKNIFTY29SEP2656900PE,56900.0,PE,29SEP2026,434.95,434.95,434.95,434.95,1
2026-08-20 09:42:00,BANKNIFTY29SEP2657000CE,57000.0,CE,29SEP2026,1485.0,1485.0,1482.0,1482.0,5
2026-08-20 09:42:00,BANKNIFTY29SEP2657000PE,57000.0,PE,29SEP2026,457.45,458.85,456.0,456.15,20
2026-08-20 09:42:00,BANKNIFTY29SEP2657100PE,57100.0,PE,29SEP2026,491.9,492.25,490.9,491.65,12
2026-08-20 09:42:00,BANKNIFTY29SEP2657200PE,57200.0,PE,29SEP2026,521.15,523.8,520.0,520.0,35
2026-08-20 09:42:00,BANKNIFTY29SEP2657300CE,57300.0,CE,29SEP2026,1280.0,1284.45,1280.0,1284.45,3
2026-08-20 09:42:00,BANKNIFTY29SEP2657300PE,57300.0,PE,29SEP2026,556.0,558.3,554.3,554.75,15
2026-08-20 09:42:00,BANKNIFTY29SEP2657400CE,57400.0,CE,29SEP2026,1215.0,1218.0,1215.0,1218.0,12
2026-08-20 09:42:00,BANKNIFTY29SEP2657400PE,57400.0,PE,29SEP2026,587.25,592.85,587.25,589.15,31
2026-08-20 09:42:00,BANKNIFTY29SEP2657500CE,57500.0,CE,29SEP2026,1148.4,1150.0,1146.45,1149.0,56
2026-08-20 09:42:00,BANKNIFTY29SEP2657500PE,57500.0,PE,29SEP2026,615.05,617.95,615.0,616.55,89
2026-08-20 09:43:00,BANKNIFTY29SEP2655500PE,55500.0,PE,29SEP2026,173.3,173.35,171.0,171.0,31
2026-08-20 09:43:00,BANKNIFTY29SEP2656000PE,56000.0,PE,29SEP2026,241.05,242.05,238.0,238.0,62
2026-08-20 09:43:00,BANKNIFTY29SEP2656200PE,56200.0,PE,29SEP2026,270.05,270.05,270.05,270.05,1
2026-08-20 09:43:00,BANKNIFTY29SEP2656500PE,56500.0,PE,29SEP2026,330.6,330.8,325.0,325.0,26
2026-08-20 09:43:00,BANKNIFTY29SEP2656700CE,56700.0,CE,29SEP2026,1687.6,1687.6,1687.45,1687.45,5
2026-08-20 09:43:00,BANKNIFTY29SEP2656700PE,56700.0,PE,29SEP2026,374.45,374.45,374.4,374.4,2
2026-08-20 09:43:00,BANKNIFTY29SEP2656800CE,56800.0,CE,29SEP2026,1630.0,1630.0,1630.0,1630.0,4
2026-08-20 09:43:00,BANKNIFTY29SEP2656800PE,56800.0,PE,29SEP2026,404.8,404.8,404.65,404.65,4
2026-08-20 09:43:00,BANKNIFTY29SEP2657000CE,57000.0,CE,29SEP2026,1490.0,1509.85,1490.0,1509.85,43
2026-08-20 09:43:00,BANKNIFTY29SEP2657000PE,57000.0,PE,29SEP2026,458.0,458.25,448.0,448.0,131
2026-08-20 09:43:00,BANKNIFTY29SEP2657100CE,57100.0,CE,29SEP2026,1418.0,1420.0,1418.0,1418.0,6
2026-08-20 09:43:00,BANKNIFTY29SEP2657100PE,57100.0,PE,29SEP2026,491.55,492.05,485.1,485.1,14
2026-08-20 09:43:00,BANKNIFTY29SEP2657200CE,57200.0,CE,29SEP2026,1340.05,1358.8,1339.85,1358.8,6
2026-08-20 09:43:00,BANKNIFTY29SEP2657200PE,57200.0,PE,29SEP2026,523.75,523.75,514.25,514.25,8
2026-08-20 09:43:00,BANKNIFTY29SEP2657300CE,57300.0,CE,29SEP2026,1285.0,1296.0,1285.0,1296.0,4
2026-08-20 09:43:00,BANKNIFTY29SEP2657300PE,57300.0,PE,29SEP2026,554.9,555.05,543.95,543.95,24
2026-08-20 09:43:00,BANKNIFTY29SEP2657400CE,57400.0,CE,29SEP2026,1208.05,1230.0,1207.95,1230.0,13
2026-08-20 09:43:00,BANKNIFTY29SEP2657400PE,57400.0,PE,29SEP2026,588.35,589.25,579.0,579.0,31
2026-08-20 09:43:00,BANKNIFTY29SEP2657500CE,57500.0,CE,29SEP2026,1142.7,1168.5,1142.7,1167.65,180
2026-08-20 09:43:00,BANKNIFTY29SEP2657500PE,57500.0,PE,29SEP2026,618.35,618.35,602.05,602.1,224
2026-08-20 09:44:00,BANKNIFTY29SEP2655500CE,55500.0,CE,29SEP2026,2702.05,2702.05,2702.05,2702.05,1
2026-08-20 09:44:00,BANKNIFTY29SEP2655500PE,55500.0,PE,29SEP2026,171.15,171.55,169.0,169.0,82
2026-08-20 09:44:00,BANKNIFTY29SEP2656000CE,56000.0,CE,29SEP2026,2280.0,2280.0,2280.0,2280.0,1
2026-08-20 09:44:00,BANKNIFTY29SEP2656000PE,56000.0,PE,29SEP2026,237.05,237.4,235.0,235.0,12
2026-08-20 09:44:00,BANKNIFTY29SEP2656200PE,56200.0,PE,29SEP2026,270.05,270.05,270.0,270.0,6
2026-08-20 09:44:00,BANKNIFTY29SEP2656500PE,56500.0,PE,29SEP2026,325.0,325.95,322.05,322.05,28
2026-08-20 09:44:00,BANKNIFTY29SEP2656700PE,56700.0,PE,29SEP2026,365.0,365.0,364.9,364.9,2
2026-08-20 09:44:00,BANKNIFTY29SEP2657000CE,57000.0,CE,29SEP2026,1506.25,1520.0,1503.25,1520.0,36
2026-08-20 09:44:00,BANKNIFTY29SEP2657000PE,57000.0,PE,29SEP2026,446.75,446.75,441.65,441.65,75
2026-08-20 09:44:00,BANKNIFTY29SEP2657100CE,57100.0,CE,29SEP2026,1430.0,1430.0,1430.0,1430.0,1
2026-08-20 09:44:00,BANKNIFTY29SEP2657100PE,57100.0,PE,29SEP2026,480.9,480.95,474.7,476.7,30
2026-08-20 09:44:00,BANKNIFTY29SEP2657200CE,57200.0,CE,29SEP2026,1370.0,1370.0,1369.95,1369.95,2
2026-08-20 09:44:00,BANKNIFTY29SEP2657200PE,57200.0,PE,29SEP2026,513.95,513.95,505.65,507.55,32
2026-08-20 09:44:00,BANKNIFTY29SEP2657300CE,57300.0,CE,29SEP2026,1300.0,1305.0,1295.95,1305.0,3
2026-08-20 09:44:00,BANKNIFTY29SEP2657300PE,57300.0,PE,29SEP2026,545.65,545.65,536.65,536.9,44
2026-08-20 09:44:00,BANKNIFTY29SEP2657400CE,57400.0,CE,29SEP2026,1241.65,1245.0,1241.65,1245.0,12
2026-08-20 09:44:00,BANKNIFTY29SEP2657400PE,57400.0,PE,29SEP2026,579.25,579.25,571.25,571.25,28
2026-08-20 09:44:00,BANKNIFTY29SEP2657500CE,57500.0,CE,29SEP2026,1163.95,1181.95,1163.95,1178.35,76
2026-08-20 09:44:00,BANKNIFTY29SEP2657500PE,57500.0,PE,29SEP2026,605.7,605.75,595.9,595.9,121
2026-08-20 09:45:00,BANKNIFTY29SEP2655500PE,55500.0,PE,29SEP2026,168.05,169.45,168.0,168.9,53
2026-08-20 09:45:00,BANKNIFTY29SEP2656000CE,56000.0,CE,29SEP2026,2280.2,2293.0,2280.2,2293.0,3
2026-08-20 09:45:00,BANKNIFTY29SEP2656000PE,56000.0,PE,29SEP2026,232.75,235.95,232.75,235.1,23
2026-08-20 09:45:00,BANKNIFTY29SEP2656200PE,56200.0,PE,29SEP2026,264.25,264.25,264.2,264.2,2
2026-08-20 09:45:00,BANKNIFTY29SEP2656300PE,56300.0,PE,29SEP2026,281.85,281.85,281.85,281.85,1
2026-08-20 09:45:00,BANKNIFTY29SEP2656500PE,56500.0,PE,29SEP2026,322.0,323.2,320.1,320.7,34
2026-08-20 09:45:00,BANKNIFTY29SEP2656700CE,56700.0,CE,29SEP2026,1705.3,1733.95,1705.15,1717.6,32
2026-08-20 09:45:00,BANKNIFTY29SEP2656700PE,56700.0,PE,29SEP2026,370.0,370.0,366.15,366.15,9
2026-08-20 09:45:00,BANKNIFTY29SEP2656800PE,56800.0,PE,29SEP2026,394.7,394.7,391.0,391.0,2
2026-08-20 09:45:00,BANKNIFTY29SEP2656900PE,56900.0,PE,29SEP2026,415.45,415.45,415.45,415.45,1
2026-08-20 09:45:00,BANKNIFTY29SEP2657000CE,57000.0,CE,29SEP2026,1521.0,1521.0,1510.25,1514.2,25
2026-08-20 09:45:00,BANKNIFTY29SEP2657000PE,57000.0,PE,29SEP2026,444.9,446.75,442.3,442.3,35
2026-08-20 09:45:00,BANKNIFTY29SEP2657100CE,57100.0,CE,29SEP2026,1450.0,1450.0,1436.8,1436.8,3
2026-08-20 09:45:00,BANKNIFTY29SEP2657100PE,57100.0,PE,29SEP2026,474.5,478.7,474.5,475.5,6
2026-08-20 09:45:00,BANKNIFTY29SEP2657200CE,57200.0,CE,29SEP2026,1372.95,1375.0,1364.85,1375.0,7
2026-08-20 09:45:00,BANKNIFTY29SEP2657200PE,57200.0,PE,29SEP2026,505.85,510.15,505.85,509.1,20
2026-08-20 09:45:00,BANKNIFTY29SEP2657300CE,57300.0,CE,29SEP2026,1301.4,1301.4,1301.4,1301.4,1
2026-08-20 09:45:00,BANKNIFTY29SEP2657300PE,57300.0,PE,29SEP2026,536.15,542.6,536.15,538.25,36
2026-08-20 09:45:00,BANKNIFTY29SEP2657400CE,57400.0,CE,29SEP2026,1249.95,1249.95,1237.75,1238.25,3
2026-08-20 09:45:00,BANKNIFTY29SEP2657400PE,57400.0,PE,29SEP2026,570.85,575.7,570.85,571.45,24
2026-08-20 09:45:00,BANKNIFTY29SEP2657500CE,57500.0,CE,29SEP2026,1178.0,1184.0,1170.05,1178.95,60
2026-08-20 09:45:00,BANKNIFTY29SEP2657500PE,57500.0,PE,29SEP2026,595.65,603.55,594.4,600.4,53
2026-08-20 09:46:00,BANKNIFTY29SEP2655500PE,55500.0,PE,29SEP2026,169.15,169.15,167.0,168.9,64
2026-08-20 09:46:00,BANKNIFTY29SEP2656000PE,56000.0,PE,29SEP2026,234.85,235.55,233.95,234.35,40
2026-08-20 09:46:00,BANKNIFTY29SEP2656200PE,56200.0,PE,29SEP2026,268.65,268.75,268.65,268.75,2
2026-08-20 09:46:00,BANKNIFTY29SEP2656500PE,56500.0,PE,29SEP2026,322.55,323.5,321.25,322.25,19
2026-08-20 09:46:00,BANKNIFTY29SEP2656700CE,56700.0,CE,29SEP2026,1719.0,1719.0,1702.05,1702.05,56
2026-08-20 09:46:00,BANKNIFTY29SEP2656700PE,56700.0,PE,29SEP2026,364.85,365.8,364.75,365.8,13
2026-08-20 09:46:00,BANKNIFTY29SEP2656800PE,56800.0,PE,29SEP2026,395.5,395.5,395.5,395.5,1
2026-08-20 09:46:00,BANKNIFTY29SEP2656900PE,56900.0,PE,29SEP2026,418.0,418.0,418.0,418.0,1
2026-08-20 09:46:00,BANKNIFTY29SEP2657000CE,57000.0,CE,29SEP2026,1514.0,1514.0,1511.85,1511.85,14
2026-08-20 09:46:00,BANKNIFTY29SEP2657000PE,57000.0,PE,29SEP2026,445.0,445.75,442.85,444.65,73
2026-08-20 09:46:00,BANKNIFTY29SEP2657100PE,57100.0,PE,29SEP2026,476.35,476.35,476.2,476.2,4
2026-08-20 09:46:00,BANKNIFTY29SEP2657200CE,57200.0,CE,29SEP2026,1363.15,1375.0,1363.1,1375.0,3
2026-08-20 09:46:00,BANKNIFTY29SEP2657200PE,57200.0,PE,29SEP2026,506.55,510.4,506.5,507.85,20
2026-08-20 09:46:00,BANKNIFTY29SEP2657300PE,57300.0,PE,29SEP2026,541.0,542.65,537.2,538.4,14
2026-08-20 09:46:00,BANKNIFTY29SEP2657400CE,57400.0,CE,29SEP2026,1235.0,1235.0,1233.1,1233.1,6
2026-08-20 09:46:00,BANKNIFTY29SEP2657400PE,57400.0,PE,29SEP2026,571.85,575.0,571.85,573.4,18
2026-08-20 09:46:00,BANKNIFTY29SEP2657500CE,57500.0,CE,29SEP2026,1178.9,1179.25,1171.3,1175.55,30
2026-08-20 09:46:00,BANKNIFTY29SEP2657500PE,57500.0,PE,29SEP2026,598.3,602.75,596.05,601.0,116
2026-08-20 09:47:00,BANKNIFTY29SEP2655500CE,55500.0,CE,29SEP2026,2702.0,2702.0,2702.0,2702.0,1
2026-08-20 09:47:00,BANKNIFTY29SEP2655500PE,55500.0,PE,29SEP2026,169.15,170.9,169.15,170.3,18
2026-08-20 09:47:00,BANKNIFTY29SEP2656000PE,56000.0,PE,29SEP2026,235.35,237.55,234.45,237.1,44
2026-08-20 09:47:00,BANKNIFTY29SEP2656200PE,56200.0,PE,29SEP2026,267.05,271.55,267.05,271.1,3
2026-08-20 09:47:00,BANKNIFTY29SEP2656500CE,56500.0,CE,29SEP2026,1870.0,1870.0,1870.0,1870.0,1
2026-08-20 09:47:00,BANKNIFTY29SEP2656500PE,56500.0,PE,29SEP2026,323.5,327.35,323.5,327.35,37
2026-08-20 09:47:00,BANKNIFTY29SEP2656600PE,56600.0,PE,29SEP2026,351.0,351.0,351.0,351.0,3
2026-08-20 09:47:00,BANKNIFTY29SEP2656700CE,56700.0,CE,29SEP2026,1710.7,1720.55,1695.7,1720.55,14
2026-08-20 09:47:00,BANKNIFTY29SEP2656700PE,56700.0,PE,29SEP2026,366.55,374.75,366.5,374.75,4
2026-08-20 09:47:00,BANKNIFTY29SEP2657000CE,57000.0,CE,29SEP2026,1504.1,1504.1,1492.1,1492.1,10
2026-08-20 09:47:00,BANKNIFTY29SEP2657000PE,57000.0,PE,29SEP2026,446.0,452.75,446.0,450.05,73
2026-08-20 09:47:00,BANKNIFTY29SEP2657100PE,57100.0,PE,29SEP2026,478.9,483.2,478.9,483.2,7
2026-08-20 09:47:00,BANKNIFTY29SEP2657200PE,57200.0,PE,29SEP2026,507.85,515.25,507.85,515.25,11
2026-08-20 09:47:00,BANKNIFTY29SEP2657300PE,57300.0,PE,29SEP2026,542.2,546.7,542.2,546.3,15
2026-08-20 09:47:00,BANKNIFTY29SEP2657400CE,57400.0,CE,29SEP2026,1229.85,1230.9,1228.0,1230.9,5
2026-08-20 09:47:00,BANKNIFTY29SEP2657400PE,57400.0,PE,29SEP2026,573.25,581.0,573.25,581.0,8
2026-08-20 09:47:00,BANKNIFTY29SEP2657500CE,57500.0,CE,29SEP2026,1170.0,1170.05,1159.55,1159.6,43
2026-08-20 09:47:00,BANKNIFTY29SEP2657500PE,57500.0,PE,29SEP2026,601.0,610.1,601.0,608.85,119
2026-08-20 09:48:00,BANKNIFTY29SEP2655500PE,55500.0,PE,29SEP2026,171.25,172.0,170.5,170.5,11
2026-08-20 09:48:00,BANKNIFTY29SEP2656000PE,56000.0,PE,29SEP2026,238.0,239.0,236.3,236.4,30
2026-08-20 09:48:00,BANKNIFTY29SEP2656200PE,56200.0,PE,29SEP2026,272.5,272.65,269.0,271.35,12
2026-08-20 09:48:00,BANKNIFTY29SEP2656300PE,56300.0,PE,29SEP2026,287.25,291.35,287.15,291.35,4
2026-08-20 09:48:00,BANKNIFTY29SEP2656500PE,56500.0,PE,29SEP2026,327.6,328.45,325.4,326.7,14
2026-08-20 09:48:00,BANKNIFTY29SEP2656600PE,56600.0,PE,29SEP2026,348.25,348.25,348.25,348.25,1
2026-08-20 09:48:00,BANKNIFTY29SEP2656700CE,56700.0,CE,29SEP2026,1710.4,1710.4,1710.4,1710.4,2
2026-08-20 09:48:00,BANKNIFTY29SEP2656700PE,56700.0,PE,29SEP2026,375.0,375.0,373.95,373.95,2
2026-08-20 09:48:00,BANKNIFTY29SEP2656800PE,56800.0,PE,29SEP2026,398.1,398.1,397.9,397.9,3
2026-08-20 09:48:00,BANKNIFTY29SEP2657000CE,57000.0,CE,29SEP2026,1494.0,1494.0,1494.0,1494.0,5
2026-08-20 09:48:00,BANKNIFTY29SEP2657000PE,57000.0,PE,29SEP2026,454.0,454.65,450.05,451.0,38
2026-08-20 09:48:00,BANKNIFTY29SEP2657100PE,57100.0,PE,29SEP2026,482.85,483.25,481.75,481.75,10
2026-08-20 09:48:00,BANKNIFTY29SEP2657200PE,57200.0,PE,29SEP2026,514.85,515.05,513.85,514.0,18
2026-08-20 09:48:00,BANKNIFTY29SEP2657300CE,57300.0,CE,29SEP2026,1283.65,1283.65,1283.65,1283.65,1
2026-08-20 09:48:00,BANKNIFTY29SEP2657300PE,57300.0,PE,29SEP2026,547.25,547.25,546.15,546.55,10
2026-08-20 09:48:00,BANKNIFTY29SEP2657400CE,57400.0,CE,29SEP2026,1224.55,1225.0,1224.0,1225.0,3
2026-08-20 09:48:00,BANKNIFTY29SEP2657400PE,57400.0,PE,29SEP2026,582.9,584.25,579.1,579.1,10
2026-08-20 09:48:00,BANKNIFTY29SEP2657500CE,57500.0,CE,29SEP2026,1158.9,1160.85,1151.0,1160.0,28
2026-08-20 09:48:00,BANKNIFTY29SEP2657500PE,57500.0,PE,29SEP2026,608.85,612.75,607.35,609.6,154
2026-08-20 09:49:00,BANKNIFTY29SEP2655500PE,55500.0,PE,29SEP2026,169.85,170.8,169.35,170.8,16
2026-08-20 09:49:00,BANKNIFTY29SEP2656000PE,56000.0,PE,29SEP2026,236.05,238.05,236.05,237.0,14
2026-08-20 09:49:00,BANKNIFTY29SEP2656200PE,56200.0,PE,29SEP2026,272.3,272.3,269.45,269.45,4
2026-08-20 09:49:00,BANKNIFTY29SEP2656500PE,56500.0,PE,29SEP2026,326.0,327.7,325.15,325.65,9
2026-08-20 09:49:00,BANKNIFTY29SEP2656600PE,56600.0,PE,29SEP2026,353.55,353.7,353.1,353.7,10
2026-08-20 09:49:00,BANKNIFTY29SEP2656800PE,56800.0,PE,29SEP2026,397.35,402.4,397.35,402.4,6
2026-08-20 09:49:00,BANKNIFTY29SEP2656900PE,56900.0,PE,29SEP2026,424.7,427.75,424.5,427.75,3
2026-08-20 09:49:00,BANKNIFTY29SEP2657000CE,57000.0,CE,29SEP2026,1495.0,1500.4,1488.0,1494.6,94
2026-08-20 09:49:00,BANKNIFTY29SEP2657000PE,57000.0,PE,29SEP2026,451.25,453.25,449.0,449.45,28
2026-08-20 09:49:00,BANKNIFTY29SEP2657100PE,57100.0,PE,29SEP2026,482.75,482.75,481.55,481.55,6
2026-08-20 09:49:00,BANKNIFTY29SEP2657200CE,57200.0,CE,29SEP2026,1349.0,1357.95,1340.0,1344.8,48
2026-08-20 09:49:00,BANKNIFTY29SEP2657200PE,57200.0,PE,29SEP2026,514.05,514.7,511.9,511.9,41
2026-08-20 09:49:00,BANKNIFTY29SEP2657300PE,57300.0,PE,29SEP2026,546.4,549.8,545.65,547.45,11
2026-08-20 09:49:00,BANKNIFTY29SEP2657400CE,57400.0,CE,29SEP2026,1224.0,1224.05,1216.45,1224.05,10
2026-08-20 09:49:00,BANKNIFTY29SEP2657400PE,57400.0,PE,29SEP2026,578.05,583.65,578.05,580.85,38
2026-08-20 09:49:00,BANKNIFTY29SEP2657500CE,57500.0,CE,29SEP2026,1162.1,1163.1,1153.7,1156.0,40
2026-08-20 09:49:00,BANKNIFTY29SEP2657500PE,57500.0,PE,29SEP2026,609.3,612.5,606.15,609.2,179
2026-08-20 09:50:00,BANKNIFTY29SEP2655500PE,55500.0,PE,29SEP2026,171.0,171.45,171.0,171.45,5
2026-08-20 09:50:00,BANKNIFTY29SEP2656000PE,56000.0,PE,29SEP2026,237.65,237.8,237.45,237.45,6
2026-08-20 09:50:00,BANKNIFTY29SEP2656500PE,56500.0,PE,29SEP2026,328.2,330.5,326.6,330.5,17
2026-08-20 09:50:00,BANKNIFTY29SEP2656600PE,56600.0,PE,29SEP2026,354.25,354.25,354.25,354.25,1
2026-08-20 09:50:00,BANKNIFTY29SEP2656900PE,56900.0,PE,29SEP2026,424.1,424.3,424.05,424.3,3
2026-08-20 09:50:00,BANKNIFTY29SEP2657000CE,57000.0,CE,29SEP2026,1494.6,1494.6,1485.0,1489.6,17
2026-08-20 09:50:00,BANKNIFTY29SEP2657000PE,57000.0,PE,29SEP2026,451.0,456.25,450.2,452.45,95
2026-08-20 09:50:00,BANKNIFTY29SEP2657200CE,57200.0,CE,29SEP2026,1340.95,1341.1,1330.0,1335.4,40
2026-08-20 09:50:00,BANKNIFTY29SEP2657200PE,57200.0,PE,29SEP2026,515.25,518.55,515.15,518.55,7
2026-08-20 09:50:00,BANKNIFTY29SEP2657300PE,57300.0,PE,29SEP2026,547.5,549.9,546.95,549.9,18
2026-08-20 09:50:00,BANKNIFTY29SEP2657400CE,57400.0,CE,29SEP2026,1209.85,1210.95,1209.8,1210.95,4
2026-08-20 09:50:00,BANKNIFTY29SEP2657400PE,57400.0,PE,29SEP2026,580.35,584.75,580.35,583.25,11
2026-08-20 09:50:00,BANKNIFTY29SEP2657500CE,57500.0,CE,29SEP2026,1155.0,1155.75,1149.0,1154.0,60
2026-08-20 09:50:00,BANKNIFTY29SEP2657500PE,57500.0,PE,29SEP2026,609.1,613.8,609.1,611.3,105
2026-08-20 09:51:00,BANKNIFTY29SEP2655500PE,55500.0,PE,29SEP2026,171.45,172.2,171.45,172.2,22
2026-08-20 09:51:00,BANKNIFTY29SEP2656000CE,56000.0,CE,29SEP2026,2275.0,2275.0,2270.0,2270.0,4
2026-08-20 09:51:00,BANKNIFTY29SEP2656000PE,56000.0,PE,29SEP2026,239.35,239.4,237.0,237.0,8
2026-08-20 09:51:00,BANKNIFTY29SEP2656500CE,56500.0,CE,29SEP2026,1865.0,1872.45,1865.0,1870.0,10
2026-08-20 09:51:00,BANKNIFTY29SEP2656500PE,56500.0,PE,29SEP2026,330.5,330.5,325.05,325.05,6
2026-08-20 09:51:00,BANKNIFTY29SEP2656700PE,56700.0,PE,29SEP2026,371.55,371.55,371.55,371.55,1
2026-08-20 09:51:00,BANKNIFTY29SEP2656800PE,56800.0,PE,29SEP2026,400.15,400.15,400.15,400.15,1
2026-08-20 09:51:00,BANKNIFTY29SEP2657000CE,57000.0,CE,29SEP2026,1490.0,1499.0,1483.5,1496.7,21
2026-08-20 09:51:00,BANKNIFTY29SEP2657000PE,57000.0,PE,29SEP2026,452.9,452.95,450.0,450.0,69
2026-08-20 09:51:00,BANKNIFTY29SEP2657100PE,57100.0,PE,29SEP2026,481.2,481.2,481.0,481.0,5
2026-08-20 09:51:00,BANKNIFTY29SEP2657200CE,57200.0,CE,29SEP2026,1341.25,1348.55,1335.0,1346.75,45
2026-08-20 09:51:00,BANKNIFTY29SEP2657200PE,57200.0,PE,29SEP2026,516.6,517.1,513.0,514.35,30
2026-08-20 09:51:00,BANKNIFTY29SEP2657300PE,57300.0,PE,29SEP2026,550.2,550.2,545.7,547.85,19
2026-08-20 09:51:00,BANKNIFTY29SEP2657400CE,57400.0,CE,29SEP2026,1216.55,1216.55,1206.3,1206.3,7
2026-08-20 09:51:00,BANKNIFTY29SEP2657400PE,57400.0,PE,29SEP2026,583.4,583.85,576.9,577.0,30
2026-08-20 09:51:00,BANKNIFTY29SEP2657500CE,57500.0,CE,29SEP2026,1153.4,1164.7,1151.0,1160.65,86
2026-08-20 09:51:00,BANKNIFTY29SEP2657500PE,57500.0,PE,29SEP2026,611.1,613.3,602.8,605.2,119
2026-08-20 09:52:00,BANKNIFTY29SEP2655500PE,55500.0,PE,29SEP2026,169.8,169.8,169.5,169.6,39
2026-08-20 09:52:00,BANKNIFTY29SEP2656000CE,56000.0,CE,29SEP2026,2281.9,2281.9,2265.8,2265.8,10
2026-08-20 09:52:00,BANKNIFTY29SEP2656000PE,56000.0,PE,29SEP2026,236.5,237.0,236.0,237.0,21
2026-08-20 09:52:00,BANKNIFTY29SEP2656500PE,56500.0,PE,29SEP2026,325.0,326.95,325.0,326.95,4
2026-08-20 09:52:00,BANKNIFTY29SEP2656600PE,56600.0,PE,29SEP2026,351.95,351.95,351.95,351.95,1
2026-08-20 09:52:00,BANKNIFTY29SEP2656800PE,56800.0,PE,29SEP2026,396.0,401.9,396.0,401.9,13
2026-08-20 09:52:00,BANKNIFTY29SEP2656900CE,56900.0,CE,29SEP2026,1564.75,1564.75,1564.75,1564.75,1
2026-08-20 09:52:00,BANKNIFTY29SEP2657000CE,57000.0,CE,29SEP2026,1499.9,1500.0,1497.0,1497.0,21
2026-08-20 09:52:00,BANKNIFTY29SEP2657000PE,57000.0,PE,29SEP2026,449.45,451.0,446.25,451.0,24
2026-08-20 09:52:00,BANKNIFTY29SEP2657100PE,57100.0,PE,29SEP2026,479.75,480.5,479.75,480.5,2
2026-08-20 09:52:00,BANKNIFTY29SEP2657200CE,57200.0,CE,29SEP2026,1367.5,1367.55,1357.35,1357.35,3
2026-08-20 09:52:00,BANKNIFTY29SEP2657200PE,57200.0,PE,29SEP2026,510.0,511.8,509.9,511.8,4
2026-08-20 09:52:00,BANKNIFTY29SEP2657300PE,57300.0,PE,29SEP2026,545.0,545.0,541.7,544.55,11
2026-08-20 09:52:00,BANKNIFTY29SEP2657400CE,57400.0,CE,29SEP2026,1225.6,1225.6,1225.0,1225.0,2
2026-08-20 09:52:00,BANKNIFTY29SEP2657400PE,57400.0,PE,29SEP2026,576.9,578.15,575.75,575.9,15
2026-08-20 09:52:00,BANKNIFTY29SEP2657500CE,57500.0,CE,29SEP2026,1167.55,1167.55,1160.15,1160.15,27
2026-08-20 09:52:00,BANKNIFTY29SEP2657500PE,57500.0,PE,29SEP2026,604.35,606.95,601.65,606.95,26
2026-08-20 09:53:00,BANKNIFTY29SEP2655500PE,55500.0,PE,29SEP2026,170.7,171.65,169.9,171.65,15
2026-08-20 09:53:00,BANKNIFTY29SEP2656000CE,56000.0,CE,29SEP2026,2265.0,2265.0,2265.0,2265.0,2
2026-08-20 09:53:00,BANKNIFTY29SEP2656000PE,56000.0,PE,29SEP2026,238.0,238.0,238.0,238.0,1
2026-08-20 09:53:00,BANKNIFTY29SEP2656200PE,56200.0,PE,29SEP2026,268.0,276.4,268.0,276.4,6
2026-08-20 09:53:00,BANKNIFTY29SEP2656300PE,56300.0,PE,29SEP2026,283.65,283.65,283.65,283.65,1
2026-08-20 09:53:00,BANKNIFTY29SEP2656500PE,56500.0,PE,29SEP2026,326.95,327.35,326.95,327.35,6
2026-08-20 09:53:00,BANKNIFTY29SEP2656800PE,56800.0,PE,29SEP2026,398.9,398.9,398.55,398.55,2
2026-08-20 09:53:00,BANKNIFTY29SEP2657000CE,57000.0,CE,29SEP2026,1496.9,1496.9,1496.9,1496.9,1
2026-08-20 09:53:00,BANKNIFTY29SEP2657000PE,57000.0,PE,29SEP2026,452.0,452.0,451.0,451.0,4
2026-08-20 09:53:00,BANKNIFTY29SEP2657200CE,57200.0,CE,29SEP2026,1347.5,1350.05,1346.4,1347.4,20
2026-08-20 09:53:00,BANKNIFTY29SEP2657200PE,57200.0,PE,29SEP2026,513.5,515.0,513.5,515.0,3
2026-08-20 09:53:00,BANKNIFTY29SEP2657300PE,57300.0,PE,29SEP2026,546.5,546.5,546.5,546.5,4
2026-08-20 09:53:00,BANKNIFTY29SEP2657400CE,57400.0,CE,29SEP2026,1219.95,1220.0,1219.95,1220.0,15
2026-08-20 09:53:00,BANKNIFTY29SEP2657400PE,57400.0,PE,29SEP2026,581.05,581.1,580.6,580.85,9
2026-08-20 09:53:00,BANKNIFTY29SEP2657500CE,57500.0,CE,29SEP2026,1160.15,1160.8,1155.15,1155.85,36
2026-08-20 09:53:00,BANKNIFTY29SEP2657500PE,57500.0,PE,29SEP2026,605.75,610.1,605.65,605.75,37
2026-08-20 09:54:00,BANKNIFTY29SEP2655500PE,55500.0,PE,29SEP2026,170.0,170.5,170.0,170.45,8
2026-08-20 09:54:00,BANKNIFTY29SEP2656000PE,56000.0,PE,29SEP2026,238.55,238.55,236.1,236.75,5
2026-08-20 09:54:00,BANKNIFTY29SEP2656500CE,56500.0,CE,29SEP2026,1870.0,1870.0,1870.0,1870.0,1
2026-08-20 09:54:00,BANKNIFTY29SEP2656500PE,56500.0,PE,29SEP2026,326.65,327.1,324.85,324.85,47
2026-08-20 09:54:00,BANKNIFTY29SEP2656700CE,56700.0,CE,29SEP2026,1704.5,1704.5,1704.5,1704.5,3
2026-08-20 09:54:00,BANKNIFTY29SEP2657000CE,57000.0,CE,29SEP2026,1493.95,1505.0,1493.0,1505.0,19
2026-08-20 09:54:00,BANKNIFTY29SEP2657000PE,57000.0,PE,29SEP2026,450.25,450.85,446.0,446.1,222
2026-08-20 09:54:00,BANKNIFTY29SEP2657100PE,57100.0,PE,29SEP2026,483.65,484.7,479.55,479.55,12
2026-08-20 09:54:00,BANKNIFTY29SEP2657200CE,57200.0,CE,29SEP2026,1361.15,1368.05,1361.15,1368.05,6
2026-08-20 09:54:00,BANKNIFTY29SEP2657200PE,57200.0,PE,29SEP2026,512.0,512.0,507.65,507.65,8
2026-08-20 09:54:00,BANKNIFTY29SEP2657300CE,57300.0,CE,29SEP2026,1300.0,1300.0,1300.0,1300.0,1
2026-08-20 09:54:00,BANKNIFTY29SEP2657300PE,57300.0,PE,29SEP2026,542.95,542.95,540.75,540.75,2
2026-08-20 09:54:00,BANKNIFTY29SEP2657400CE,57400.0,CE,29SEP2026,1227.25,1236.2,1226.2,1236.2,4
2026-08-20 09:54:00,BANKNIFTY29SEP2657400PE,57400.0,PE,29SEP2026,580.85,580.85,575.8,575.8,13
2026-08-20 09:54:00,BANKNIFTY29SEP2657500CE,57500.0,CE,29SEP2026,1159.5,1168.0,1155.7,1168.0,92
2026-08-20 09:54:00,BANKNIFTY29SEP2657500PE,57500.0,PE,29SEP2026,609.05,609.05,600.0,600.0,161
2026-08-20 09:55:00,BANKNIFTY29SEP2655500PE,55500.0,PE,29SEP2026,170.1,170.1,169.0,169.2,5
2026-08-20 09:55:00,BANKNIFTY29SEP2656000CE,56000.0,CE,29SEP2026,2286.2,2286.2,2286.2,2286.2,3
2026-08-20 09:55:00,BANKNIFTY29SEP2656000PE,56000.0,PE,29SEP2026,235.0,235.0,233.65,233.65,18
2026-08-20 09:55:00,BANKNIFTY29SEP2656200PE,56200.0,PE,29SEP2026,266.1,266.1,266.05,266.05,2
2026-08-20 09:55:00,BANKNIFTY29SEP2656500CE,56500.0,CE,29SEP2026,1881.65,1881.65,1881.6,1881.6,2
2026-08-20 09:55:00,BANKNIFTY29SEP2656500PE,56500.0,PE,29SEP2026,323.0,324.65,321.75,323.0,8
2026-08-20 09:55:00,BANKNIFTY29SEP2656600PE,56600.0,PE,29SEP2026,346.0,346.0,346.0,346.0,1
2026-08-20 09:55:00,BANKNIFTY29SEP2656700PE,56700.0,PE,29SEP2026,370.0,370.0,370.0,370.0,1
2026-08-20 09:55:00,BANKNIFTY29SEP2656800PE,56800.0,PE,29SEP2026,395.0,395.0,392.3,392.3,2
2026-08-20 09:55:00,BANKNIFTY29SEP2657000CE,57000.0,CE,29SEP2026,1505.0,1511.9,1505.0,1511.6,22
2026-08-20 09:55:00,BANKNIFTY29SEP2657000PE,57000.0,PE,29SEP2026,446.15,446.15,442.5,442.5,49
2026-08-20 09:55:00,BANKNIFTY29SEP2657200PE,57200.0,PE,29SEP2026,507.5,507.5,507.15,507.5,7
2026-08-20 09:55:00,BANKNIFTY29SEP2657300PE,57300.0,PE,29SEP2026,538.35,540.95,537.9,540.95,6
2026-08-20 09:55:00,BANKNIFTY29SEP2657400CE,57400.0,CE,29SEP2026,1237.2,1237.3,1237.2,1237.3,3
2026-08-20 09:55:00,BANKNIFTY29SEP2657400PE,57400.0,PE,29SEP2026,575.35,575.35,570.55,570.65,6
2026-08-20 09:55:00,BANKNIFTY29SEP2657500CE,57500.0,CE,29SEP2026,1167.9,1171.8,1165.2,1169.4,106
2026-08-20 09:55:00,BANKNIFTY29SEP2657500PE,57500.0,PE,29SEP2026,600.2,601.5,596.9,599.45,91
2026-08-20 09:56:00,BANKNIFTY29SEP2655500PE,55500.0,PE,29SEP2026,169.2,169.2,167.05,167.15,36
2026-08-20 09:56:00,BANKNIFTY29SEP2656000PE,56000.0,PE,29SEP2026,233.75,233.75,230.0,231.65,62
2026-08-20 09:56:00,BANKNIFTY29SEP2656500PE,56500.0,PE,29SEP2026,322.05,323.15,318.0,318.45,52
2026-08-20 09:56:00,BANKNIFTY29SEP2656700PE,56700.0,PE,29SEP2026,365.0,365.0,365.0,365.0,1
2026-08-20 09:56:00,BANKNIFTY29SEP2656900PE,56900.0,PE,29SEP2026,414.0,414.0,414.0,414.0,1
2026-08-20 09:56:00,BANKNIFTY29SEP2657000CE,57000.0,CE,29SEP2026,1511.9,1520.0,1511.9,1520.0,15
2026-08-20 09:56:00,BANKNIFTY29SEP2657000PE,57000.0,PE,29SEP2026,442.2,442.35,439.0,439.0,74
2026-08-20 09:56:00,BANKNIFTY29SEP2657100PE,57100.0,PE,29SEP2026,476.85,476.85,468.8,468.8,2
2026-08-20 09:56:00,BANKNIFTY29SEP2657200CE,57200.0,CE,29SEP2026,1374.95,1381.7,1374.95,1381.15,5
2026-08-20 09:56:00,BANKNIFTY29SEP2657200PE,57200.0,PE,29SEP2026,504.0,504.0,500.3,502.65,7
2026-08-20 09:56:00,BANKNIFTY29SEP2657300CE,57300.0,CE,29SEP2026,1306.0,1306.0,1306.0,1306.0,2
2026-08-20 09:56:00,BANKNIFTY29SEP2657300PE,57300.0,PE,29SEP2026,536.95,536.95,533.2,533.75,9
2026-08-20 09:56:00,BANKNIFTY29SEP2657400CE,57400.0,CE,29SEP2026,1240.0,1248.5,1240.0,1248.5,10
2026-08-20 09:56:00,BANKNIFTY29SEP2657400PE,57400.0,PE,29SEP2026,568.85,568.85,564.65,565.5,11
2026-08-20 09:56:00,BANKNIFTY29SEP2657500CE,57500.0,CE,29SEP2026,1170.95,1179.95,1169.4,1179.55,40
2026-08-20 09:56:00,BANKNIFTY29SEP2657500PE,57500.0,PE,29SEP2026,599.45,599.45,591.2,591.85,66
2026-08-20 09:57:00,BANKNIFTY29SEP2655500CE,55500.0,CE,29SEP2026,2739.35,2745.0,2739.35,2745.0,2
2026-08-20 09:57:00,BANKNIFTY29SEP2655500PE,55500.0,PE,29SEP2026,165.9,166.65,163.85,164.9,46
2026-08-20 09:57:00,BANKNIFTY29SEP2656000CE,56000.0,CE,29SEP2026,2300.0,2322.0,2300.0,2322.0,3
2026-08-20 09:57:00,BANKNIFTY29SEP2656000PE,56000.0,PE,29SEP2026,231.3,231.3,226.2,229.9,48
2026-08-20 09:57:00,BANKNIFTY29SEP2656200PE,56200.0,PE,29SEP2026,262.0,262.0,257.1,257.1,7
2026-08-20 09:57:00,BANKNIFTY29SEP2656500CE,56500.0,CE,29SEP2026,1895.0,1910.05,1895.0,1910.0,14
2026-08-20 09:57:00,BANKNIFTY29SEP2656500PE,56500.0,PE,29SEP2026,318.2,318.2,312.65,314.4,101
2026-08-20 09:57:00,BANKNIFTY29SEP2656700PE,56700.0,PE,29SEP2026,357.7,361.1,357.7,360.9,6
2026-08-20 09:57:00,BANKNIFTY29SEP2656800CE,56800.0,CE,29SEP2026,1677.0,1677.0,1677.0,1677.0,5
2026-08-20 09:57:00,BANKNIFTY29SEP2656800PE,56800.0,PE,29SEP2026,386.85,386.85,383.75,383.8,4
2026-08-20 09:57:00,BANKNIFTY29SEP2656900PE,56900.0,PE,29SEP2026,406.25,406.25,406.2,406.2,2
2026-08-20 09:57:00,BANKNIFTY29SEP2657000CE,57000.0,CE,29SEP2026,1522.0,1539.8,1522.0,1527.9,39
2026-08-20 09:57:00,BANKNIFTY29SEP2657000PE,57000.0,PE,29SEP2026,439.0,439.95,430.45,434.0,120
2026-08-20 09:57:00,BANKNIFTY29SEP2657100PE,57100.0,PE,29SEP2026,472.0,472.0,464.15,464.15,4
2026-08-20 09:57:00,BANKNIFTY29SEP2657200CE,57200.0,CE,29SEP2026,1383.6,1385.8,1383.6,1385.8,7
2026-08-20 09:57:00,BANKNIFTY29SEP2657200PE,57200.0,PE,29SEP2026,502.4,502.4,492.0,494.1,21
2026-08-20 09:57:00,BANKNIFTY29SEP2657300CE,57300.0,CE,29SEP2026,1304.4,1325.0,1304.4,1320.35,8
2026-08-20 09:57:00,BANKNIFTY29SEP2657300PE,57300.0,PE,29SEP2026,530.05,530.05,518.45,528.05,47
2026-08-20 09:57:00,BANKNIFTY29SEP2657400CE,57400.0,CE,29SEP2026,1248.35,1264.05,1247.45,1264.05,14
2026-08-20 09:57:00,BANKNIFTY29SEP2657400PE,57400.0,PE,29SEP2026,564.5,567.65,555.25,559.7,45
2026-08-20 09:57:00,BANKNIFTY29SEP2657500CE,57500.0,CE,29SEP2026,1178.75,1195.95,1178.75,1189.25,62
2026-08-20 09:57:00,BANKNIFTY29SEP2657500PE,57500.0,PE,29SEP2026,593.4,593.45,581.0,584.85,146
2026-08-20 09:58:00,BANKNIFTY29SEP2655500PE,55500.0,PE,29SEP2026,164.95,166.0,164.0,165.1,43
2026-08-20 09:58:00,BANKNIFTY29SEP2656000CE,56000.0,CE,29SEP2026,2312.8,2312.8,2312.8,2312.8,4
2026-08-20 09:58:00,BANKNIFTY29SEP2656000PE,56000.0,PE,29SEP2026,228.35,230.2,228.15,228.35,40
2026-08-20 09:58:00,BANKNIFTY29SEP2656500PE,56500.0,PE,29SEP2026,314.55,316.05,314.55,315.7,26
2026-08-20 09:58:00,BANKNIFTY29SEP2656700PE,56700.0,PE,29SEP2026,359.9,359.9,359.9,359.9,1
2026-08-20 09:58:00,BANKNIFTY29SEP2657000CE,57000.0,CE,29SEP2026,1525.6,1525.6,1521.85,1521.85,4
2026-08-20 09:58:00,BANKNIFTY29SEP2657000PE,57000.0,PE,29SEP2026,434.0,437.65,433.35,435.35,64
2026-08-20 09:58:00,BANKNIFTY29SEP2657100CE,57100.0,CE,29SEP2026,1454.95,1454.95,1454.95,1454.95,1
2026-08-20 09:58:00,BANKNIFTY29SEP2657100PE,57100.0,PE,29SEP2026,466.0,466.0,466.0,466.0,1
2026-08-20 09:58:00,BANKNIFTY29SEP2657200CE,57200.0,CE,29SEP2026,1385.85,1387.55,1385.8,1387.55,7
2026-08-20 09:58:00,BANKNIFTY29SEP2657200PE,57200.0,PE,29SEP2026,494.8,498.1,494.5,498.1,5
2026-08-20 09:58:00,BANKNIFTY29SEP2657300PE,57300.0,PE,29SEP2026,528.75,528.75,527.05,527.05,11
2026-08-20 09:58:00,BANKNIFTY29SEP2657400CE,57400.0,CE,29SEP2026,1252.3,1252.35,1252.3,1252.35,2
2026-08-20 09:58:00,BANKNIFTY29SEP2657400PE,57400.0,PE,29SEP2026,560.9,564.9,560.9,564.9,9
2026-08-20 09:58:00,BANKNIFTY29SEP2657500CE,57500.0,CE,29SEP2026,1186.35,1187.65,1178.55,1181.0,20
2026-08-20 09:58:00,BANKNIFTY29SEP2657500PE,57500.0,PE,29SEP2026,587.0,591.0,585.05,589.85,84
2026-08-20 09:59:00,BANKNIFTY29SEP2655500PE,55500.0,PE,29SEP2026,164.5,165.35,163.85,165.0,19
2026-08-20 09:59:00,BANKNIFTY29SEP2656000CE,56000.0,CE,29SEP2026,2296.7,2296.7,2296.7,2296.7,1
2026-08-20 09:59:00,BANKNIFTY29SEP2656000PE,56000.0,PE,29SEP2026,230.8,230.8,228.1,228.35,32
2026-08-20 09:59:00,BANKNIFTY29SEP2656200PE,56200.0,PE,29SEP2026,259.35,259.95,259.35,259.95,2
2026-08-20 09:59:00,BANKNIFTY29SEP2656500PE,56500.0,PE,29SEP2026,314.65,314.65,314.65,314.65,1
2026-08-20 09:59:00,BANKNIFTY29SEP2656700PE,56700.0,PE,29SEP2026,359.95,359.95,359.95,359.95,1
2026-08-20 09:59:00,BANKNIFTY29SEP2656800PE,56800.0,PE,29SEP2026,387.9,387.9,383.9,383.9,3
2026-08-20 09:59:00,BANKNIFTY29SEP2657000CE,57000.0,CE,29SEP2026,1521.85,1530.95,1521.0,1530.0,11
2026-08-20 09:59:00,BANKNIFTY29SEP2657000PE,57000.0,PE,29SEP2026,436.3,436.3,432.9,434.0,54
2026-08-20 09:59:00,BANKNIFTY29SEP2657100CE,57100.0,CE,29SEP2026,1455.0,1455.0,1455.0,1455.0,1
2026-08-20 09:59:00,BANKNIFTY29SEP2657100PE,57100.0,PE,29SEP2026,465.2,465.2,465.0,465.0,2
2026-08-20 09:59:00,BANKNIFTY29SEP2657200PE,57200.0,PE,29SEP2026,499.0,499.0,494.65,494.65,4
2026-08-20 09:59:00,BANKNIFTY29SEP2657300PE,57300.0,PE,29SEP2026,527.15,528.0,527.15,528.0,5
2026-08-20 09:59:00,BANKNIFTY29SEP2657400PE,57400.0,PE,29SEP2026,564.45,564.45,558.9,558.9,5
2026-08-20 09:59:00,BANKNIFTY29SEP2657500CE,57500.0,CE,29SEP2026,1180.95,1188.8,1180.95,1187.25,23
2026-08-20 09:59:00,BANKNIFTY29SEP2657500PE,57500.0,PE,29SEP2026,592.8,592.8,585.0,585.0,34
2026-08-20 10:00:00,BANKNIFTY29SEP2655500PE,55500.0,PE,29SEP2026,165.15,165.55,165.0,165.55,57
2026-08-20 10:00:00,BANKNIFTY29SEP2656000CE,56000.0,CE,29SEP2026,2319.95,2319.95,2319.95,2319.95,1
2026-08-20 10:00:00,BANKNIFTY29SEP2656000PE,56000.0,PE,29SEP2026,228.35,231.95,227.2,229.6,37
2026-08-20 10:00:00,BANKNIFTY29SEP2656500CE,56500.0,CE,29SEP2026,1902.05,1902.05,1902.0,1902.0,2
2026-08-20 10:00:00,BANKNIFTY29SEP2656500PE,56500.0,PE,29SEP2026,315.8,315.9,313.25,313.25,6
2026-08-20 10:00:00,BANKNIFTY29SEP2656700PE,56700.0,PE,29SEP2026,359.6,359.6,359.6,359.6,1
2026-08-20 10:00:00,BANKNIFTY29SEP2656800PE,56800.0,PE,29SEP2026,381.7,381.7,381.7,381.7,1
2026-08-20 10:00:00,BANKNIFTY29SEP2657000CE,57000.0,CE,29SEP2026,1530.95,1530.95,1520.3,1520.3,11
2026-08-20 10:00:00,BANKNIFTY29SEP2657000PE,57000.0,PE,29SEP2026,433.95,434.0,430.85,433.5,66
2026-08-20 10:00:00,BANKNIFTY29SEP2657100PE,57100.0,PE,29SEP2026,465.0,465.0,461.55,461.55,8
2026-08-20 10:00:00,BANKNIFTY29SEP2657200PE,57200.0,PE,29SEP2026,494.35,495.6,494.35,495.6,5
2026-08-20 10:00:00,BANKNIFTY29SEP2657300PE,57300.0,PE,29SEP2026,527.2,527.2,527.2,527.2,1
2026-08-20 10:00:00,BANKNIFTY29SEP2657500CE,57500.0,CE,29SEP2026,1188.6,1188.6,1180.85,1181.0,6
2026-08-20 10:00:00,BANKNIFTY29SEP2657500PE,57500.0,PE,29SEP2026,585.0,586.4,582.2,585.0,39
2026-08-20 10:01:00,BANKNIFTY29SEP2655500PE,55500.0,PE,29SEP2026,165.1,166.95,164.55,166.95,33
2026-08-20 10:01:00,BANKNIFTY29SEP2656000CE,56000.0,CE,29SEP2026,2292.4,2292.4,2289.0,2289.0,3
2026-08-20 10:01:00,BANKNIFTY29SEP2656000PE,56000.0,PE,29SEP2026,228.25,231.15,227.4,231.15,49
2026-08-20 10:01:00,BANKNIFTY29SEP2656300PE,56300.0,PE,29SEP2026,281.35,281.35,281.35,281.35,2
2026-08-20 10:01:00,BANKNIFTY29SEP2656500CE,56500.0,CE,29SEP2026,1895.0,1895.0,1886.0,1886.0,4
2026-08-20 10:01:00,BANKNIFTY29SEP2656500PE,56500.0,PE,29SEP2026,314.85,315.75,311.5,314.4,25
2026-08-20 10:01:00,BANKNIFTY29SEP2656800PE,56800.0,PE,29SEP2026,382.75,386.75,382.75,386.75,2
2026-08-20 10:01:00,BANKNIFTY29SEP2656900PE,56900.0,PE,29SEP2026,408.85,413.1,408.0,413.1,8
2026-08-20 10:01:00,BANKNIFTY29SEP2657000CE,57000.0,CE,29SEP2026,1512.95,1513.75,1505.05,1505.05,6
2026-08-20 10:01:00,BANKNIFTY29SEP2657000PE,57000.0,PE,29SEP2026,434.0,436.25,433.4,435.5,53
2026-08-20 10:01:00,BANKNIFTY29SEP2657300CE,57300.0,CE,29SEP2026,1317.85,1321.7,1317.85,1321.7,2
2026-08-20 10:01:00,BANKNIFTY29SEP2657300PE,57300.0,PE,29SEP2026,526.3,531.1,525.4,530.05,9
2026-08-20 10:01:00,BANKNIFTY29SEP2657400CE,57400.0,CE,29SEP2026,1259.85,1259.85,1259.85,1259.85,1
2026-08-20 10:01:00,BANKNIFTY29SEP2657400PE,57400.0,PE,29SEP2026,566.4,566.8,566.4,566.8,9
2026-08-20 10:01:00,BANKNIFTY29SEP2657500CE,57500.0,CE,29SEP2026,1179.85,1179.85,1168.35,1170.35,9
2026-08-20 10:01:00,BANKNIFTY29SEP2657500PE,57500.0,PE,29SEP2026,587.95,595.35,585.0,595.35,42
2026-08-20 10:02:00,BANKNIFTY29SEP2655500PE,55500.0,PE,29SEP2026,166.0,169.1,165.9,166.15,82
2026-08-20 10:02:00,BANKNIFTY29SEP2656000CE,56000.0,CE,29SEP2026,2287.4,2287.4,2287.0,2287.0,5
2026-08-20 10:02:00,BANKNIFTY29SEP2656000PE,56000.0,PE,29SEP2026,229.95,231.9,229.6,230.6,59
2026-08-20 10:02:00,BANKNIFTY29SEP2656500CE,56500.0,CE,29SEP2026,1881.8,1881.8,1875.35,1875.35,3
2026-08-20 10:02:00,BANKNIFTY29SEP2656500PE,56500.0,PE,29SEP2026,317.1,317.1,316.25,316.35,4
2026-08-20 10:02:00,BANKNIFTY29SEP2657000PE,57000.0,PE,29SEP2026,439.25,440.7,438.0,438.0,22
2026-08-20 10:02:00,BANKNIFTY29SEP2657100CE,57100.0,CE,29SEP2026,1441.45,1441.45,1440.0,1440.0,4
2026-08-20 10:02:00,BANKNIFTY29SEP2657200PE,57200.0,PE,29SEP2026,501.45,501.45,501.45,501.45,1
2026-08-20 10:02:00,BANKNIFTY29SEP2657300CE,57300.0,CE,29SEP2026,1299.85,1299.85,1299.8,1299.8,2
2026-08-20 10:02:00,BANKNIFTY29SEP2657300PE,57300.0,PE,29SEP2026,531.05,531.1,531.05,531.1,2
2026-08-20 10:02:00,BANKNIFTY29SEP2657400PE,57400.0,PE,29SEP2026,566.6,566.6,563.05,563.05,17
2026-08-20 10:02:00,BANKNIFTY29SEP2657500CE,57500.0,CE,29SEP2026,1165.2,1174.2,1165.2,1173.0,34
2026-08-20 10:02:00,BANKNIFTY29SEP2657500PE,57500.0,PE,29SEP2026,595.1,595.1,588.55,593.55,16
2026-08-20 10:03:00,BANKNIFTY29SEP2655500PE,55500.0,PE,29SEP2026,166.85,166.85,166.85,166.85,1
2026-08-20 10:03:00,BANKNIFTY29SEP2656000PE,56000.0,PE,29SEP2026,230.5,231.5,230.45,231.0,22
2026-08-20 10:03:00,BANKNIFTY29SEP2656600PE,56600.0,PE,29SEP2026,342.75,342.75,342.75,342.75,1
2026-08-20 10:03:00,BANKNIFTY29SEP2656700CE,56700.0,CE,29SEP2026,1739.15,1739.15,1739.15,1739.15,1
2026-08-20 10:03:00,BANKNIFTY29SEP2657000CE,57000.0,CE,29SEP2026,1514.95,1514.95,1514.95,1514.95,2
2026-08-20 10:03:00,BANKNIFTY29SEP2657000PE,57000.0,PE,29SEP2026,440.0,440.0,436.75,436.75,31
2026-08-20 10:03:00,BANKNIFTY29SEP2657100PE,57100.0,PE,29SEP2026,471.65,471.65,471.65,471.65,1
2026-08-20 10:03:00,BANKNIFTY29SEP2657200PE,57200.0,PE,29SEP2026,500.7,500.7,500.7,500.7,1
2026-08-20 10:03:00,BANKNIFTY29SEP2657300CE,57300.0,CE,29SEP2026,1299.8,1299.8,1299.8,1299.8,1
2026-08-20 10:03:00,BANKNIFTY29SEP2657300PE,57300.0,PE,29SEP2026,531.65,533.2,531.65,533.2,2
2026-08-20 10:03:00,BANKNIFTY29SEP2657400CE,57400.0,CE,29SEP2026,1245.65,1245.65,1245.65,1245.65,1
2026-08-20 10:03:00,BANKNIFTY29SEP2657400PE,57400.0,PE,29SEP2026,565.25,565.25,565.25,565.25,1
2026-08-20 10:03:00,BANKNIFTY29SEP2657500CE,57500.0,CE,29SEP2026,1172.95,1173.0,1164.8,1169.75,31
2026-08-20 10:03:00,BANKNIFTY29SEP2657500PE,57500.0,PE,29SEP2026,590.95,595.05,590.95,590.95,7
2026-08-20 10:04:00,BANKNIFTY29SEP2656000PE,56000.0,PE,29SEP2026,231.0,231.0,230.0,230.0,3
2026-08-20 10:04:00,BANKNIFTY29SEP2656500PE,56500.0,PE,29SEP2026,318.25,319.75,317.0,317.0,9
2026-08-20 10:04:00,BANKNIFTY29SEP2656600PE,56600.0,PE,29SEP2026,340.0,340.0,340.0,340.0,3
2026-08-20 10:04:00,BANKNIFTY29SEP2656700PE,56700.0,PE,29SEP2026,362.3,362.3,362.3,362.3,1
2026-08-20 10:04:00,BANKNIFTY29SEP2656800PE,56800.0,PE,29SEP2026,387.7,387.7,387.7,387.7,1
2026-08-20 10:04:00,BANKNIFTY29SEP2657000CE,57000.0,CE,29SEP2026,1511.7,1512.0,1511.7,1512.0,3
2026-08-20 10:04:00,BANKNIFTY29SEP2657000PE,57000.0,PE,29SEP2026,439.2,440.0,438.15,439.1,33
2026-08-20 10:04:00,BANKNIFTY29SEP2657200CE,57200.0,CE,29SEP2026,1365.35,1365.35,1365.35,1365.35,1
2026-08-20 10:04:00,BANKNIFTY29SEP2657200PE,57200.0,PE,29SEP2026,501.0,501.0,501.0,501.0,16
2026-08-20 10:04:00,BANKNIFTY29SEP2657300CE,57300.0,CE,29SEP2026,1296.8,1296.8,1296.8,1296.8,1
2026-08-20 10:04:00,BANKNIFTY29SEP2657300PE,57300.0,PE,29SEP2026,531.55,531.55,531.55,531.55,1
2026-08-20 10:04:00,BANKNIFTY29SEP2657400PE,57400.0,PE,29SEP2026,565.25,565.25,564.9,564.9,4
2026-08-20 10:04:00,BANKNIFTY29SEP2657500CE,57500.0,CE,29SEP2026,1168.95,1173.0,1168.05,1173.0,13
2026-08-20 10:04:00,BANKNIFTY29SEP2657500PE,57500.0,PE,29SEP2026,593.4,593.8,590.0,590.65,17
2026-08-20 10:05:00,BANKNIFTY29SEP2655500PE,55500.0,PE,29SEP2026,166.75,166.75,166.0,166.0,4
2026-08-20 10:05:00,BANKNIFTY29SEP2656000PE,56000.0,PE,29SEP2026,230.9,230.9,230.9,230.9,1
2026-08-20 10:05:00,BANKNIFTY29SEP2656500CE,56500.0,CE,29SEP2026,1890.0,1890.0,1890.0,1890.0,2
2026-08-20 10:05:00,BANKNIFTY29SEP2656500PE,56500.0,PE,29SEP2026,319.45,319.45,316.85,316.9,6
2026-08-20 10:05:00,BANKNIFTY29SEP2656700PE,56700.0,PE,29SEP2026,366.4,366.4,366.4,366.4,1
2026-08-20 10:05:00,BANKNIFTY29SEP2657000CE,57000.0,CE,29SEP2026,1515.0,1515.0,1510.0,1510.0,4
2026-08-20 10:05:00,BANKNIFTY29SEP2657000PE,57000.0,PE,29SEP2026,438.0,438.0,438.0,438.0,5
2026-08-20 10:05:00,BANKNIFTY29SEP2657200CE,57200.0,CE,29SEP2026,1366.9,1366.9,1366.9,1366.9,1
2026-08-20 10:05:00,BANKNIFTY29SEP2657300PE,57300.0,PE,29SEP2026,530.1,530.1,530.1,530.1,1
2026-08-20 10:05:00,BANKNIFTY29SEP2657400PE,57400.0,PE,29SEP2026,563.55,563.55,563.55,563.55,4
2026-08-20 10:05:00,BANKNIFTY29SEP2657500CE,57500.0,CE,29SEP2026,1174.65,1174.65,1168.0,1168.0,4
2026-08-20 10:05:00,BANKNIFTY29SEP2657500PE,57500.0,PE,29SEP2026,590.65,594.05,590.1,592.35,19
2026-08-20 10:06:00,BANKNIFTY29SEP2655500PE,55500.0,PE,29SEP2026,166.1,166.1,166.0,166.0,20
2026-08-20 10:06:00,BANKNIFTY29SEP2656000PE,56000.0,PE,29SEP2026,230.1,231.85,230.0,231.85,12
2026-08-20 10:06:00,BANKNIFTY29SEP2656200PE,56200.0,PE,29SEP2026,260.75,260.75,260.75,260.75,1
2026-08-20 10:06:00,BANKNIFTY29SEP2656500PE,56500.0,PE,29SEP2026,318.8,319.15,317.95,317.95,12
2026-08-20 10:06:00,BANKNIFTY29SEP2656800PE,56800.0,PE,29SEP2026,386.75,386.75,386.75,386.75,4
2026-08-20 10:06:00,BANKNIFTY29SEP2656900PE,56900.0,PE,29SEP2026,412.05,412.05,412.05,412.05,1
2026-08-20 10:06:00,BANKNIFTY29SEP2657000CE,57000.0,CE,29SEP2026,1509.95,1516.95,1509.95,1516.95,10
2026-08-20 10:06:00,BANKNIFTY29SEP2657000PE,57000.0,PE,29SEP2026,439.0,439.0,437.0,438.0,11
2026-08-20 10:06:00,BANKNIFTY29SEP2657100PE,57100.0,PE,29SEP2026,471.05,471.25,471.05,471.25,2
2026-08-20 10:06:00,BANKNIFTY29SEP2657200CE,57200.0,CE,29SEP2026,1365.75,1365.75,1364.2,1364.2,8
2026-08-20 10:06:00,BANKNIFTY29SEP2657200PE,57200.0,PE,29SEP2026,498.7,500.35,498.7,499.85,6
2026-08-20 10:06:00,BANKNIFTY29SEP2657300PE,57300.0,PE,29SEP2026,529.65,529.65,529.1,529.1,4
2026-08-20 10:06:00,BANKNIFTY29SEP2657400PE,57400.0,PE,29SEP2026,565.55,567.1,564.35,564.35,13
2026-08-20 10:06:00,BANKNIFTY29SEP2657500CE,57500.0,CE,29SEP2026,1171.0,1176.55,1168.2,1175.35,23
2026-08-20 10:06:00,BANKNIFTY29SEP2657500PE,57500.0,PE,29SEP2026,592.0,593.6,589.85,593.6,43
2026-08-20 10:07:00,BANKNIFTY29SEP2655500PE,55500.0,PE,29SEP2026,167.0,167.0,164.65,164.65,29
2026-08-20 10:07:00,BANKNIFTY29SEP2656000PE,56000.0,PE,29SEP2026,230.2,230.2,229.75,229.75,14
2026-08-20 10:07:00,BANKNIFTY29SEP2656500CE,56500.0,CE,29SEP2026,1890.0,1890.0,1890.0,1890.0,1
2026-08-20 10:07:00,BANKNIFTY29SEP2656500PE,56500.0,PE,29SEP2026,317.95,317.95,317.6,317.6,3
2026-08-20 10:07:00,BANKNIFTY29SEP2657000CE,57000.0,CE,29SEP2026,1515.95,1516.75,1515.95,1516.75,2
2026-08-20 10:07:00,BANKNIFTY29SEP2657000PE,57000.0,PE,29SEP2026,439.0,439.0,435.0,435.8,11
2026-08-20 10:07:00,BANKNIFTY29SEP2657200CE,57200.0,CE,29SEP2026,1363.45,1363.45,1363.1,1363.1,5
2026-08-20 10:07:00,BANKNIFTY29SEP2657200PE,57200.0,PE,29SEP2026,500.4,501.0,500.0,500.0,7
2026-08-20 10:07:00,BANKNIFTY29SEP2657300PE,57300.0,PE,29SEP2026,529.1,529.1,529.1,529.1,7
2026-08-20 10:07:00,BANKNIFTY29SEP2657400PE,57400.0,PE,29SEP2026,564.95,564.95,564.95,564.95,1
2026-08-20 10:07:00,BANKNIFTY29SEP2657500CE,57500.0,CE,29SEP2026,1173.95,1173.95,1166.1,1172.8,7
2026-08-20 10:07:00,BANKNIFTY29SEP2657500PE,57500.0,PE,29SEP2026,593.95,593.95,588.95,588.95,28
2026-08-20 10:08:00,BANKNIFTY29SEP2655500PE,55500.0,PE,29SEP2026,166.35,166.35,164.5,164.5,9
2026-08-20 10:08:00,BANKNIFTY29SEP2656000PE,56000.0,PE,29SEP2026,229.75,229.8,229.55,229.75,10
2026-08-20 10:08:00,BANKNIFTY29SEP2656200PE,56200.0,PE,29SEP2026,259.25,259.25,259.25,259.25,1
2026-08-20 10:08:00,BANKNIFTY29SEP2656500CE,56500.0,CE,29SEP2026,1890.0,1890.0,1890.0,1890.0,10
2026-08-20 10:08:00,BANKNIFTY29SEP2656500PE,56500.0,PE,29SEP2026,318.0,318.65,318.0,318.65,3
2026-08-20 10:08:00,BANKNIFTY29SEP2657000CE,57000.0,CE,29SEP2026,1513.35,1513.35,1513.35,1513.35,2
2026-08-20 10:08:00,BANKNIFTY29SEP2657000PE,57000.0,PE,29SEP2026,437.05,437.05,437.05,437.05,2
2026-08-20 10:08:00,BANKNIFTY29SEP2657200CE,57200.0,CE,29SEP2026,1365.25,1379.4,1365.25,1379.4,2
2026-08-20 10:08:00,BANKNIFTY29SEP2657200PE,57200.0,PE,29SEP2026,497.9,497.9,496.8,497.9,6
2026-08-20 10:08:00,BANKNIFTY29SEP2657300CE,57300.0,CE,29SEP2026,1311.75,1315.35,1302.9,1302.9,3
2026-08-20 10:08:00,BANKNIFTY29SEP2657300PE,57300.0,PE,29SEP2026,528.45,528.45,528.45,528.45,1
2026-08-20 10:08:00,BANKNIFTY29SEP2657500CE,57500.0,CE,29SEP2026,1172.2,1174.1,1171.0,1171.0,13
2026-08-20 10:08:00,BANKNIFTY29SEP2657500PE,57500.0,PE,29SEP2026,590.2,592.4,588.1,590.2,29
2026-08-20 10:09:00,BANKNIFTY29SEP2655500PE,55500.0,PE,29SEP2026,164.5,165.9,164.5,165.9,2
2026-08-20 10:09:00,BANKNIFTY29SEP2656000CE,56000.0,CE,29SEP2026,2299.85,2299.85,2299.85,2299.85,1
2026-08-20 10:09:00,BANKNIFTY29SEP2656000PE,56000.0,PE,29SEP2026,229.45,230.55,229.0,230.4,10
2026-08-20 10:09:00,BANKNIFTY29SEP2656500CE,56500.0,CE,29SEP2026,1896.6,1896.6,1893.0,1896.0,4
2026-08-20 10:09:00,BANKNIFTY29SEP2656500PE,56500.0,PE,29SEP2026,316.1,318.0,316.1,316.55,20
2026-08-20 10:09:00,BANKNIFTY29SEP2656600PE,56600.0,PE,29SEP2026,342.2,342.2,342.2,342.2,1
2026-08-20 10:09:00,BANKNIFTY29SEP2656800PE,56800.0,PE,29SEP2026,385.6,385.6,385.0,385.0,2
2026-08-20 10:09:00,BANKNIFTY29SEP2657000CE,57000.0,CE,29SEP2026,1515.05,1518.95,1511.75,1518.95,8
2026-08-20 10:09:00,BANKNIFTY29SEP2657000PE,57000.0,PE,29SEP2026,436.95,438.0,435.05,435.85,18
2026-08-20 10:09:00,BANKNIFTY29SEP2657100PE,57100.0,PE,29SEP2026,467.15,467.15,467.15,467.15,1
2026-08-20 10:09:00,BANKNIFTY29SEP2657200CE,57200.0,CE,29SEP2026,1379.9,1379.95,1365.3,1365.3,9
2026-08-20 10:09:00,BANKNIFTY29SEP2657200PE,57200.0,PE,29SEP2026,496.85,499.1,496.4,497.05,14
2026-08-20 10:09:00,BANKNIFTY29SEP2657300PE,57300.0,PE,29SEP2026,528.85,530.15,528.85,530.15,29
2026-08-20 10:09:00,BANKNIFTY29SEP2657400PE,57400.0,PE,29SEP2026,561.95,561.95,561.85,561.85,6
2026-08-20 10:09:00,BANKNIFTY29SEP2657500CE,57500.0,CE,29SEP2026,1176.3,1176.45,1170.95,1175.25,11
2026-08-20 10:09:00,BANKNIFTY29SEP2657500PE,57500.0,PE,29SEP2026,589.8,592.1,589.4,589.4,16
2026-08-20 10:10:00,BANKNIFTY29SEP2655500PE,55500.0,PE,29SEP2026,164.4,164.45,164.35,164.35,9
2026-08-20 10:10:00,BANKNIFTY29SEP2656000PE,56000.0,PE,29SEP2026,229.0,229.0,229.0,229.0,1
2026-08-20 10:10:00,BANKNIFTY29SEP2656500CE,56500.0,CE,29SEP2026,1896.0,1896.0,1896.0,1896.0,5
2026-08-20 10:10:00,BANKNIFTY29SEP2656500PE,56500.0,PE,29SEP2026,316.0,317.8,315.15,317.8,4
2026-08-20 10:10:00,BANKNIFTY29SEP2656600PE,56600.0,PE,29SEP2026,341.45,341.45,336.45,336.45,2
2026-08-20 10:10:00,BANKNIFTY29SEP2656800PE,56800.0,PE,29SEP2026,385.95,385.95,385.95,385.95,1
2026-08-20 10:10:00,BANKNIFTY29SEP2656900PE,56900.0,PE,29SEP2026,410.0,410.0,410.0,410.0,4
2026-08-20 10:10:00,BANKNIFTY29SEP2657000PE,57000.0,PE,29SEP2026,437.5,437.55,437.5,437.55,2
2026-08-20 10:10:00,BANKNIFTY29SEP2657200CE,57200.0,CE,29SEP2026,1367.95,1367.95,1367.95,1367.95,1
2026-08-20 10:10:00,BANKNIFTY29SEP2657200PE,57200.0,PE,29SEP2026,497.35,497.35,497.35,497.35,1
2026-08-20 10:10:00,BANKNIFTY29SEP2657300PE,57300.0,PE,29SEP2026,528.95,528.95,528.95,528.95,6
2026-08-20 10:10:00,BANKNIFTY29SEP2657400CE,57400.0,CE,29SEP2026,1238.25,1238.25,1238.25,1238.25,1
2026-08-20 10:10:00,BANKNIFTY29SEP2657500CE,57500.0,CE,29SEP2026,1173.05,1177.15,1173.05,1176.45,17
2026-08-20 10:10:00,BANKNIFTY29SEP2657500PE,57500.0,PE,29SEP2026,589.4,591.45,588.9,589.7,21
2026-08-20 10:11:00,BANKNIFTY29SEP2655500CE,55500.0,CE,29SEP2026,2735.0,2735.0,2735.0,2735.0,1
2026-08-20 10:11:00,BANKNIFTY29SEP2655500PE,55500.0,PE,29SEP2026,164.35,164.9,162.85,163.0,138
2026-08-20 10:11:00,BANKNIFTY29SEP2656000CE,56000.0,CE,29SEP2026,2300.0,2300.0,2300.0,2300.0,1
2026-08-20 10:11:00,BANKNIFTY29SEP2656000PE,56000.0,PE,29SEP2026,230.0,230.0,225.5,225.65,50
2026-08-20 10:11:00,BANKNIFTY29SEP2656500PE,56500.0,PE,29SEP2026,315.3,315.3,312.2,312.7,69
2026-08-20 10:11:00,BANKNIFTY29SEP2657000CE,57000.0,CE,29SEP2026,1520.0,1527.95,1520.0,1527.95,6
2026-08-20 10:11:00,BANKNIFTY29SEP2657000PE,57000.0,PE,29SEP2026,435.0,435.35,432.2,433.95,27
2026-08-20 10:11:00,BANKNIFTY29SEP2657200CE,57200.0,CE,29SEP2026,1380.0,1380.0,1380.0,1380.0,6
2026-08-20 10:11:00,BANKNIFTY29SEP2657200PE,57200.0,PE,29SEP2026,495.45,497.5,494.35,494.35,10
2026-08-20 10:11:00,BANKNIFTY29SEP2657300PE,57300.0,PE,29SEP2026,527.65,527.65,523.9,523.9,7
2026-08-20 10:11:00,BANKNIFTY29SEP2657400PE,57400.0,PE,29SEP2026,558.6,558.6,558.1,558.1,4
2026-08-20 10:11:00,BANKNIFTY29SEP2657500CE,57500.0,CE,29SEP2026,1179.95,1188.9,1179.95,1186.75,20
2026-08-20 10:11:00,BANKNIFTY29SEP2657500PE,57500.0,PE,29SEP2026,586.85,588.35,583.0,585.1,116
2026-08-20 10:12:00,BANKNIFTY29SEP2655500PE,55500.0,PE,29SEP2026,163.9,163.9,162.5,163.5,46
2026-08-20 10:12:00,BANKNIFTY29SEP2656000PE,56000.0,PE,29SEP2026,227.0,227.9,225.55,227.9,19
2026-08-20 10:12:00,BANKNIFTY29SEP2656200PE,56200.0,PE,29SEP2026,261.55,261.55,261.55,261.55,1
2026-08-20 10:12:00,BANKNIFTY29SEP2656500CE,56500.0,CE,29SEP2026,1896.05,1896.05,1896.05,1896.05,1
2026-08-20 10:12:00,BANKNIFTY29SEP2656500PE,56500.0,PE,29SEP2026,313.15,313.15,311.15,312.35,36
2026-08-20 10:12:00,BANKNIFTY29SEP2656700CE,56700.0,CE,29SEP2026,1723.85,1723.85,1723.3,1723.3,10
2026-08-20 10:12:00,BANKNIFTY29SEP2657000CE,57000.0,CE,29SEP2026,1528.0,1529.95,1528.0,1529.95,6
2026-08-20 10:12:00,BANKNIFTY29SEP2657000PE,57000.0,PE,29SEP2026,432.4,434.0,432.0,434.0,7
2026-08-20 10:12:00,BANKNIFTY29SEP2657200PE,57200.0,PE,29SEP2026,494.35,494.35,494.35,494.35,1
2026-08-20 10:12:00,BANKNIFTY29SEP2657300PE,57300.0,PE,29SEP2026,525.0,529.6,525.0,529.6,2
2026-08-20 10:12:00,BANKNIFTY29SEP2657400PE,57400.0,PE,29SEP2026,559.65,561.15,555.45,555.5,11
2026-08-20 10:12:00,BANKNIFTY29SEP2657500CE,57500.0,CE,29SEP2026,1185.9,1189.0,1181.1,1183.4,8
2026-08-20 10:12:00,BANKNIFTY29SEP2657500PE,57500.0,PE,29SEP2026,585.2,589.0,584.3,589.0,57
2026-08-20 10:13:00,BANKNIFTY29SEP2655500PE,55500.0,PE,29SEP2026,163.55,165.0,162.55,163.0,143
2026-08-20 10:13:00,BANKNIFTY29SEP2656000PE,56000.0,PE,29SEP2026,227.85,227.85,226.3,226.3,48
2026-08-20 10:13:00,BANKNIFTY29SEP2656200PE,56200.0,PE,29SEP2026,260.2,260.35,260.2,260.35,4
2026-08-20 10:13:00,BANKNIFTY29SEP2656300PE,56300.0,PE,29SEP2026,278.15,278.15,278.15,278.15,1
2026-08-20 10:13:00,BANKNIFTY29SEP2656500CE,56500.0,CE,29SEP2026,1896.0,1896.0,1896.0,1896.0,6
2026-08-20 10:13:00,BANKNIFTY29SEP2656500PE,56500.0,PE,29SEP2026,312.85,314.35,312.85,313.05,33
2026-08-20 10:13:00,BANKNIFTY29SEP2656700CE,56700.0,CE,29SEP2026,1722.85,1728.1,1719.0,1721.2,41
2026-08-20 10:13:00,BANKNIFTY29SEP2656700PE,56700.0,PE,29SEP2026,358.35,358.35,356.45,356.45,8
2026-08-20 10:13:00,BANKNIFTY29SEP2657000CE,57000.0,CE,29SEP2026,1522.0,1522.0,1520.05,1520.05,8
2026-08-20 10:13:00,BANKNIFTY29SEP2657000PE,57000.0,PE,29SEP2026,433.0,435.0,433.0,434.0,22
2026-08-20 10:13:00,BANKNIFTY29SEP2657300PE,57300.0,PE,29SEP2026,526.85,526.85,526.85,526.85,1
2026-08-20 10:13:00,BANKNIFTY29SEP2657400CE,57400.0,CE,29SEP2026,1248.65,1248.65,1248.65,1248.65,1
2026-08-20 10:13:00,BANKNIFTY29SEP2657500CE,57500.0,CE,29SEP2026,1181.25,1181.25,1175.55,1175.75,11
2026-08-20 10:13:00,BANKNIFTY29SEP2657500PE,57500.0,PE,29SEP2026,589.7,589.7,587.45,587.45,23
2026-08-20 10:14:00,BANKNIFTY29SEP2655500PE,55500.0,PE,29SEP2026,162.55,162.55,162.35,162.35,6
2026-08-20 10:14:00,BANKNIFTY29SEP2656000PE,56000.0,PE,29SEP2026,225.75,226.65,225.0,226.45,9
2026-08-20 10:14:00,BANKNIFTY29SEP2656200PE,56200.0,PE,29SEP2026,257.35,257.35,257.1,257.1,2
2026-08-20 10:14:00,BANKNIFTY29SEP2656500CE,56500.0,CE,29SEP2026,1898.0,1898.0,1898.0,1898.0,1
2026-08-20 10:14:00,BANKNIFTY29SEP2656500PE,56500.0,PE,29SEP2026,313.3,314.0,313.05,313.5,83
2026-08-20 10:14:00,BANKNIFTY29SEP2656700CE,56700.0,CE,29SEP2026,1724.3,1724.3,1715.0,1717.95,50
2026-08-20 10:14:00,BANKNIFTY29SEP2656700PE,56700.0,PE,29SEP2026,355.55,355.8,355.3,355.4,12
2026-08-20 10:14:00,BANKNIFTY29SEP2657000CE,57000.0,CE,29SEP2026,1523.4,1523.45,1520.0,1520.0,5
2026-08-20 10:14:00,BANKNIFTY29SEP2657000PE,57000.0,PE,29SEP2026,435.0,435.5,434.0,434.0,14
2026-08-20 10:14:00,BANKNIFTY29SEP2657200CE,57200.0,CE,29SEP2026,1384.9,1384.9,1384.9,1384.9,1
2026-08-20 10:14:00,BANKNIFTY29SEP2657200PE,57200.0,PE,29SEP2026,492.15,495.1,492.15,495.1,2
2026-08-20 10:14:00,BANKNIFTY29SEP2657300CE,57300.0,CE,29SEP2026,1308.55,1318.3,1308.55,1318.3,2
2026-08-20 10:14:00,BANKNIFTY29SEP2657300PE,57300.0,PE,29SEP2026,525.75,525.9,524.15,525.15,16
2026-08-20 10:14:00,BANKNIFTY29SEP2657400CE,57400.0,CE,29SEP2026,1250.0,1254.8,1250.0,1254.8,3
2026-08-20 10:14:00,BANKNIFTY29SEP2657400PE,57400.0,PE,29SEP2026,558.5,558.9,556.85,556.85,10
2026-08-20 10:14:00,BANKNIFTY29SEP2657500CE,57500.0,CE,29SEP2026,1174.35,1183.1,1174.35,1183.1,16
2026-08-20 10:14:00,BANKNIFTY29SEP2657500PE,57500.0,PE,29SEP2026,586.0,588.5,583.9,584.85,21
2026-08-20 10:15:00,BANKNIFTY29SEP2655500PE,55500.0,PE,29SEP2026,161.95,162.4,160.5,162.15,15
2026-08-20 10:15:00,BANKNIFTY29SEP2656000PE,56000.0,PE,29SEP2026,225.0,226.2,224.0,224.15,29
2026-08-20 10:15:00,BANKNIFTY29SEP2656200PE,56200.0,PE,29SEP2026,258.0,258.0,258.0,258.0,1
2026-08-20 10:15:00,BANKNIFTY29SEP2656500PE,56500.0,PE,29SEP2026,313.05,313.5,310.1,311.0,68
2026-08-20 10:15:00,BANKNIFTY29SEP2656700CE,56700.0,CE,29SEP2026,1738.75,1751.6,1738.75,1749.6,4
2026-08-20 10:15:00,BANKNIFTY29SEP2656700PE,56700.0,PE,29SEP2026,355.8,355.8,355.8,355.8,1
2026-08-20 10:15:00,BANKNIFTY29SEP2656800PE,56800.0,PE,29SEP2026,384.75,384.75,384.75,384.75,1
2026-08-20 10:15:00,BANKNIFTY29SEP2656900PE,56900.0,PE,29SEP2026,409.5,409.5,404.1,404.1,2
2026-08-20 10:15:00,BANKNIFTY29SEP2657000CE,57000.0,CE,29SEP2026,1522.05,1530.0,1515.0,1530.0,79
2026-08-20 10:15:00,BANKNIFTY29SEP2657000PE,57000.0,PE,29SEP2026,433.0,433.0,430.1,430.55,25
2026-08-20 10:15:00,BANKNIFTY29SEP2657100CE,57100.0,CE,29SEP2026,1446.0,1446.0,1445.95,1445.95,2
2026-08-20 10:15:00,BANKNIFTY29SEP2657300PE,57300.0,PE,29SEP2026,524.8,524.95,524.0,524.0,9
2026-08-20 10:15:00,BANKNIFTY29SEP2657400PE,57400.0,PE,29SEP2026,555.55,555.75,555.55,555.55,7
2026-08-20 10:15:00,BANKNIFTY29SEP2657500CE,57500.0,CE,29SEP2026,1183.9,1186.8,1180.9,1182.75,42
2026-08-20 10:15:00,BANKNIFTY29SEP2657500PE,57500.0,PE,29SEP2026,585.45,586.0,581.65,581.65,41
2026-08-20 10:16:00,BANKNIFTY29SEP2655500PE,55500.0,PE,29SEP2026,162.0,162.15,161.15,161.15,13
2026-08-20 10:16:00,BANKNIFTY29SEP2656000PE,56000.0,PE,29SEP2026,224.15,224.15,224.15,224.15,19
2026-08-20 10:16:00,BANKNIFTY29SEP2656500PE,56500.0,PE,29SEP2026,310.1,311.0,310.1,311.0,9
2026-08-20 10:16:00,BANKNIFTY29SEP2656700PE,56700.0,PE,29SEP2026,356.5,356.5,356.5,356.5,1
2026-08-20 10:16:00,BANKNIFTY29SEP2656900PE,56900.0,PE,29SEP2026,404.85,404.85,404.85,404.85,1
2026-08-20 10:16:00,BANKNIFTY29SEP2657000CE,57000.0,CE,29SEP2026,1528.0,1530.95,1528.0,1530.95,8
2026-08-20 10:16:00,BANKNIFTY29SEP2657000PE,57000.0,PE,29SEP2026,430.0,432.35,429.05,429.05,101
2026-08-20 10:16:00,BANKNIFTY29SEP2657100PE,57100.0,PE,29SEP2026,461.5,461.5,460.0,460.0,13
2026-08-20 10:16:00,BANKNIFTY29SEP2657200CE,57200.0,CE,29SEP2026,1394.0,1395.0,1394.0,1395.0,2
2026-08-20 10:16:00,BANKNIFTY29SEP2657200PE,57200.0,PE,29SEP2026,491.0,491.0,490.0,490.1,6
2026-08-20 10:16:00,BANKNIFTY29SEP2657300PE,57300.0,PE,29SEP2026,521.0,521.05,520.2,520.2,3
2026-08-20 10:16:00,BANKNIFTY29SEP2657400PE,57400.0,PE,29SEP2026,555.6,555.6,555.5,555.5,10
2026-08-20 10:16:00,BANKNIFTY29SEP2657500CE,57500.0,CE,29SEP2026,1187.0,1192.0,1187.0,1187.75,38
2026-08-20 10:16:00,BANKNIFTY29SEP2657500PE,57500.0,PE,29SEP2026,583.0,583.6,578.5,578.55,80
2026-08-20 10:17:00,BANKNIFTY29SEP2655500PE,55500.0,PE,29SEP2026,161.25,161.5,160.3,161.2,8
2026-08-20 10:17:00,BANKNIFTY29SEP2656000PE,56000.0,PE,29SEP2026,222.65,224.55,222.45,222.5,17
2026-08-20 10:17:00,BANKNIFTY29SEP2656500CE,56500.0,CE,29SEP2026,1914.75,1914.75,1914.75,1914.75,1
2026-08-20 10:17:00,BANKNIFTY29SEP2656500PE,56500.0,PE,29SEP2026,310.4,311.0,309.0,309.0,15
2026-08-20 10:17:00,BANKNIFTY29SEP2656600PE,56600.0,PE,29SEP2026,330.65,330.65,330.65,330.65,1
2026-08-20 10:17:00,BANKNIFTY29SEP2656700CE,56700.0,CE,29SEP2026,1754.6,1756.0,1754.6,1756.0,2
2026-08-20 10:17:00,BANKNIFTY29SEP2656700PE,56700.0,PE,29SEP2026,356.0,356.0,356.0,356.0,1
2026-08-20 10:17:00,BANKNIFTY29SEP2656900PE,56900.0,PE,29SEP2026,402.8,402.8,399.3,399.3,4
2026-08-20 10:17:00,BANKNIFTY29SEP2657000CE,57000.0,CE,29SEP2026,1531.05,1535.0,1531.0,1531.05,5
2026-08-20 10:17:00,BANKNIFTY29SEP2657000PE,57000.0,PE,29SEP2026,430.0,431.0,429.95,431.0,18
2026-08-20 10:17:00,BANKNIFTY29SEP2657100PE,57100.0,PE,29SEP2026,460.4,461.95,460.0,461.95,8
2026-08-20 10:17:00,BANKNIFTY29SEP2657200CE,57200.0,CE,29SEP2026,1399.95,1399.95,1399.95,1399.95,1
2026-08-20 10:17:00,BANKNIFTY29SEP2657200PE,57200.0,PE,29SEP2026,490.7,490.7,489.85,490.1,5
2026-08-20 10:17:00,BANKNIFTY29SEP2657300PE,57300.0,PE,29SEP2026,520.2,520.3,520.2,520.3,2
2026-08-20 10:17:00,BANKNIFTY29SEP2657400CE,57400.0,CE,29SEP2026,1263.9,1263.9,1255.1,1255.1,2
2026-08-20 10:17:00,BANKNIFTY29SEP2657500CE,57500.0,CE,29SEP2026,1191.75,1191.75,1187.25,1187.25,3
2026-08-20 10:17:00,BANKNIFTY29SEP2657500PE,57500.0,PE,29SEP2026,578.9,581.5,578.9,581.5,8
2026-08-20 10:18:00,BANKNIFTY29SEP2655500PE,55500.0,PE,29SEP2026,161.1,161.2,160.2,160.2,3
2026-08-20 10:18:00,BANKNIFTY29SEP2656000PE,56000.0,PE,29SEP2026,224.65,224.7,224.5,224.7,7
2026-08-20 10:18:00,BANKNIFTY29SEP2656500PE,56500.0,PE,29SEP2026,309.0,311.25,309.0,309.35,6
2026-08-20 10:18:00,BANKNIFTY29SEP2656700CE,56700.0,CE,29SEP2026,1754.3,1754.3,1754.3,1754.3,1
2026-08-20 10:18:00,BANKNIFTY29SEP2657000CE,57000.0,CE,29SEP2026,1531.05,1531.05,1531.0,1531.0,6
2026-08-20 10:18:00,BANKNIFTY29SEP2657000PE,57000.0,PE,29SEP2026,429.45,432.95,429.0,430.25,19
2026-08-20 10:18:00,BANKNIFTY29SEP2657100CE,57100.0,CE,29SEP2026,1446.45,1446.45,1446.45,1446.45,2
2026-08-20 10:18:00,BANKNIFTY29SEP2657100PE,57100.0,PE,29SEP2026,461.95,461.95,461.95,461.95,1
2026-08-20 10:18:00,BANKNIFTY29SEP2657200PE,57200.0,PE,29SEP2026,492.0,492.0,492.0,492.0,1
2026-08-20 10:18:00,BANKNIFTY29SEP2657500CE,57500.0,CE,29SEP2026,1190.5,1190.5,1185.7,1187.95,5
2026-08-20 10:18:00,BANKNIFTY29SEP2657500PE,57500.0,PE,29SEP2026,582.05,583.3,580.6,583.3,20
2026-08-20 10:19:00,BANKNIFTY29SEP2655500PE,55500.0,PE,29SEP2026,160.9,161.5,160.45,161.2,10
2026-08-20 10:19:00,BANKNIFTY29SEP2656000CE,56000.0,CE,29SEP2026,2293.4,2297.0,2293.4,2297.0,3
2026-08-20 10:19:00,BANKNIFTY29SEP2656000PE,56000.0,PE,29SEP2026,223.5,224.65,223.45,224.65,3
2026-08-20 10:19:00,BANKNIFTY29SEP2656200PE,56200.0,PE,29SEP2026,258.75,258.75,258.75,258.75,2
2026-08-20 10:19:00,BANKNIFTY29SEP2656300PE,56300.0,PE,29SEP2026,272.2,272.2,272.2,272.2,3
2026-08-20 10:19:00,BANKNIFTY29SEP2656500PE,56500.0,PE,29SEP2026,312.0,312.0,312.0,312.0,2
2026-08-20 10:19:00,BANKNIFTY29SEP2656800PE,56800.0,PE,29SEP2026,382.2,382.2,382.2,382.2,1
2026-08-20 10:19:00,BANKNIFTY29SEP2657000CE,57000.0,CE,29SEP2026,1530.0,1530.0,1521.0,1521.0,9
2026-08-20 10:19:00,BANKNIFTY29SEP2657000PE,57000.0,PE,29SEP2026,431.2,433.0,430.85,433.0,11
2026-08-20 10:19:00,BANKNIFTY29SEP2657100PE,57100.0,PE,29SEP2026,462.0,462.0,462.0,462.0,2
2026-08-20 10:19:00,BANKNIFTY29SEP2657200PE,57200.0,PE,29SEP2026,492.0,494.05,491.8,494.05,4
2026-08-20 10:19:00,BANKNIFTY29SEP2657300CE,57300.0,CE,29SEP2026,1323.25,1323.25,1323.25,1323.25,1
2026-08-20 10:19:00,BANKNIFTY29SEP2657300PE,57300.0,PE,29SEP2026,522.65,522.65,522.65,522.65,1
2026-08-20 10:19:00,BANKNIFTY29SEP2657400PE,57400.0,PE,29SEP2026,558.45,560.05,555.15,559.55,16
2026-08-20 10:19:00,BANKNIFTY29SEP2657500CE,57500.0,CE,29SEP2026,1187.0,1187.5,1182.05,1183.0,28
2026-08-20 10:19:00,BANKNIFTY29SEP2657500PE,57500.0,PE,29SEP2026,582.0,585.3,582.0,584.9,15
2026-08-20 10:20:00,BANKNIFTY29SEP2655500PE,55500.0,PE,29SEP2026,161.7,161.7,161.7,161.7,2
2026-08-20 10:20:00,BANKNIFTY29SEP2656000CE,56000.0,CE,29SEP2026,2289.25,2289.5,2286.85,2289.5,6
2026-08-20 10:20:00,BANKNIFTY29SEP2656000PE,56000.0,PE,29SEP2026,224.6,224.9,223.85,223.85,14
2026-08-20 10:20:00,BANKNIFTY29SEP2656300PE,56300.0,PE,29SEP2026,277.65,277.65,277.65,277.65,1
2026-08-20 10:20:00,BANKNIFTY29SEP2656500PE,56500.0,PE,29SEP2026,313.55,313.55,311.1,312.0,5
2026-08-20 10:20:00,BANKNIFTY29SEP2657000PE,57000.0,PE,29SEP2026,435.9,435.9,432.0,432.0,11
2026-08-20 10:20:00,BANKNIFTY29SEP2657200PE,57200.0,PE,29SEP2026,493.75,496.2,493.3,493.3,5
2026-08-20 10:20:00,BANKNIFTY29SEP2657300PE,57300.0,PE,29SEP2026,524.7,524.7,523.9,523.9,3
2026-08-20 10:20:00,BANKNIFTY29SEP2657400CE,57400.0,CE,29SEP2026,1255.2,1255.35,1255.2,1255.35,2
2026-08-20 10:20:00,BANKNIFTY29SEP2657400PE,57400.0,PE,29SEP2026,558.15,558.75,558.15,558.6,15
2026-08-20 10:20:00,BANKNIFTY29SEP2657500CE,57500.0,CE,29SEP2026,1181.0,1181.95,1174.9,1178.1,19
2026-08-20 10:20:00,BANKNIFTY29SEP2657500PE,57500.0,PE,29SEP2026,584.95,588.35,583.25,585.0,58
2026-08-20 10:21:00,BANKNIFTY29SEP2655500PE,55500.0,PE,29SEP2026,160.05,160.05,160.05,160.05,1
2026-08-20 10:21:00,BANKNIFTY29SEP2656000PE,56000.0,PE,29SEP2026,224.15,224.5,222.45,224.5,5
2026-08-20 10:21:00,BANKNIFTY29SEP2656500CE,56500.0,CE,29SEP2026,1907.85,1907.85,1907.85,1907.85,1
2026-08-20 10:21:00,BANKNIFTY29SEP2656500PE,56500.0,PE,29SEP2026,310.0,310.8,309.25,310.0,7
2026-08-20 10:21:00,BANKNIFTY29SEP2656800PE,56800.0,PE,29SEP2026,378.15,378.15,378.15,378.15,1
2026-08-20 10:21:00,BANKNIFTY29SEP2656900PE,56900.0,PE,29SEP2026,404.0,404.0,404.0,404.0,1
2026-08-20 10:21:00,BANKNIFTY29SEP2657000CE,57000.0,CE,29SEP2026,1523.0,1530.0,1523.0,1530.0,4
2026-08-20 10:21:00,BANKNIFTY29SEP2657000PE,57000.0,PE,29SEP2026,431.25,431.25,429.0,430.2,7
2026-08-20 10:21:00,BANKNIFTY29SEP2657100PE,57100.0,PE,29SEP2026,461.0,461.0,461.0,461.0,1
2026-08-20 10:21:00,BANKNIFTY29SEP2657200PE,57200.0,PE,29SEP2026,488.0,490.5,487.65,490.5,4
2026-08-20 10:21:00,BANKNIFTY29SEP2657300PE,57300.0,PE,29SEP2026,523.2,523.2,520.55,520.55,3
2026-08-20 10:21:00,BANKNIFTY29SEP2657400PE,57400.0,PE,29SEP2026,554.6,554.6,553.95,553.95,12
2026-08-20 10:21:00,BANKNIFTY29SEP2657500CE,57500.0,CE,29SEP2026,1185.95,1189.5,1185.95,1189.5,2
2026-08-20 10:21:00,BANKNIFTY29SEP2657500PE,57500.0,PE,29SEP2026,583.1,583.1,580.0,581.35,16
2026-08-20 10:22:00,BANKNIFTY29SEP2655500PE,55500.0,PE,29SEP2026,161.35,161.35,161.35,161.35,1
2026-08-20 10:22:00,BANKNIFTY29SEP2656000PE,56000.0,PE,29SEP2026,224.0,224.0,224.0,224.0,2
2026-08-20 10:22:00,BANKNIFTY29SEP2656200PE,56200.0,PE,29SEP2026,256.0,256.0,256.0,256.0,21
2026-08-20 10:22:00,BANKNIFTY29SEP2656500PE,56500.0,PE,29SEP2026,310.2,312.3,309.65,311.8,7
2026-08-20 10:22:00,BANKNIFTY29SEP2656800PE,56800.0,PE,29SEP2026,380.1,380.1,380.1,380.1,1
2026-08-20 10:22:00,BANKNIFTY29SEP2657000PE,57000.0,PE,29SEP2026,432.0,432.0,428.0,428.4,27
2026-08-20 10:22:00,BANKNIFTY29SEP2657200PE,57200.0,PE,29SEP2026,491.8,492.0,490.3,490.3,3
2026-08-20 10:22:00,BANKNIFTY29SEP2657400PE,57400.0,PE,29SEP2026,554.45,555.0,554.1,554.1,14
2026-08-20 10:22:00,BANKNIFTY29SEP2657500CE,57500.0,CE,29SEP2026,1182.1,1182.1,1182.05,1182.05,3
2026-08-20 10:22:00,BANKNIFTY29SEP2657500PE,57500.0,PE,29SEP2026,581.05,583.3,581.05,583.3,4
2026-08-20 10:23:00,BANKNIFTY29SEP2655500PE,55500.0,PE,29SEP2026,160.95,160.95,160.0,160.2,3
2026-08-20 10:23:00,BANKNIFTY29SEP2656000PE,56000.0,PE,29SEP2026,222.7,223.65,222.7,223.65,2
2026-08-20 10:23:00,BANKNIFTY29SEP2656500PE,56500.0,PE,29SEP2026,310.8,310.8,310.8,310.8,1
2026-08-20 10:23:00,BANKNIFTY29SEP2657000PE,57000.0,PE,29SEP2026,428.55,430.8,428.55,430.8,4
2026-08-20 10:23:00,BANKNIFTY29SEP2657300PE,57300.0,PE,29SEP2026,522.6,522.6,522.6,522.6,1
2026-08-20 10:23:00,BANKNIFTY29SEP2657400PE,57400.0,PE,29SEP2026,553.2,554.9,553.15,554.6,14
2026-08-20 10:23:00,BANKNIFTY29SEP2657500CE,57500.0,CE,29SEP2026,1187.3,1187.3,1185.0,1185.95,7
2026-08-20 10:23:00,BANKNIFTY29SEP2657500PE,57500.0,PE,29SEP2026,580.45,581.0,580.1,581.0,3
2026-08-20 10:24:00,BANKNIFTY29SEP2655500PE,55500.0,PE,29SEP2026,160.2,160.55,160.2,160.55,7
2026-08-20 10:24:00,BANKNIFTY29SEP2656000PE,56000.0,PE,29SEP2026,223.5,224.15,223.5,224.15,7
2026-08-20 10:24:00,BANKNIFTY29SEP2656300PE,56300.0,PE,29SEP2026,275.2,275.2,275.2,275.2,1
2026-08-20 10:24:00,BANKNIFTY29SEP2656500PE,56500.0,PE,29SEP2026,309.2,311.3,309.15,311.3,3
2026-08-20 10:24:00,BANKNIFTY29SEP2656800PE,56800.0,PE,29SEP2026,380.15,380.15,380.15,380.15,1
2026-08-20 10:24:00,BANKNIFTY29SEP2656900PE,56900.0,PE,29SEP2026,407.1,407.75,407.1,407.75,4
2026-08-20 10:24:00,BANKNIFTY29SEP2657000CE,57000.0,CE,29SEP2026,1525.0,1525.0,1525.0,1525.0,10
2026-08-20 10:24:00,BANKNIFTY29SEP2657000PE,57000.0,PE,29SEP2026,429.75,432.2,429.75,432.2,10
2026-08-20 10:24:00,BANKNIFTY29SEP2657100PE,57100.0,PE,29SEP2026,467.0,467.0,467.0,467.0,1
2026-08-20 10:24:00,BANKNIFTY29SEP2657200PE,57200.0,PE,29SEP2026,492.05,493.2,489.55,493.2,5
2026-08-20 10:24:00,BANKNIFTY29SEP2657400PE,57400.0,PE,29SEP2026,554.3,557.45,554.0,557.05,11
2026-08-20 10:24:00,BANKNIFTY29SEP2657500CE,57500.0,CE,29SEP2026,1186.15,1186.15,1176.65,1176.65,5
2026-08-20 10:24:00,BANKNIFTY29SEP2657500PE,57500.0,PE,29SEP2026,585.0,588.15,584.5,584.5,6
2026-08-20 10:25:00,BANKNIFTY29SEP2655500PE,55500.0,PE,29SEP2026,162.0,162.3,162.0,162.3,3
2026-08-20 10:25:00,BANKNIFTY29SEP2656000CE,56000.0,CE,29SEP2026,2310.25,2310.25,2310.25,2310.25,1
2026-08-20 10:25:00,BANKNIFTY29SEP2656000PE,56000.0,PE,29SEP2026,226.0,226.55,224.15,226.55,26
2026-08-20 10:25:00,BANKNIFTY29SEP2656500PE,56500.0,PE,29SEP2026,313.0,313.0,313.0,313.0,1
2026-08-20 10:25:00,BANKNIFTY29SEP2657000CE,57000.0,CE,29SEP2026,1522.75,1522.8,1522.75,1522.8,6
2026-08-20 10:25:00,BANKNIFTY29SEP2657200CE,57200.0,CE,29SEP2026,1381.15,1384.0,1381.15,1384.0,3
2026-08-20 10:25:00,BANKNIFTY29SEP2657200PE,57200.0,PE,29SEP2026,492.55,492.55,492.2,492.2,6
2026-08-20 10:25:00,BANKNIFTY29SEP2657300CE,57300.0,CE,29SEP2026,1316.6,1316.6,1316.6,1316.6,2
2026-08-20 10:25:00,BANKNIFTY29SEP2657300PE,57300.0,PE,29SEP2026,525.6,525.6,524.0,524.0,7
2026-08-20 10:25:00,BANKNIFTY29SEP2657400PE,57400.0,PE,29SEP2026,558.15,558.15,558.15,558.15,1
2026-08-20 10:25:00,BANKNIFTY29SEP2657500CE,57500.0,CE,29SEP2026,1175.8,1180.0,1175.8,1180.0,20
2026-08-20 10:25:00,BANKNIFTY29SEP2657500PE,57500.0,PE,29SEP2026,586.0,587.5,583.8,586.65,53
2026-08-20 10:26:00,BANKNIFTY29SEP2655500PE,55500.0,PE,29SEP2026,162.35,162.35,162.0,162.0,2
2026-08-20 10:26:00,BANKNIFTY29SEP2656000PE,56000.0,PE,29SEP2026,226.55,226.55,226.35,226.35,2
2026-08-20 10:26:00,BANKNIFTY29SEP2657000CE,57000.0,CE,29SEP2026,1521.8,1521.8,1521.8,1521.8,3
2026-08-20 10:26:00,BANKNIFTY29SEP2657000PE,57000.0,PE,29SEP2026,433.1,434.45,432.5,434.15,17
2026-08-20 10:26:00,BANKNIFTY29SEP2657100CE,57100.0,CE,29SEP2026,1457.35,1457.35,1457.35,1457.35,1
2026-08-20 10:26:00,BANKNIFTY29SEP2657200PE,57200.0,PE,29SEP2026,492.5,492.5,492.5,492.5,1
2026-08-20 10:26:00,BANKNIFTY29SEP2657300PE,57300.0,PE,29SEP2026,525.05,525.05,525.05,525.05,1
2026-08-20 10:26:00,BANKNIFTY29SEP2657400PE,57400.0,PE,29SEP2026,557.0,557.6,557.0,557.15,4
2026-08-20 10:26:00,BANKNIFTY29SEP2657500CE,57500.0,CE,29SEP2026,1179.9,1183.95,1179.9,1179.9,22
2026-08-20 10:26:00,BANKNIFTY29SEP2657500PE,57500.0,PE,29SEP2026,586.75,588.45,584.55,587.0,154
2026-08-20 10:27:00,BANKNIFTY29SEP2656000PE,56000.0,PE,29SEP2026,226.0,226.35,226.0,226.35,5
2026-08-20 10:27:00,BANKNIFTY29SEP2656500CE,56500.0,CE,29SEP2026,1896.0,1896.0,1896.0,1896.0,8
2026-08-20 10:27:00,BANKNIFTY29SEP2656500PE,56500.0,PE,29SEP2026,314.9,315.15,313.35,313.35,11
2026-08-20 10:27:00,BANKNIFTY29SEP2656600PE,56600.0,PE,29SEP2026,333.4,333.4,333.4,333.4,1
2026-08-20 10:27:00,BANKNIFTY29SEP2656700PE,56700.0,PE,29SEP2026,360.0,360.0,360.0,360.0,1
2026-08-20 10:27:00,BANKNIFTY29SEP2656800PE,56800.0,PE,29SEP2026,384.05,384.05,384.05,384.05,1
2026-08-20 10:27:00,BANKNIFTY29SEP2656900PE,56900.0,PE,29SEP2026,408.95,409.0,408.95,409.0,7
2026-08-20 10:27:00,BANKNIFTY29SEP2657000CE,57000.0,CE,29SEP2026,1522.0,1522.0,1522.0,1522.0,10
2026-08-20 10:27:00,BANKNIFTY29SEP2657000PE,57000.0,PE,29SEP2026,434.5,437.55,434.5,437.55,6
2026-08-20 10:27:00,BANKNIFTY29SEP2657200PE,57200.0,PE,29SEP2026,493.8,495.1,493.4,494.25,8
2026-08-20 10:27:00,BANKNIFTY29SEP2657400PE,57400.0,PE,29SEP2026,558.1,563.1,557.7,563.1,7
2026-08-20 10:27:00,BANKNIFTY29SEP2657500CE,57500.0,CE,29SEP2026,1182.4,1183.85,1172.8,1172.8,27
2026-08-20 10:27:00,BANKNIFTY29SEP2657500PE,57500.0,PE,29SEP2026,586.85,589.55,585.25,589.05,53
2026-08-20 10:28:00,BANKNIFTY29SEP2655500PE,55500.0,PE,29SEP2026,162.2,163.0,162.05,163.0,8
2026-08-20 10:28:00,BANKNIFTY29SEP2656000PE,56000.0,PE,29SEP2026,226.75,229.15,226.4,229.15,15
2026-08-20 10:28:00,BANKNIFTY29SEP2656500CE,56500.0,CE,29SEP2026,1892.0,1892.0,1892.0,1892.0,1
2026-08-20 10:28:00,BANKNIFTY29SEP2656500PE,56500.0,PE,29SEP2026,315.85,320.0,314.3,318.6,36
2026-08-20 10:28:00,BANKNIFTY29SEP2656800PE,56800.0,PE,29SEP2026,386.0,386.0,386.0,386.0,2
2026-08-20 10:28:00,BANKNIFTY29SEP2656900PE,56900.0,PE,29SEP2026,410.0,410.0,410.0,410.0,1
2026-08-20 10:28:00,BANKNIFTY29SEP2657000PE,57000.0,PE,29SEP2026,437.55,438.0,437.55,438.0,3
2026-08-20 10:28:00,BANKNIFTY29SEP2657100PE,57100.0,PE,29SEP2026,467.0,467.0,467.0,467.0,2
2026-08-20 10:28:00,BANKNIFTY29SEP2657200PE,57200.0,PE,29SEP2026,497.6,497.6,497.6,497.6,1
2026-08-20 10:28:00,BANKNIFTY29SEP2657300CE,57300.0,CE,29SEP2026,1313.45,1313.45,1313.45,1313.45,1
2026-08-20 10:28:00,BANKNIFTY29SEP2657300PE,57300.0,PE,29SEP2026,530.2,530.2,528.5,529.95,15
2026-08-20 10:28:00,BANKNIFTY29SEP2657400PE,57400.0,PE,29SEP2026,563.45,563.45,561.8,561.8,4
2026-08-20 10:28:00,BANKNIFTY29SEP2657500CE,57500.0,CE,29SEP2026,1172.8,1172.8,1172.8,1172.8,10
2026-08-20 10:28:00,BANKNIFTY29SEP2657500PE,57500.0,PE,29SEP2026,590.85,592.45,590.0,591.8,5
2026-08-20 10:29:00,BANKNIFTY29SEP2656000PE,56000.0,PE,29SEP2026,229.3,229.45,229.3,229.45,12
2026-08-20 10:29:00,BANKNIFTY29SEP2656500CE,56500.0,CE,29SEP2026,1888.0,1888.0,1887.0,1887.0,4
2026-08-20 10:29:00,BANKNIFTY29SEP2656500PE,56500.0,PE,29SEP2026,317.25,317.25,317.25,317.25,1
2026-08-20 10:29:00,BANKNIFTY29SEP2657000CE,57000.0,CE,29SEP2026,1512.0,1512.0,1509.05,1509.05,2
2026-08-20 10:29:00,BANKNIFTY29SEP2657000PE,57000.0,PE,29SEP2026,436.6,438.0,436.6,438.0,4
2026-08-20 10:29:00,BANKNIFTY29SEP2657200CE,57200.0,CE,29SEP2026,1374.05,1374.05,1374.0,1374.0,3
2026-08-20 10:29:00,BANKNIFTY29SEP2657200PE,57200.0,PE,29SEP2026,498.9,500.05,498.9,500.0,3
2026-08-20 10:29:00,BANKNIFTY29SEP2657400PE,57400.0,PE,29SEP2026,562.5,567.1,562.15,565.75,15
2026-08-20 10:29:00,BANKNIFTY29SEP2657500CE,57500.0,CE,29SEP2026,1170.4,1171.25,1168.7,1171.25,5
2026-08-20 10:29:00,BANKNIFTY29SEP2657500PE,57500.0,PE,29SEP2026,592.05,594.15,591.75,592.95,36
2026-08-20 10:30:00,BANKNIFTY29SEP2655500PE,55500.0,PE,29SEP2026,163.5,163.5,163.25,163.25,3
2026-08-20 10:30:00,BANKNIFTY29SEP2656000PE,56000.0,PE,29SEP2026,229.0,229.0,229.0,229.0,1
2026-08-20 10:30:00,BANKNIFTY29SEP2656500CE,56500.0,CE,29SEP2026,1886.0,1886.0,1884.05,1884.05,2
2026-08-20 10:30:00,BANKNIFTY29SEP2656500PE,56500.0,PE,29SEP2026,318.3,318.35,318.3,318.35,2
2026-08-20 10:30:00,BANKNIFTY29SEP2657000CE,57000.0,CE,29SEP2026,1507.0,1510.0,1506.95,1510.0,3
2026-08-20 10:30:00,BANKNIFTY29SEP2657000PE,57000.0,PE,29SEP2026,438.1,438.1,437.55,437.55,4
2026-08-20 10:30:00,BANKNIFTY29SEP2657100CE,57100.0,CE,29SEP2026,1447.0,1447.0,1447.0,1447.0,3
2026-08-20 10:30:00,BANKNIFTY29SEP2657300CE,57300.0,CE,29SEP2026,1301.55,1301.55,1290.6,1298.0,5
2026-08-20 10:30:00,BANKNIFTY29SEP2657400PE,57400.0,PE,29SEP2026,563.95,565.6,563.45,565.6,13
2026-08-20 10:30:00,BANKNIFTY29SEP2657500CE,57500.0,CE,29SEP2026,1173.8,1173.85,1168.15,1168.7,9
2026-08-20 10:30:00,BANKNIFTY29SEP2657500PE,57500.0,PE,29SEP2026,593.35,595.85,592.6,593.6,11
2026-08-20 10:31:00,BANKNIFTY29SEP2656000PE,56000.0,PE,29SEP2026,229.45,229.6,229.0,229.6,9
2026-08-20 10:31:00,BANKNIFTY29SEP2656500PE,56500.0,PE,29SEP2026,317.05,317.7,315.9,317.7,21
2026-08-20 10:31:00,BANKNIFTY29SEP2656800PE,56800.0,PE,29SEP2026,390.7,390.75,390.7,390.75,2
2026-08-20 10:31:00,BANKNIFTY29SEP2656900PE,56900.0,PE,29SEP2026,412.0,412.0,412.0,412.0,1
2026-08-20 10:31:00,BANKNIFTY29SEP2657000PE,57000.0,PE,29SEP2026,437.55,437.7,436.7,437.7,17
2026-08-20 10:31:00,BANKNIFTY29SEP2657200PE,57200.0,PE,29SEP2026,500.3,500.3,500.3,500.3,1
2026-08-20 10:31:00,BANKNIFTY29SEP2657300CE,57300.0,CE,29SEP2026,1300.4,1300.4,1300.4,1300.4,1
2026-08-20 10:31:00,BANKNIFTY29SEP2657300PE,57300.0,PE,29SEP2026,530.95,532.15,530.95,531.25,3
2026-08-20 10:31:00,BANKNIFTY29SEP2657500CE,57500.0,CE,29SEP2026,1172.85,1175.8,1171.25,1172.35,11
2026-08-20 10:31:00,BANKNIFTY29SEP2657500PE,57500.0,PE,29SEP2026,592.25,593.55,591.05,592.0,7
2026-08-20 10:32:00,BANKNIFTY29SEP2655500PE,55500.0,PE,29SEP2026,164.3,164.75,164.0,164.75,5
2026-08-20 10:32:00,BANKNIFTY29SEP2656000PE,56000.0,PE,29SEP2026,229.9,229.9,229.9,229.9,1
2026-08-20 10:32:00,BANKNIFTY29SEP2656500CE,56500.0,CE,29SEP2026,1886.0,1889.5,1882.05,1889.5,4
2026-08-20 10:32:00,BANKNIFTY29SEP2656500PE,56500.0,PE,29SEP2026,315.95,319.2,315.2,318.8,25
2026-08-20 10:32:00,BANKNIFTY29SEP2656800PE,56800.0,PE,29SEP2026,386.0,386.0,386.0,386.0,1
2026-08-20 10:32:00,BANKNIFTY29SEP2657000PE,57000.0,PE,29SEP2026,437.95,437.95,437.9,437.9,2
2026-08-20 10:32:00,BANKNIFTY29SEP2657100PE,57100.0,PE,29SEP2026,472.95,472.95,469.8,469.8,2
2026-08-20 10:32:00,BANKNIFTY29SEP2657200PE,57200.0,PE,29SEP2026,501.0,502.0,500.25,500.25,4
2026-08-20 10:32:00,BANKNIFTY29SEP2657300CE,57300.0,CE,29SEP2026,1301.65,1301.65,1301.0,1301.0,4
2026-08-20 10:32:00,BANKNIFTY29SEP2657300PE,57300.0,PE,29SEP2026,529.7,535.0,529.7,535.0,8
2026-08-20 10:32:00,BANKNIFTY29SEP2657400CE,57400.0,CE,29SEP2026,1240.0,1240.0,1240.0,1240.0,1
2026-08-20 10:32:00,BANKNIFTY29SEP2657400PE,57400.0,PE,29SEP2026,566.25,566.35,566.05,566.05,8
2026-08-20 10:32:00,BANKNIFTY29SEP2657500CE,57500.0,CE,29SEP2026,1167.3,1167.3,1167.1,1167.1,5
2026-08-20 10:32:00,BANKNIFTY29SEP2657500PE,57500.0,PE,29SEP2026,593.6,596.0,593.25,596.0,5
2026-08-20 10:33:00,BANKNIFTY29SEP2655500PE,55500.0,PE,29SEP2026,164.1,164.1,164.1,164.1,1
2026-08-20 10:33:00,BANKNIFTY29SEP2656000PE,56000.0,PE,29SEP2026,230.0,231.5,230.0,231.4,6
2026-08-20 10:33:00,BANKNIFTY29SEP2656300PE,56300.0,PE,29SEP2026,282.0,282.0,282.0,282.0,1
2026-08-20 10:33:00,BANKNIFTY29SEP2656500CE,56500.0,CE,29SEP2026,1882.0,1882.0,1882.0,1882.0,2
2026-08-20 10:33:00,BANKNIFTY29SEP2656500PE,56500.0,PE,29SEP2026,319.55,319.55,318.0,318.0,14
2026-08-20 10:33:00,BANKNIFTY29SEP2656800PE,56800.0,PE,29SEP2026,387.85,387.85,387.55,387.55,3
2026-08-20 10:33:00,BANKNIFTY29SEP2657000PE,57000.0,PE,29SEP2026,440.95,441.0,438.55,439.95,12
2026-08-20 10:33:00,BANKNIFTY29SEP2657100CE,57100.0,CE,29SEP2026,1432.7,1432.7,1432.7,1432.7,4
2026-08-20 10:33:00,BANKNIFTY29SEP2657100PE,57100.0,PE,29SEP2026,473.85,475.05,473.85,475.05,3
2026-08-20 10:33:00,BANKNIFTY29SEP2657200PE,57200.0,PE,29SEP2026,502.45,502.45,502.45,502.45,1
2026-08-20 10:33:00,BANKNIFTY29SEP2657300CE,57300.0,CE,29SEP2026,1300.0,1300.0,1300.0,1300.0,2
2026-08-20 10:33:00,BANKNIFTY29SEP2657300PE,57300.0,PE,29SEP2026,534.05,534.1,533.05,533.6,11
2026-08-20 10:33:00,BANKNIFTY29SEP2657400PE,57400.0,PE,29SEP2026,566.3,567.0,565.95,567.0,11
2026-08-20 10:33:00,BANKNIFTY29SEP2657500CE,57500.0,CE,29SEP2026,1166.1,1166.1,1165.0,1165.0,14
2026-08-20 10:33:00,BANKNIFTY29SEP2657500PE,57500.0,PE,29SEP2026,596.0,598.95,594.2,596.05,99
2026-08-20 10:34:00,BANKNIFTY29SEP2655500PE,55500.0,PE,29SEP2026,166.35,166.35,166.3,166.3,2
2026-08-20 10:34:00,BANKNIFTY29SEP2656000PE,56000.0,PE,29SEP2026,231.9,231.95,231.5,231.9,23
2026-08-20 10:34:00,BANKNIFTY29SEP2656300PE,56300.0,PE,29SEP2026,282.0,282.0,282.0,282.0,3
2026-08-20 10:34:00,BANKNIFTY29SEP2656500CE,56500.0,CE,29SEP2026,1880.0,1880.0,1880.0,1880.0,2
2026-08-20 10:34:00,BANKNIFTY29SEP2656500PE,56500.0,PE,29SEP2026,319.3,320.95,318.15,320.8,18
2026-08-20 10:34:00,BANKNIFTY29SEP2656700PE,56700.0,PE,29SEP2026,367.25,367.65,367.25,367.65,3
2026-08-20 10:34:00,BANKNIFTY29SEP2657000CE,57000.0,CE,29SEP2026,1502.05,1502.1,1500.0,1500.0,9
2026-08-20 10:34:00,BANKNIFTY29SEP2657000PE,57000.0,PE,29SEP2026,440.0,442.0,440.0,441.75,4
2026-08-20 10:34:00,BANKNIFTY29SEP2657300PE,57300.0,PE,29SEP2026,537.1,537.1,537.1,537.1,1
2026-08-20 10:34:00,BANKNIFTY29SEP2657400CE,57400.0,CE,29SEP2026,1231.6,1231.6,1229.85,1230.7,5
2026-08-20 10:34:00,BANKNIFTY29SEP2657400PE,57400.0,PE,29SEP2026,567.05,568.1,567.05,568.0,12
2026-08-20 10:34:00,BANKNIFTY29SEP2657500CE,57500.0,CE,29SEP2026,1165.7,1166.45,1164.35,1164.35,3
2026-08-20 10:34:00,BANKNIFTY29SEP2657500PE,57500.0,PE,29SEP2026,596.65,597.95,596.6,597.2,13
2026-08-20 10:35:00,BANKNIFTY29SEP2655500PE,55500.0,PE,29SEP2026,166.1,166.1,165.05,165.3,6
2026-08-20 10:35:00,BANKNIFTY29SEP2656000PE,56000.0,PE,29SEP2026,229.75,229.75,229.0,229.0,50
2026-08-20 10:35:00,BANKNIFTY29SEP2656500CE,56500.0,CE,29SEP2026,1886.0,1886.0,1886.0,1886.0,1
2026-08-20 10:35:00,BANKNIFTY29SEP2656500PE,56500.0,PE,29SEP2026,319.0,319.0,318.7,318.7,2
2026-08-20 10:35:00,BANKNIFTY29SEP2657000CE,57000.0,CE,29SEP2026,1509.95,1512.65,1509.95,1512.65,4
2026-08-20 10:35:00,BANKNIFTY29SEP2657000PE,57000.0,PE,29SEP2026,439.95,440.3,438.05,440.3,4
2026-08-20 10:35:00,BANKNIFTY29SEP2657300CE,57300.0,CE,29SEP2026,1301.1,1301.1,1301.1,1301.1,1
2026-08-20 10:35:00,BANKNIFTY29SEP2657300PE,57300.0,PE,29SEP2026,532.05,532.05,532.0,532.0,2
2026-08-20 10:35:00,BANKNIFTY29SEP2657500CE,57500.0,CE,29SEP2026,1170.0,1172.75,1169.35,1169.35,14
2026-08-20 10:35:00,BANKNIFTY29SEP2657500PE,57500.0,PE,29SEP2026,596.05,598.3,592.45,598.3,71
2026-08-20 10:36:00,BANKNIFTY29SEP2655500PE,55500.0,PE,29SEP2026,165.55,165.55,165.55,165.55,1
2026-08-20 10:36:00,BANKNIFTY29SEP2656500CE,56500.0,CE,29SEP2026,1884.0,1884.0,1884.0,1884.0,1
2026-08-20 10:36:00,BANKNIFTY29SEP2656500PE,56500.0,PE,29SEP2026,317.9,320.0,317.9,318.35,5
2026-08-20 10:36:00,BANKNIFTY29SEP2656800PE,56800.0,PE,29SEP2026,390.6,390.6,390.6,390.6,1
2026-08-20 10:36:00,BANKNIFTY29SEP2657000CE,57000.0,CE,29SEP2026,1502.05,1502.05,1502.05,1502.05,1
2026-08-20 10:36:00,BANKNIFTY29SEP2657000PE,57000.0,PE,29SEP2026,438.2,441.85,438.15,441.85,3
2026-08-20 10:36:00,BANKNIFTY29SEP2657200CE,57200.0,CE,29SEP2026,1365.0,1365.0,1365.0,1365.0,1
2026-08-20 10:36:00,BANKNIFTY29SEP2657300PE,57300.0,PE,29SEP2026,535.4,535.4,535.4,535.4,1
2026-08-20 10:36:00,BANKNIFTY29SEP2657400CE,57400.0,CE,29SEP2026,1238.65,1238.65,1238.65,1238.65,1
2026-08-20 10:36:00,BANKNIFTY29SEP2657500CE,57500.0,CE,29SEP2026,1167.8,1171.05,1166.15,1168.25,15
2026-08-20 10:36:00,BANKNIFTY29SEP2657500PE,57500.0,PE,29SEP2026,594.7,595.35,592.85,595.1,14
2026-08-20 10:37:00,BANKNIFTY29SEP2655500PE,55500.0,PE,29SEP2026,164.2,164.2,164.15,164.15,2
2026-08-20 10:37:00,BANKNIFTY29SEP2656000PE,56000.0,PE,29SEP2026,229.35,231.5,229.05,231.5,12
2026-08-20 10:37:00,BANKNIFTY29SEP2656500CE,56500.0,CE,29SEP2026,1880.0,1880.0,1874.0,1874.0,6
2026-08-20 10:37:00,BANKNIFTY29SEP2656500PE,56500.0,PE,29SEP2026,318.3,321.0,318.3,321.0,9
2026-08-20 10:37:00,BANKNIFTY29SEP2656700PE,56700.0,PE,29SEP2026,363.4,363.4,363.4,363.4,1
2026-08-20 10:37:00,BANKNIFTY29SEP2657000PE,57000.0,PE,29SEP2026,442.0,442.0,442.0,442.0,2
2026-08-20 10:37:00,BANKNIFTY29SEP2657100PE,57100.0,PE,29SEP2026,475.05,475.05,475.05,475.05,35
2026-08-20 10:37:00,BANKNIFTY29SEP2657200CE,57200.0,CE,29SEP2026,1360.0,1360.0,1360.0,1360.0,1
2026-08-20 10:37:00,BANKNIFTY29SEP2657200PE,57200.0,PE,29SEP2026,505.0,505.1,504.1,504.1,3
2026-08-20 10:37:00,BANKNIFTY29SEP2657500CE,57500.0,CE,29SEP2026,1163.45,1163.65,1163.45,1163.65,2
2026-08-20 10:37:00,BANKNIFTY29SEP2657500PE,57500.0,PE,29SEP2026,594.6,600.0,594.6,600.0,4
2026-08-20 10:38:00,BANKNIFTY29SEP2656000PE,56000.0,PE,29SEP2026,230.95,230.95,230.95,230.95,1
2026-08-20 10:38:00,BANKNIFTY29SEP2657000CE,57000.0,CE,29SEP2026,1502.05,1505.0,1502.05,1505.0,2
2026-08-20 10:38:00,BANKNIFTY29SEP2657000PE,57000.0,PE,29SEP2026,443.9,444.0,442.0,443.65,6
2026-08-20 10:38:00,BANKNIFTY29SEP2657100PE,57100.0,PE,29SEP2026,474.75,474.75,474.75,474.75,1
2026-08-20 10:38:00,BANKNIFTY29SEP2657200CE,57200.0,CE,29SEP2026,1360.0,1368.0,1360.0,1368.0,2
2026-08-20 10:38:00,BANKNIFTY29SEP2657200PE,57200.0,PE,29SEP2026,504.0,505.0,504.0,505.0,2
2026-08-20 10:38:00,BANKNIFTY29SEP2657400PE,57400.0,PE,29SEP2026,567.65,567.65,567.65,567.65,1
2026-08-20 10:38:00,BANKNIFTY29SEP2657500CE,57500.0,CE,29SEP2026,1159.45,1167.0,1159.45,1167.0,9
2026-08-20 10:38:00,BANKNIFTY29SEP2657500PE,57500.0,PE,29SEP2026,596.55,596.55,595.0,595.0,7
2026-08-20 10:39:00,BANKNIFTY29SEP2655500PE,55500.0,PE,29SEP2026,165.6,165.65,164.05,165.05,4
2026-08-20 10:39:00,BANKNIFTY29SEP2656000CE,56000.0,CE,29SEP2026,2289.5,2289.5,2286.6,2286.6,3
2026-08-20 10:39:00,BANKNIFTY29SEP2656000PE,56000.0,PE,29SEP2026,230.9,230.9,229.0,229.85,9
2026-08-20 10:39:00,BANKNIFTY29SEP2656300PE,56300.0,PE,29SEP2026,277.85,277.85,277.85,277.85,1
2026-08-20 10:39:00,BANKNIFTY29SEP2656500CE,56500.0,CE,29SEP2026,1887.15,1887.2,1887.15,1887.2,4
2026-08-20 10:39:00,BANKNIFTY29SEP2656500PE,56500.0,PE,29SEP2026,318.0,318.0,317.8,317.8,7
2026-08-20 10:39:00,BANKNIFTY29SEP2656600PE,56600.0,PE,29SEP2026,344.95,344.95,344.95,344.95,1
2026-08-20 10:39:00,BANKNIFTY29SEP2656800PE,56800.0,PE,29SEP2026,390.6,390.6,390.6,390.6,3
2026-08-20 10:39:00,BANKNIFTY29SEP2656900PE,56900.0,PE,29SEP2026,414.45,414.45,414.2,414.2,2
2026-08-20 10:39:00,BANKNIFTY29SEP2657000CE,57000.0,CE,29SEP2026,1501.0,1511.5,1501.0,1511.5,4
2026-08-20 10:39:00,BANKNIFTY29SEP2657000PE,57000.0,PE,29SEP2026,440.5,441.25,437.95,438.9,68
2026-08-20 10:39:00,BANKNIFTY29SEP2657300CE,57300.0,CE,29SEP2026,1300.0,1300.0,1300.0,1300.0,1
2026-08-20 10:39:00,BANKNIFTY29SEP2657500CE,57500.0,CE,29SEP2026,1167.15,1169.15,1167.15,1169.15,6
2026-08-20 10:39:00,BANKNIFTY29SEP2657500PE,57500.0,PE,29SEP2026,593.2,595.0,592.35,592.35,21
2026-08-20 10:40:00,BANKNIFTY29SEP2655500PE,55500.0,PE,29SEP2026,164.0,164.0,164.0,164.0,1
2026-08-20 10:40:00,BANKNIFTY29SEP2656200PE,56200.0,PE,29SEP2026,262.4,262.4,262.4,262.4,1
2026-08-20 10:40:00,BANKNIFTY29SEP2656800PE,56800.0,PE,29SEP2026,385.85,385.85,385.85,385.85,1
2026-08-20 10:40:00,BANKNIFTY29SEP2657000CE,57000.0,CE,29SEP2026,1504.65,1510.0,1504.65,1510.0,6
2026-08-20 10:40:00,BANKNIFTY29SEP2657000PE,57000.0,PE,29SEP2026,440.8,440.8,439.0,439.0,28
2026-08-20 10:40:00,BANKNIFTY29SEP2657300PE,57300.0,PE,29SEP2026,530.6,530.6,530.6,530.6,1
2026-08-20 10:40:00,BANKNIFTY29SEP2657500CE,57500.0,CE,29SEP2026,1169.6,1171.25,1169.6,1170.85,4
2026-08-20 10:40:00,BANKNIFTY29SEP2657500PE,57500.0,PE,29SEP2026,591.6,591.6,591.4,591.4,2
2026-08-20 10:41:00,BANKNIFTY29SEP2655500PE,55500.0,PE,29SEP2026,163.0,163.0,163.0,163.0,2
2026-08-20 10:41:00,BANKNIFTY29SEP2656500PE,56500.0,PE,29SEP2026,315.45,315.45,315.45,315.45,2
2026-08-20 10:41:00,BANKNIFTY29SEP2657000CE,57000.0,CE,29SEP2026,1510.0,1510.0,1510.0,1510.0,1
2026-08-20 10:41:00,BANKNIFTY29SEP2657000PE,57000.0,PE,29SEP2026,438.45,440.5,438.25,438.25,15
2026-08-20 10:41:00,BANKNIFTY29SEP2657100CE,57100.0,CE,29SEP2026,1448.15,1448.15,1448.15,1448.15,2
2026-08-20 10:41:00,BANKNIFTY29SEP2657300PE,57300.0,PE,29SEP2026,530.6,530.6,530.3,530.3,2
2026-08-20 10:41:00,BANKNIFTY29SEP2657500CE,57500.0,CE,29SEP2026,1169.3,1169.9,1169.3,1169.9,4
2026-08-20 10:41:00,BANKNIFTY29SEP2657500PE,57500.0,PE,29SEP2026,591.4,593.0,590.6,591.2,8
2026-08-20 10:42:00,BANKNIFTY29SEP2655500PE,55500.0,PE,29SEP2026,163.0,164.6,162.7,162.7,18
2026-08-20 10:42:00,BANKNIFTY29SEP2656000CE,56000.0,CE,29SEP2026,2274.9,2274.9,2274.8,2274.8,2
2026-08-20 10:42:00,BANKNIFTY29SEP2656000PE,56000.0,PE,29SEP2026,229.35,229.4,228.0,228.0,10
2026-08-20 10:42:00,BANKNIFTY29SEP2656500PE,56500.0,PE,29SEP2026,318.0,318.0,317.95,317.95,11
2026-08-20 10:42:00,BANKNIFTY29SEP2656800CE,56800.0,CE,29SEP2026,1643.35,1643.35,1643.35,1643.35,1
2026-08-20 10:42:00,BANKNIFTY29SEP2656900PE,56900.0,PE,29SEP2026,412.0,412.0,412.0,412.0,1
2026-08-20 10:42:00,BANKNIFTY29SEP2657000CE,57000.0,CE,29SEP2026,1510.0,1510.0,1503.9,1503.9,9
2026-08-20 10:42:00,BANKNIFTY29SEP2657000PE,57000.0,PE,29SEP2026,438.25,438.25,437.0,437.0,6
2026-08-20 10:42:00,BANKNIFTY29SEP2657100PE,57100.0,PE,29SEP2026,470.8,470.85,470.8,470.85,2
2026-08-20 10:42:00,BANKNIFTY29SEP2657200PE,57200.0,PE,29SEP2026,502.65,502.75,502.65,502.75,3
2026-08-20 10:42:00,BANKNIFTY29SEP2657300CE,57300.0,CE,29SEP2026,1305.0,1305.0,1305.0,1305.0,1
2026-08-20 10:42:00,BANKNIFTY29SEP2657300PE,57300.0,PE,29SEP2026,532.2,532.2,528.55,528.55,2
2026-08-20 10:42:00,BANKNIFTY29SEP2657400PE,57400.0,PE,29SEP2026,563.25,563.25,562.4,562.4,2
2026-08-20 10:42:00,BANKNIFTY29SEP2657500CE,57500.0,CE,29SEP2026,1165.85,1172.0,1165.85,1172.0,15
2026-08-20 10:42:00,BANKNIFTY29SEP2657500PE,57500.0,PE,29SEP2026,593.55,595.0,590.0,590.0,21
2026-08-20 10:43:00,BANKNIFTY29SEP2655500PE,55500.0,PE,29SEP2026,164.1,164.1,162.55,162.55,6
2026-08-20 10:43:00,BANKNIFTY29SEP2656000PE,56000.0,PE,29SEP2026,228.0,228.0,228.0,228.0,2
2026-08-20 10:43:00,BANKNIFTY29SEP2656500PE,56500.0,PE,29SEP2026,314.45,316.15,313.75,314.05,15
2026-08-20 10:43:00,BANKNIFTY29SEP2656800PE,56800.0,PE,29SEP2026,385.8,385.8,385.8,385.8,1
2026-08-20 10:43:00,BANKNIFTY29SEP2657000PE,57000.0,PE,29SEP2026,437.6,437.75,437.0,437.75,6
2026-08-20 10:43:00,BANKNIFTY29SEP2657100PE,57100.0,PE,29SEP2026,468.95,469.15,466.5,466.5,5
2026-08-20 10:43:00,BANKNIFTY29SEP2657300PE,57300.0,PE,29SEP2026,528.6,528.65,528.6,528.65,2
2026-08-20 10:43:00,BANKNIFTY29SEP2657500CE,57500.0,CE,29SEP2026,1172.0,1173.0,1172.0,1173.0,4
2026-08-20 10:43:00,BANKNIFTY29SEP2657500PE,57500.0,PE,29SEP2026,590.1,590.65,590.0,590.0,15
2026-08-20 10:44:00,BANKNIFTY29SEP2655500PE,55500.0,PE,29SEP2026,164.1,164.1,162.1,162.15,13
2026-08-20 10:44:00,BANKNIFTY29SEP2656000CE,56000.0,CE,29SEP2026,2290.0,2290.0,2290.0,2290.0,3
2026-08-20 10:44:00,BANKNIFTY29SEP2656000PE,56000.0,PE,29SEP2026,227.55,228.0,227.0,227.7,7
2026-08-20 10:44:00,BANKNIFTY29SEP2656500CE,56500.0,CE,29SEP2026,1899.5,1904.65,1899.5,1904.65,3
2026-08-20 10:44:00,BANKNIFTY29SEP2656500PE,56500.0,PE,29SEP2026,314.15,315.15,313.45,313.45,9
2026-08-20 10:44:00,BANKNIFTY29SEP2656700CE,56700.0,CE,29SEP2026,1734.45,1734.45,1734.45,1734.45,1
2026-08-20 10:44:00,BANKNIFTY29SEP2656700PE,56700.0,PE,29SEP2026,360.6,360.6,360.6,360.6,1
2026-08-20 10:44:00,BANKNIFTY29SEP2656900PE,56900.0,PE,29SEP2026,410.0,410.0,410.0,410.0,1
2026-08-20 10:44:00,BANKNIFTY29SEP2657000CE,57000.0,CE,29SEP2026,1519.85,1519.9,1519.85,1519.9,3
2026-08-20 10:44:00,BANKNIFTY29SEP2657000PE,57000.0,PE,29SEP2026,435.4,435.4,435.0,435.0,19
2026-08-20 10:44:00,BANKNIFTY29SEP2657100CE,57100.0,CE,29SEP2026,1433.35,1433.35,1433.35,1433.35,1
2026-08-20 10:44:00,BANKNIFTY29SEP2657100PE,57100.0,PE,29SEP2026,463.5,463.5,463.5,463.5,1
2026-08-20 10:44:00,BANKNIFTY29SEP2657200CE,57200.0,CE,29SEP2026,1380.0,1380.0,1380.0,1380.0,3
2026-08-20 10:44:00,BANKNIFTY29SEP2657200PE,57200.0,PE,29SEP2026,493.45,494.1,493.45,494.1,2
2026-08-20 10:44:00,BANKNIFTY29SEP2657300CE,57300.0,CE,29SEP2026,1307.7,1310.0,1307.7,1310.0,2
2026-08-20 10:44:00,BANKNIFTY29SEP2657300PE,57300.0,PE,29SEP2026,526.9,529.1,526.9,529.1,2
2026-08-20 10:44:00,BANKNIFTY29SEP2657500CE,57500.0,CE,29SEP2026,1174.95,1175.0,1173.0,1175.0,8
2026-08-20 10:44:00,BANKNIFTY29SEP2657500PE,57500.0,PE,29SEP2026,588.0,590.3,587.0,588.0,32
2026-08-20 10:45:00,BANKNIFTY29SEP2655500PE,55500.0,PE,29SEP2026,163.35,163.4,163.35,163.4,5
2026-08-20 10:45:00,BANKNIFTY29SEP2656000CE,56000.0,CE,29SEP2026,2306.3,2306.3,2306.3,2306.3,1
2026-08-20 10:45:00,BANKNIFTY29SEP2656500CE,56500.0,CE,29SEP2026,1900.55,1900.55,1890.45,1890.45,3
2026-08-20 10:45:00,BANKNIFTY29SEP2656500PE,56500.0,PE,29SEP2026,314.8,314.8,313.0,313.0,2
2026-08-20 10:45:00,BANKNIFTY29SEP2656900PE,56900.0,PE,29SEP2026,408.0,408.0,408.0,408.0,3
2026-08-20 10:45:00,BANKNIFTY29SEP2657000CE,57000.0,CE,29SEP2026,1523.55,1523.55,1523.55,1523.55,1
2026-08-20 10:45:00,BANKNIFTY29SEP2657000PE,57000.0,PE,29SEP2026,435.35,435.4,432.3,432.9,113
2026-08-20 10:45:00,BANKNIFTY29SEP2657300PE,57300.0,PE,29SEP2026,525.9,525.9,525.9,525.9,1
2026-08-20 10:45:00,BANKNIFTY29SEP2657400PE,57400.0,PE,29SEP2026,560.65,560.7,560.65,560.7,2
2026-08-20 10:45:00,BANKNIFTY29SEP2657500CE,57500.0,CE,29SEP2026,1175.4,1175.4,1175.0,1175.0,3
2026-08-20 10:45:00,BANKNIFTY29SEP2657500PE,57500.0,PE,29SEP2026,588.0,588.9,588.0,588.9,5
2026-08-20 10:46:00,BANKNIFTY29SEP2655500PE,55500.0,PE,29SEP2026,162.05,162.1,162.05,162.1,2
2026-08-20 10:46:00,BANKNIFTY29SEP2656000CE,56000.0,CE,29SEP2026,2290.0,2290.0,2290.0,2290.0,1
2026-08-20 10:46:00,BANKNIFTY29SEP2656000PE,56000.0,PE,29SEP2026,226.65,227.65,226.65,227.65,3
2026-08-20 10:46:00,BANKNIFTY29SEP2656500CE,56500.0,CE,29SEP2026,1894.05,1894.05,1894.0,1894.0,2
2026-08-20 10:46:00,BANKNIFTY29SEP2656500PE,56500.0,PE,29SEP2026,313.05,315.55,312.95,315.55,4
2026-08-20 10:46:00,BANKNIFTY29SEP2656800PE,56800.0,PE,29SEP2026,383.0,383.0,383.0,383.0,2
2026-08-20 10:46:00,BANKNIFTY29SEP2657000PE,57000.0,PE,29SEP2026,434.8,434.95,434.1,434.1,7
2026-08-20 10:46:00,BANKNIFTY29SEP2657100PE,57100.0,PE,29SEP2026,465.75,465.75,465.5,465.5,2
2026-08-20 10:46:00,BANKNIFTY29SEP2657300PE,57300.0,PE,29SEP2026,525.5,528.0,525.5,527.1,4
2026-08-20 10:46:00,BANKNIFTY29SEP2657500CE,57500.0,CE,29SEP2026,1177.5,1177.5,1171.5,1171.5,2
2026-08-20 10:46:00,BANKNIFTY29SEP2657500PE,57500.0,PE,29SEP2026,587.0,590.0,587.0,588.5,21
2026-08-20 10:47:00,BANKNIFTY29SEP2655500PE,55500.0,PE,29SEP2026,162.05,162.05,161.9,161.95,5
2026-08-20 10:47:00,BANKNIFTY29SEP2656000CE,56000.0,CE,29SEP2026,2290.0,2290.0,2290.0,2290.0,1
2026-08-20 10:47:00,BANKNIFTY29SEP2656000PE,56000.0,PE,29SEP2026,227.45,227.45,226.0,226.0,7
2026-08-20 10:47:00,BANKNIFTY29SEP2656500CE,56500.0,CE,29SEP2026,1894.05,1894.05,1894.0,1894.0,2
2026-08-20 10:47:00,BANKNIFTY29SEP2656500PE,56500.0,PE,29SEP2026,312.75,312.75,311.9,311.9,5
2026-08-20 10:47:00,BANKNIFTY29SEP2657000CE,57000.0,CE,29SEP2026,1518.85,1521.0,1518.85,1521.0,2
2026-08-20 10:47:00,BANKNIFTY29SEP2657000PE,57000.0,PE,29SEP2026,434.0,434.8,434.0,434.8,15
2026-08-20 10:47:00,BANKNIFTY29SEP2657300CE,57300.0,CE,29SEP2026,1302.15,1305.0,1302.15,1305.0,7
2026-08-20 10:47:00,BANKNIFTY29SEP2657300PE,57300.0,PE,29SEP2026,528.05,528.75,525.8,525.8,17
2026-08-20 10:47:00,BANKNIFTY29SEP2657400CE,57400.0,CE,29SEP2026,1240.7,1240.7,1240.7,1240.7,1
2026-08-20 10:47:00,BANKNIFTY29SEP2657400PE,57400.0,PE,29SEP2026,558.9,558.9,558.75,558.75,2
2026-08-20 10:47:00,BANKNIFTY29SEP2657500CE,57500.0,CE,29SEP2026,1175.15,1175.5,1175.15,1175.5,2
2026-08-20 10:47:00,BANKNIFTY29SEP2657500PE,57500.0,PE,29SEP2026,588.0,588.0,586.3,586.3,17
2026-08-20 10:48:00,BANKNIFTY29SEP2655500PE,55500.0,PE,29SEP2026,161.95,161.95,161.95,161.95,1
2026-08-20 10:48:00,BANKNIFTY29SEP2656000PE,56000.0,PE,29SEP2026,225.05,226.45,223.25,223.25,6
2026-08-20 10:48:00,BANKNIFTY29SEP2656300PE,56300.0,PE,29SEP2026,274.0,274.0,274.0,274.0,1
2026-08-20 10:48:00,BANKNIFTY29SEP2656500PE,56500.0,PE,29SEP2026,311.6,313.05,310.05,310.05,5
2026-08-20 10:48:00,BANKNIFTY29SEP2656700CE,56700.0,CE,29SEP2026,1739.95,1739.95,1739.95,1739.95,1
2026-08-20 10:48:00,BANKNIFTY29SEP2656700PE,56700.0,PE,29SEP2026,355.35,355.35,355.3,355.3,2
2026-08-20 10:48:00,BANKNIFTY29SEP2656800PE,56800.0,PE,29SEP2026,380.15,380.15,380.15,380.15,1
2026-08-20 10:48:00,BANKNIFTY29SEP2657000CE,57000.0,CE,29SEP2026,1525.0,1525.0,1525.0,1525.0,1
2026-08-20 10:48:00,BANKNIFTY29SEP2657000PE,57000.0,PE,29SEP2026,432.8,432.8,432.0,432.0,12
2026-08-20 10:48:00,BANKNIFTY29SEP2657200CE,57200.0,CE,29SEP2026,1380.0,1380.0,1380.0,1380.0,8
2026-08-20 10:48:00,BANKNIFTY29SEP2657200PE,57200.0,PE,29SEP2026,494.25,494.25,492.2,492.2,2
2026-08-20 10:48:00,BANKNIFTY29SEP2657300CE,57300.0,CE,29SEP2026,1315.0,1315.0,1315.0,1315.0,3
2026-08-20 10:48:00,BANKNIFTY29SEP2657300PE,57300.0,PE,29SEP2026,525.4,525.4,520.5,520.5,3
2026-08-20 10:48:00,BANKNIFTY29SEP2657400CE,57400.0,CE,29SEP2026,1249.95,1250.0,1249.95,1250.0,2
2026-08-20 10:48:00,BANKNIFTY29SEP2657500CE,57500.0,CE,29SEP2026,1175.5,1180.0,1175.5,1180.0,25
2026-08-20 10:48:00,BANKNIFTY29SEP2657500PE,57500.0,PE,29SEP2026,586.0,586.0,581.1,581.2,43
2026-08-20 10:49:00,BANKNIFTY29SEP2655500PE,55500.0,PE,29SEP2026,160.05,160.05,160.0,160.0,7
2026-08-20 10:49:00,BANKNIFTY29SEP2656000PE,56000.0,PE,29SEP2026,223.3,223.95,223.3,223.95,2
2026-08-20 10:49:00,BANKNIFTY29SEP2656500PE,56500.0,PE,29SEP2026,310.0,310.0,310.0,310.0,8
2026-08-20 10:49:00,BANKNIFTY29SEP2657000PE,57000.0,PE,29SEP2026,430.05,431.0,428.45,431.0,30
2026-08-20 10:49:00,BANKNIFTY29SEP2657200CE,57200.0,CE,29SEP2026,1390.35,1390.35,1390.35,1390.35,1
2026-08-20 10:49:00,BANKNIFTY29SEP2657200PE,57200.0,PE,29SEP2026,487.15,490.25,487.15,490.25,5
2026-08-20 10:49:00,BANKNIFTY29SEP2657300CE,57300.0,CE,29SEP2026,1322.25,1322.25,1322.25,1322.25,1
2026-08-20 10:49:00,BANKNIFTY29SEP2657400CE,57400.0,CE,29SEP2026,1250.0,1250.0,1250.0,1250.0,1
2026-08-20 10:49:00,BANKNIFTY29SEP2657400PE,57400.0,PE,29SEP2026,552.2,553.9,552.2,553.9,6
2026-08-20 10:49:00,BANKNIFTY29SEP2657500CE,57500.0,CE,29SEP2026,1184.0,1185.25,1183.0,1185.25,8
2026-08-20 10:49:00,BANKNIFTY29SEP2657500PE,57500.0,PE,29SEP2026,581.0,582.85,580.0,580.0,17
2026-08-20 10:50:00,BANKNIFTY29SEP2655500PE,55500.0,PE,29SEP2026,161.0,161.0,161.0,161.0,1
2026-08-20 10:50:00,BANKNIFTY29SEP2656000PE,56000.0,PE,29SEP2026,223.95,224.0,223.0,223.0,52
2026-08-20 10:50:00,BANKNIFTY29SEP2656500PE,56500.0,PE,29SEP2026,311.3,311.8,309.3,311.8,7
2026-08-20 10:50:00,BANKNIFTY29SEP2656700PE,56700.0,PE,29SEP2026,355.3,355.3,355.3,355.3,2
2026-08-20 10:50:00,BANKNIFTY29SEP2656800PE,56800.0,PE,29SEP2026,381.65,381.7,381.65,381.7,2
2026-08-20 10:50:00,BANKNIFTY29SEP2657000PE,57000.0,PE,29SEP2026,429.55,429.55,429.55,429.55,1
2026-08-20 10:50:00,BANKNIFTY29SEP2657200CE,57200.0,CE,29SEP2026,1374.0,1374.0,1374.0,1374.0,1
2026-08-20 10:50:00,BANKNIFTY29SEP2657200PE,57200.0,PE,29SEP2026,488.0,488.0,488.0,488.0,1
2026-08-20 10:50:00,BANKNIFTY29SEP2657300CE,57300.0,CE,29SEP2026,1315.0,1315.0,1315.0,1315.0,1
2026-08-20 10:50:00,BANKNIFTY29SEP2657300PE,57300.0,PE,29SEP2026,522.1,522.1,521.95,521.95,3
2026-08-20 10:50:00,BANKNIFTY29SEP2657400PE,57400.0,PE,29SEP2026,552.15,552.15,552.15,552.15,1
2026-08-20 10:50:00,BANKNIFTY29SEP2657500CE,57500.0,CE,29SEP2026,1180.85,1184.4,1180.85,1184.4,7
2026-08-20 10:50:00,BANKNIFTY29SEP2657500PE,57500.0,PE,29SEP2026,580.05,583.7,580.0,582.7,23
2026-08-20 10:51:00,BANKNIFTY29SEP2655500PE,55500.0,PE,29SEP2026,161.0,161.0,160.25,160.25,3
2026-08-20 10:51:00,BANKNIFTY29SEP2656000PE,56000.0,PE,29SEP2026,224.75,224.75,223.3,224.0,3
2026-08-20 10:51:00,BANKNIFTY29SEP2656500PE,56500.0,PE,29SEP2026,309.05,311.2,308.0,311.2,19
2026-08-20 10:51:00,BANKNIFTY29SEP2656700CE,56700.0,CE,29SEP2026,1739.95,1739.95,1739.95,1739.95,1
2026-08-20 10:51:00,BANKNIFTY29SEP2657000PE,57000.0,PE,29SEP2026,428.3,431.2,427.5,431.0,32
2026-08-20 10:51:00,BANKNIFTY29SEP2657100PE,57100.0,PE,29SEP2026,462.65,462.65,462.65,462.65,1
2026-08-20 10:51:00,BANKNIFTY29SEP2657400PE,57400.0,PE,29SEP2026,557.15,557.15,557.15,557.15,1
2026-08-20 10:51:00,BANKNIFTY29SEP2657500CE,57500.0,CE,29SEP2026,1181.65,1181.65,1179.35,1180.0,8
2026-08-20 10:51:00,BANKNIFTY29SEP2657500PE,57500.0,PE,29SEP2026,581.0,583.2,581.0,583.2,2
2026-08-20 10:52:00,BANKNIFTY29SEP2655500PE,55500.0,PE,29SEP2026,160.05,161.4,160.05,161.0,17
2026-08-20 10:52:00,BANKNIFTY29SEP2656500PE,56500.0,PE,29SEP2026,311.0,312.2,310.55,312.2,19
2026-08-20 10:52:00,BANKNIFTY29SEP2657000CE,57000.0,CE,29SEP2026,1520.9,1520.9,1520.9,1520.9,2
2026-08-20 10:52:00,BANKNIFTY29SEP2657000PE,57000.0,PE,29SEP2026,431.0,432.75,431.0,432.75,12
2026-08-20 10:52:00,BANKNIFTY29SEP2657100PE,57100.0,PE,29SEP2026,462.55,462.55,462.55,462.55,2
2026-08-20 10:52:00,BANKNIFTY29SEP2657200PE,57200.0,PE,29SEP2026,493.7,493.7,493.7,493.7,1
2026-08-20 10:52:00,BANKNIFTY29SEP2657500CE,57500.0,CE,29SEP2026,1180.95,1180.95,1171.0,1171.55,32
2026-08-20 10:52:00,BANKNIFTY29SEP2657500PE,57500.0,PE,29SEP2026,583.65,585.1,581.95,585.1,18
2026-08-20 10:53:00,BANKNIFTY29SEP2655500PE,55500.0,PE,29SEP2026,161.45,161.6,159.95,160.0,103
2026-08-20 10:53:00,BANKNIFTY29SEP2656000PE,56000.0,PE,29SEP2026,224.85,227.0,223.7,223.7,112
2026-08-20 10:53:00,BANKNIFTY29SEP2656500PE,56500.0,PE,29SEP2026,311.15,312.1,309.55,309.55,5
2026-08-20 10:53:00,BANKNIFTY29SEP2656600PE,56600.0,PE,29SEP2026,331.2,331.2,331.15,331.15,2
2026-08-20 10:53:00,BANKNIFTY29SEP2656700PE,56700.0,PE,29SEP2026,355.35,355.35,355.35,355.35,1
2026-08-20 10:53:00,BANKNIFTY29SEP2656800PE,56800.0,PE,29SEP2026,379.25,379.25,379.25,379.25,1
2026-08-20 10:53:00,BANKNIFTY29SEP2656900PE,56900.0,PE,29SEP2026,406.65,406.65,406.65,406.65,1
2026-08-20 10:53:00,BANKNIFTY29SEP2657000CE,57000.0,CE,29SEP2026,1520.95,1521.95,1520.95,1521.95,5
2026-08-20 10:53:00,BANKNIFTY29SEP2657000PE,57000.0,PE,29SEP2026,431.0,432.95,431.0,432.95,2
2026-08-20 10:53:00,BANKNIFTY29SEP2657200PE,57200.0,PE,29SEP2026,493.2,493.2,493.2,493.2,1
2026-08-20 10:53:00,BANKNIFTY29SEP2657400PE,57400.0,PE,29SEP2026,554.9,555.0,554.9,555.0,3
2026-08-20 10:53:00,BANKNIFTY29SEP2657500CE,57500.0,CE,29SEP2026,1176.55,1179.45,1176.55,1179.45,5
2026-08-20 10:53:00,BANKNIFTY29SEP2657500PE,57500.0,PE,29SEP2026,585.05,585.4,582.65,585.3,11
2026-08-20 10:54:00,BANKNIFTY29SEP2655500PE,55500.0,PE,29SEP2026,160.0,162.0,160.0,160.15,28
2026-08-20 10:54:00,BANKNIFTY29SEP2656000CE,56000.0,CE,29SEP2026,2290.0,2290.0,2290.0,2290.0,1
2026-08-20 10:54:00,BANKNIFTY29SEP2656000PE,56000.0,PE,29SEP2026,223.2,224.0,223.15,224.0,5
2026-08-20 10:54:00,BANKNIFTY29SEP2656500PE,56500.0,PE,29SEP2026,308.9,312.6,308.9,312.6,7
2026-08-20 10:54:00,BANKNIFTY29SEP2657000CE,57000.0,CE,29SEP2026,1525.0,1525.0,1520.0,1520.0,6
2026-08-20 10:54:00,BANKNIFTY29SEP2657000PE,57000.0,PE,29SEP2026,431.0,432.15,431.0,432.15,4
2026-08-20 10:54:00,BANKNIFTY29SEP2657200PE,57200.0,PE,29SEP2026,493.0,493.0,493.0,493.0,1
2026-08-20 10:54:00,BANKNIFTY29SEP2657500CE,57500.0,CE,29SEP2026,1179.4,1179.4,1177.65,1177.65,2
2026-08-20 10:54:00,BANKNIFTY29SEP2657500PE,57500.0,PE,29SEP2026,584.15,585.0,583.9,584.0,20
2026-08-20 10:55:00,BANKNIFTY29SEP2656000PE,56000.0,PE,29SEP2026,224.0,225.95,224.0,225.15,16
2026-08-20 10:55:00,BANKNIFTY29SEP2656500PE,56500.0,PE,29SEP2026,310.45,313.5,310.45,313.5,13
2026-08-20 10:55:00,BANKNIFTY29SEP2656800PE,56800.0,PE,29SEP2026,382.0,382.0,382.0,382.0,1
2026-08-20 10:55:00,BANKNIFTY29SEP2657000CE,57000.0,CE,29SEP2026,1523.85,1524.95,1523.85,1524.95,5
2026-08-20 10:55:00,BANKNIFTY29SEP2657000PE,57000.0,PE,29SEP2026,434.0,434.0,434.0,434.0,5
2026-08-20 10:55:00,BANKNIFTY29SEP2657100PE,57100.0,PE,29SEP2026,463.75,463.75,463.75,463.75,1
2026-08-20 10:55:00,BANKNIFTY29SEP2657300CE,57300.0,CE,29SEP2026,1302.2,1302.2,1302.2,1302.2,1
2026-08-20 10:55:00,BANKNIFTY29SEP2657300PE,57300.0,PE,29SEP2026,524.6,524.65,524.6,524.65,2
2026-08-20 10:55:00,BANKNIFTY29SEP2657400PE,57400.0,PE,29SEP2026,558.4,558.4,557.9,557.9,2
2026-08-20 10:55:00,BANKNIFTY29SEP2657500CE,57500.0,CE,29SEP2026,1178.7,1179.45,1178.7,1179.45,2
2026-08-20 10:55:00,BANKNIFTY29SEP2657500PE,57500.0,PE,29SEP2026,583.55,587.15,582.85,582.85,32
2026-08-20 10:56:00,BANKNIFTY29SEP2656000PE,56000.0,PE,29SEP2026,225.05,225.85,224.8,225.0,12
2026-08-20 10:56:00,BANKNIFTY29SEP2656800PE,56800.0,PE,29SEP2026,379.55,379.55,379.55,379.55,1
2026-08-20 10:56:00,BANKNIFTY29SEP2657100PE,57100.0,PE,29SEP2026,461.75,461.75,461.75,461.75,1
2026-08-20 10:56:00,BANKNIFTY29SEP2657300PE,57300.0,PE,29SEP2026,521.3,521.3,521.3,521.3,1
2026-08-20 10:56:00,BANKNIFTY29SEP2657400CE,57400.0,CE,29SEP2026,1242.15,1242.15,1242.15,1242.15,1
2026-08-20 10:56:00,BANKNIFTY29SEP2657400PE,57400.0,PE,29SEP2026,554.25,554.25,554.05,554.05,5
2026-08-20 10:56:00,BANKNIFTY29SEP2657500PE,57500.0,PE,29SEP2026,582.0,582.75,580.65,582.7,27
2026-08-20 10:57:00,BANKNIFTY29SEP2655500PE,55500.0,PE,29SEP2026,159.8,159.8,159.8,159.8,1
2026-08-20 10:57:00,BANKNIFTY29SEP2656000PE,56000.0,PE,29SEP2026,225.05,225.1,223.0,223.05,7
2026-08-20 10:57:00,BANKNIFTY29SEP2656200PE,56200.0,PE,29SEP2026,254.9,254.9,254.9,254.9,1
2026-08-20 10:57:00,BANKNIFTY29SEP2656500PE,56500.0,PE,29SEP2026,309.2,312.0,308.55,312.0,5
2026-08-20 10:57:00,BANKNIFTY29SEP2656800PE,56800.0,PE,29SEP2026,378.4,378.4,378.4,378.4,1
2026-08-20 10:57:00,BANKNIFTY29SEP2656900PE,56900.0,PE,29SEP2026,403.0,403.0,403.0,403.0,1
2026-08-20 10:57:00,BANKNIFTY29SEP2657000PE,57000.0,PE,29SEP2026,430.0,431.0,428.7,430.45,41
2026-08-20 10:57:00,BANKNIFTY29SEP2657400PE,57400.0,PE,29SEP2026,553.0,553.0,553.0,553.0,1
2026-08-20 10:57:00,BANKNIFTY29SEP2657500CE,57500.0,CE,29SEP2026,1180.0,1183.0,1180.0,1183.0,10
2026-08-20 10:57:00,BANKNIFTY29SEP2657500PE,57500.0,PE,29SEP2026,581.65,581.65,579.0,581.65,19
2026-08-20 10:58:00,BANKNIFTY29SEP2655500PE,55500.0,PE,29SEP2026,160.15,161.3,160.15,161.3,67
2026-08-20 10:58:00,BANKNIFTY29SEP2656000PE,56000.0,PE,29SEP2026,223.8,224.95,223.8,224.95,3
2026-08-20 10:58:00,BANKNIFTY29SEP2656200PE,56200.0,PE,29SEP2026,259.75,259.75,259.75,259.75,1
2026-08-20 10:58:00,BANKNIFTY29SEP2656300PE,56300.0,PE,29SEP2026,275.1,276.2,275.1,276.2,2
2026-08-20 10:58:00,BANKNIFTY29SEP2656500PE,56500.0,PE,29SEP2026,312.45,312.5,310.15,311.0,6
2026-08-20 10:58:00,BANKNIFTY29SEP2656700PE,56700.0,PE,29SEP2026,359.0,359.0,359.0,359.0,1
2026-08-20 10:58:00,BANKNIFTY29SEP2656800PE,56800.0,PE,29SEP2026,379.2,379.2,378.8,378.8,2
2026-08-20 10:58:00,BANKNIFTY29SEP2657000PE,57000.0,PE,29SEP2026,432.0,432.0,432.0,432.0,1
2026-08-20 10:58:00,BANKNIFTY29SEP2657300PE,57300.0,PE,29SEP2026,522.75,522.75,522.75,522.75,1
2026-08-20 10:58:00,BANKNIFTY29SEP2657500CE,57500.0,CE,29SEP2026,1182.95,1183.0,1182.95,1183.0,4
2026-08-20 10:58:00,BANKNIFTY29SEP2657500PE,57500.0,PE,29SEP2026,581.6,581.6,581.6,581.6,1
2026-08-20 10:59:00,BANKNIFTY29SEP2655500PE,55500.0,PE,29SEP2026,160.65,160.65,160.0,160.0,61
2026-08-20 10:59:00,BANKNIFTY29SEP2656000PE,56000.0,PE,29SEP2026,224.0,224.0,224.0,224.0,1
2026-08-20 10:59:00,BANKNIFTY29SEP2656500PE,56500.0,PE,29SEP2026,311.0,311.0,309.85,309.85,2
2026-08-20 10:59:00,BANKNIFTY29SEP2657000CE,57000.0,CE,29SEP2026,1525.0,1525.0,1525.0,1525.0,3
2026-08-20 10:59:00,BANKNIFTY29SEP2657000PE,57000.0,PE,29SEP2026,430.45,430.45,430.4,430.4,2
2026-08-20 10:59:00,BANKNIFTY29SEP2657200CE,57200.0,CE,29SEP2026,1390.75,1390.75,1389.0,1389.0,2
2026-08-20 10:59:00,BANKNIFTY29SEP2657200PE,57200.0,PE,29SEP2026,489.55,489.55,489.55,489.55,1
2026-08-20 10:59:00,BANKNIFTY29SEP2657500CE,57500.0,CE,29SEP2026,1183.0,1185.0,1183.0,1185.0,8
2026-08-20 10:59:00,BANKNIFTY29SEP2657500PE,57500.0,PE,29SEP2026,581.6,583.7,580.0,583.7,14
2026-08-20 11:00:00,BANKNIFTY29SEP2656000PE,56000.0,PE,29SEP2026,223.05,223.05,223.0,223.0,22
2026-08-20 11:00:00,BANKNIFTY29SEP2656500PE,56500.0,PE,29SEP2026,309.7,309.9,308.5,309.9,8
2026-08-20 11:00:00,BANKNIFTY29SEP2656900PE,56900.0,PE,29SEP2026,403.05,403.05,403.0,403.0,4
2026-08-20 11:00:00,BANKNIFTY29SEP2657000CE,57000.0,CE,29SEP2026,1529.5,1529.5,1529.5,1529.5,1
2026-08-20 11:00:00,BANKNIFTY29SEP2657000PE,57000.0,PE,29SEP2026,430.5,430.5,427.6,429.0,73
2026-08-20 11:00:00,BANKNIFTY29SEP2657200CE,57200.0,CE,29SEP2026,1386.0,1386.0,1386.0,1386.0,1
2026-08-20 11:00:00,BANKNIFTY29SEP2657200PE,57200.0,PE,29SEP2026,487.0,487.0,486.65,486.65,2
2026-08-20 11:00:00,BANKNIFTY29SEP2657300CE,57300.0,CE,29SEP2026,1322.95,1323.0,1322.95,1323.0,5
2026-08-20 11:00:00,BANKNIFTY29SEP2657300PE,57300.0,PE,29SEP2026,518.65,518.7,516.25,516.25,7
2026-08-20 11:00:00,BANKNIFTY29SEP2657400PE,57400.0,PE,29SEP2026,550.95,553.3,550.75,551.0,13
2026-08-20 11:00:00,BANKNIFTY29SEP2657500CE,57500.0,CE,29SEP2026,1185.95,1188.6,1185.95,1188.6,34
2026-08-20 11:00:00,BANKNIFTY29SEP2657500PE,57500.0,PE,29SEP2026,580.5,580.75,577.6,580.1,34
2026-08-20 11:01:00,BANKNIFTY29SEP2655500PE,55500.0,PE,29SEP2026,159.4,160.55,159.35,160.55,7
2026-08-20 11:01:00,BANKNIFTY29SEP2656000PE,56000.0,PE,29SEP2026,223.8,223.8,223.55,223.55,3
2026-08-20 11:01:00,BANKNIFTY29SEP2656500PE,56500.0,PE,29SEP2026,309.95,311.65,309.9,311.65,3
2026-08-20 11:01:00,BANKNIFTY29SEP2657000CE,57000.0,CE,29SEP2026,1530.0,1530.0,1523.05,1523.05,4
2026-08-20 11:01:00,BANKNIFTY29SEP2657000PE,57000.0,PE,29SEP2026,429.55,431.0,429.55,431.0,2
2026-08-20 11:01:00,BANKNIFTY29SEP2657200PE,57200.0,PE,29SEP2026,491.95,492.0,491.95,492.0,2
2026-08-20 11:01:00,BANKNIFTY29SEP2657300PE,57300.0,PE,29SEP2026,522.55,522.55,522.55,522.55,1
2026-08-20 11:01:00,BANKNIFTY29SEP2657500CE,57500.0,CE,29SEP2026,1185.9,1185.9,1184.05,1184.05,7
2026-08-20 11:01:00,BANKNIFTY29SEP2657500PE,57500.0,PE,29SEP2026,580.0,582.95,579.75,582.95,24
2026-08-20 11:02:00,BANKNIFTY29SEP2655500PE,55500.0,PE,29SEP2026,160.7,161.05,160.7,161.05,10
2026-08-20 11:02:00,BANKNIFTY29SEP2656000CE,56000.0,CE,29SEP2026,2284.15,2284.15,2284.15,2284.15,1
2026-08-20 11:02:00,BANKNIFTY29SEP2656000PE,56000.0,PE,29SEP2026,223.6,225.2,223.6,225.2,36
2026-08-20 11:02:00,BANKNIFTY29SEP2656500PE,56500.0,PE,29SEP2026,309.65,313.0,309.65,311.75,18
2026-08-20 11:02:00,BANKNIFTY29SEP2657000CE,57000.0,CE,29SEP2026,1520.0,1520.0,1520.0,1520.0,1
2026-08-20 11:02:00,BANKNIFTY29SEP2657000PE,57000.0,PE,29SEP2026,431.0,434.45,431.0,434.45,12
2026-08-20 11:02:00,BANKNIFTY29SEP2657100CE,57100.0,CE,29SEP2026,1441.4,1441.4,1441.25,1441.25,6
2026-08-20 11:02:00,BANKNIFTY29SEP2657100PE,57100.0,PE,29SEP2026,459.95,459.95,459.5,459.5,3
2026-08-20 11:02:00,BANKNIFTY29SEP2657200PE,57200.0,PE,29SEP2026,492.0,492.0,492.0,492.0,1
2026-08-20 11:02:00,BANKNIFTY29SEP2657400PE,57400.0,PE,29SEP2026,554.25,557.4,554.25,557.4,4
2026-08-20 11:02:00,BANKNIFTY29SEP2657500CE,57500.0,CE,29SEP2026,1179.75,1179.95,1176.95,1176.95,5
2026-08-20 11:02:00,BANKNIFTY29SEP2657500PE,57500.0,PE,29SEP2026,581.25,585.3,581.25,585.3,9
2026-08-20 11:03:00,BANKNIFTY29SEP2655500PE,55500.0,PE,29SEP2026,161.25,162.5,160.95,160.95,52
2026-08-20 11:03:00,BANKNIFTY29SEP2656000PE,56000.0,PE,29SEP2026,225.05,226.55,224.85,224.85,12
2026-08-20 11:03:00,BANKNIFTY29SEP2656500CE,56500.0,CE,29SEP2026,1900.0,1900.0,1900.0,1900.0,1
2026-08-20 11:03:00,BANKNIFTY29SEP2656500PE,56500.0,PE,29SEP2026,310.9,310.9,310.75,310.75,3
2026-08-20 11:03:00,BANKNIFTY29SEP2656800PE,56800.0,PE,29SEP2026,380.0,380.0,380.0,380.0,1
2026-08-20 11:03:00,BANKNIFTY29SEP2657000CE,57000.0,CE,29SEP2026,1528.95,1528.95,1528.95,1528.95,1
2026-08-20 11:03:00,BANKNIFTY29SEP2657000PE,57000.0,PE,29SEP2026,434.45,434.45,431.4,432.2,4
2026-08-20 11:03:00,BANKNIFTY29SEP2657300PE,57300.0,PE,29SEP2026,521.75,521.75,521.65,521.65,2
2026-08-20 11:03:00,BANKNIFTY29SEP2657400PE,57400.0,PE,29SEP2026,553.65,553.65,553.65,553.65,1
2026-08-20 11:03:00,BANKNIFTY29SEP2657500CE,57500.0,CE,29SEP2026,1176.95,1176.95,1176.95,1176.95,1
2026-08-20 11:03:00,BANKNIFTY29SEP2657500PE,57500.0,PE,29SEP2026,585.3,585.3,583.0,583.0,10
2026-08-20 11:04:00,BANKNIFTY29SEP2655500PE,55500.0,PE,29SEP2026,161.75,161.75,161.75,161.75,1
2026-08-20 11:04:00,BANKNIFTY29SEP2656000PE,56000.0,PE,29SEP2026,226.55,226.7,226.45,226.45,6
2026-08-20 11:04:00,BANKNIFTY29SEP2656500PE,56500.0,PE,29SEP2026,310.8,311.95,310.8,311.95,19
2026-08-20 11:04:00,BANKNIFTY29SEP2656700PE,56700.0,PE,29SEP2026,357.05,357.05,357.0,357.0,2
2026-08-20 11:04:00,BANKNIFTY29SEP2656800PE,56800.0,PE,29SEP2026,380.25,380.25,380.25,380.25,1
2026-08-20 11:04:00,BANKNIFTY29SEP2657000CE,57000.0,CE,29SEP2026,1524.95,1525.0,1524.95,1525.0,2
2026-08-20 11:04:00,BANKNIFTY29SEP2657000PE,57000.0,PE,29SEP2026,432.2,432.2,432.0,432.0,3
2026-08-20 11:04:00,BANKNIFTY29SEP2657200CE,57200.0,CE,29SEP2026,1371.6,1371.6,1371.6,1371.6,1
2026-08-20 11:04:00,BANKNIFTY29SEP2657200PE,57200.0,PE,29SEP2026,491.9,492.05,491.9,492.05,2
2026-08-20 11:04:00,BANKNIFTY29SEP2657300PE,57300.0,PE,29SEP2026,523.0,523.7,523.0,523.7,2
2026-08-20 11:04:00,BANKNIFTY29SEP2657400CE,57400.0,CE,29SEP2026,1249.6,1249.6,1249.6,1249.6,1
2026-08-20 11:04:00,BANKNIFTY29SEP2657400PE,57400.0,PE,29SEP2026,559.05,559.05,555.15,555.15,10
2026-08-20 11:04:00,BANKNIFTY29SEP2657500CE,57500.0,CE,29SEP2026,1179.9,1182.0,1179.9,1182.0,4
2026-08-20 11:04:00,BANKNIFTY29SEP2657500PE,57500.0,PE,29SEP2026,583.45,586.2,583.45,586.2,2
2026-08-20 11:05:00,BANKNIFTY29SEP2655500PE,55500.0,PE,29SEP2026,162.25,162.25,161.6,161.8,8
2026-08-20 11:05:00,BANKNIFTY29SEP2656000CE,56000.0,CE,29SEP2026,2294.4,2294.4,2294.4,2294.4,1
2026-08-20 11:05:00,BANKNIFTY29SEP2656000PE,56000.0,PE,29SEP2026,225.45,226.75,225.4,226.75,6
2026-08-20 11:05:00,BANKNIFTY29SEP2656800PE,56800.0,PE,29SEP2026,379.75,379.75,379.75,379.75,1
2026-08-20 11:05:00,BANKNIFTY29SEP2657000PE,57000.0,PE,29SEP2026,432.0,433.3,431.45,431.45,7
2026-08-20 11:05:00,BANKNIFTY29SEP2657200PE,57200.0,PE,29SEP2026,492.0,492.0,492.0,492.0,1
2026-08-20 11:05:00,BANKNIFTY29SEP2657400PE,57400.0,PE,29SEP2026,555.4,555.4,555.4,555.4,1
2026-08-20 11:05:00,BANKNIFTY29SEP2657500PE,57500.0,PE,29SEP2026,584.45,584.45,582.0,582.0,8
2026-08-20 11:06:00,BANKNIFTY29SEP2655500PE,55500.0,PE,29SEP2026,161.55,161.85,161.55,161.85,2
2026-08-20 11:06:00,BANKNIFTY29SEP2656000PE,56000.0,PE,29SEP2026,226.4,228.85,225.65,226.0,18
2026-08-20 11:06:00,BANKNIFTY29SEP2656500PE,56500.0,PE,29SEP2026,311.75,312.9,311.15,311.15,30
2026-08-20 11:06:00,BANKNIFTY29SEP2656700PE,56700.0,PE,29SEP2026,357.0,357.0,357.0,357.0,1
2026-08-20 11:06:00,BANKNIFTY29SEP2657000CE,57000.0,CE,29SEP2026,1522.95,1522.95,1522.95,1522.95,1
2026-08-20 11:06:00,BANKNIFTY29SEP2657000PE,57000.0,PE,29SEP2026,433.0,435.0,432.0,433.05,21
2026-08-20 11:06:00,BANKNIFTY29SEP2657300PE,57300.0,PE,29SEP2026,523.3,524.0,523.3,523.55,3
2026-08-20 11:06:00,BANKNIFTY29SEP2657400PE,57400.0,PE,29SEP2026,554.55,556.95,554.55,556.95,16
2026-08-20 11:06:00,BANKNIFTY29SEP2657500CE,57500.0,CE,29SEP2026,1177.1,1177.1,1174.9,1174.9,3
2026-08-20 11:06:00,BANKNIFTY29SEP2657500PE,57500.0,PE,29SEP2026,585.15,586.3,584.75,586.3,3
2026-08-20 11:07:00,BANKNIFTY29SEP2655500PE,55500.0,PE,29SEP2026,161.9,161.9,161.85,161.85,4
2026-08-20 11:07:00,BANKNIFTY29SEP2656000PE,56000.0,PE,29SEP2026,225.0,225.0,225.0,225.0,5
2026-08-20 11:07:00,BANKNIFTY29SEP2656700PE,56700.0,PE,29SEP2026,355.05,355.05,355.05,355.05,1
2026-08-20 11:07:00,BANKNIFTY29SEP2657000PE,57000.0,PE,29SEP2026,434.05,434.15,433.0,433.0,6
2026-08-20 11:07:00,BANKNIFTY29SEP2657200CE,57200.0,CE,29SEP2026,1372.0,1372.0,1372.0,1372.0,1
2026-08-20 11:07:00,BANKNIFTY29SEP2657400PE,57400.0,PE,29SEP2026,555.3,555.3,555.3,555.3,1
2026-08-20 11:07:00,BANKNIFTY29SEP2657500CE,57500.0,CE,29SEP2026,1178.85,1178.85,1178.85,1178.85,1
2026-08-20 11:07:00,BANKNIFTY29SEP2657500PE,57500.0,PE,29SEP2026,584.4,584.4,584.4,584.4,1
2026-08-20 11:08:00,BANKNIFTY29SEP2655500PE,55500.0,PE,29SEP2026,161.95,161.95,161.9,161.9,9
2026-08-20 11:08:00,BANKNIFTY29SEP2656200PE,56200.0,PE,29SEP2026,257.15,257.15,257.15,257.15,1
2026-08-20 11:08:00,BANKNIFTY29SEP2656500PE,56500.0,PE,29SEP2026,311.9,311.9,311.35,311.35,2
2026-08-20 11:08:00,BANKNIFTY29SEP2657000CE,57000.0,CE,29SEP2026,1523.95,1523.95,1523.9,1523.9,2
2026-08-20 11:08:00,BANKNIFTY29SEP2657000PE,57000.0,PE,29SEP2026,432.55,432.55,432.15,432.15,3
2026-08-20 11:08:00,BANKNIFTY29SEP2657100PE,57100.0,PE,29SEP2026,462.15,462.15,460.2,460.2,2
2026-08-20 11:08:00,BANKNIFTY29SEP2657200CE,57200.0,CE,29SEP2026,1373.2,1373.2,1373.2,1373.2,1
2026-08-20 11:08:00,BANKNIFTY29SEP2657300PE,57300.0,PE,29SEP2026,522.6,522.6,522.6,522.6,1
2026-08-20 11:08:00,BANKNIFTY29SEP2657400PE,57400.0,PE,29SEP2026,555.55,555.55,555.55,555.55,1
2026-08-20 11:08:00,BANKNIFTY29SEP2657500PE,57500.0,PE,29SEP2026,583.2,583.9,583.05,583.75,8
2026-08-20 11:09:00,BANKNIFTY29SEP2655500PE,55500.0,PE,29SEP2026,161.35,161.35,161.35,161.35,3
2026-08-20 11:09:00,BANKNIFTY29SEP2656500CE,56500.0,CE,29SEP2026,1894.95,1895.0,1894.95,1895.0,2
2026-08-20 11:09:00,BANKNIFTY29SEP2656500PE,56500.0,PE,29SEP2026,311.15,312.95,311.0,311.0,9
2026-08-20 11:09:00,BANKNIFTY29SEP2657000CE,57000.0,CE,29SEP2026,1523.9,1524.0,1523.9,1524.0,6
2026-08-20 11:09:00,BANKNIFTY29SEP2657000PE,57000.0,PE,29SEP2026,434.35,435.0,432.4,432.4,22
2026-08-20 11:09:00,BANKNIFTY29SEP2657200PE,57200.0,PE,29SEP2026,492.0,492.0,492.0,492.0,2
2026-08-20 11:09:00,BANKNIFTY29SEP2657300PE,57300.0,PE,29SEP2026,522.05,523.25,522.05,523.25,8
2026-08-20 11:09:00,BANKNIFTY29SEP2657400PE,57400.0,PE,29SEP2026,555.55,555.55,555.55,555.55,1
2026-08-20 11:09:00,BANKNIFTY29SEP2657500PE,57500.0,PE,29SEP2026,584.3,585.65,584.1,585.65,6
2026-08-20 11:10:00,BANKNIFTY29SEP2655500PE,55500.0,PE,29SEP2026,161.95,163.3,161.3,162.3,16
2026-08-20 11:10:00,BANKNIFTY29SEP2656000PE,56000.0,PE,29SEP2026,225.9,226.0,225.9,226.0,10
2026-08-20 11:10:00,BANKNIFTY29SEP2656500PE,56500.0,PE,29SEP2026,310.75,310.75,310.75,310.75,1
2026-08-20 11:10:00,BANKNIFTY29SEP2657000CE,57000.0,CE,29SEP2026,1527.0,1527.0,1527.0,1527.0,2
2026-08-20 11:10:00,BANKNIFTY29SEP2657000PE,57000.0,PE,29SEP2026,433.0,433.0,430.05,430.55,16
2026-08-20 11:10:00,BANKNIFTY29SEP2657300CE,57300.0,CE,29SEP2026,1320.5,1320.5,1320.5,1320.5,1
2026-08-20 11:10:00,BANKNIFTY29SEP2657300PE,57300.0,PE,29SEP2026,522.0,523.2,522.0,523.2,2
2026-08-20 11:10:00,BANKNIFTY29SEP2657500CE,57500.0,CE,29SEP2026,1181.35,1181.35,1181.35,1181.35,1
2026-08-20 11:10:00,BANKNIFTY29SEP2657500PE,57500.0,PE,29SEP2026,582.25,583.1,582.25,583.0,3
2026-08-20 11:11:00,BANKNIFTY29SEP2655500CE,55500.0,CE,29SEP2026,2735.0,2735.0,2735.0,2735.0,2
2026-08-20 11:11:00,BANKNIFTY29SEP2655500PE,55500.0,PE,29SEP2026,161.45,162.15,161.45,161.75,9
2026-08-20 11:11:00,BANKNIFTY29SEP2656000PE,56000.0,PE,29SEP2026,225.35,227.1,225.35,227.1,26
2026-08-20 11:11:00,BANKNIFTY29SEP2656500PE,56500.0,PE,29SEP2026,312.0,312.95,312.0,312.55,13
2026-08-20 11:11:00,BANKNIFTY29SEP2656600PE,56600.0,PE,29SEP2026,334.0,337.2,332.05,332.05,6
2026-08-20 11:11:00,BANKNIFTY29SEP2656700PE,56700.0,PE,29SEP2026,356.0,356.0,356.0,356.0,1
2026-08-20 11:11:00,BANKNIFTY29SEP2657000PE,57000.0,PE,29SEP2026,430.55,433.0,430.55,433.0,2
2026-08-20 11:11:00,BANKNIFTY29SEP2657300PE,57300.0,PE,29SEP2026,523.9,523.9,523.9,523.9,1
2026-08-20 11:11:00,BANKNIFTY29SEP2657400PE,57400.0,PE,29SEP2026,555.3,556.3,555.3,556.3,4
2026-08-20 11:11:00,BANKNIFTY29SEP2657500CE,57500.0,CE,29SEP2026,1180.2,1180.2,1174.95,1176.0,55
2026-08-20 11:11:00,BANKNIFTY29SEP2657500PE,57500.0,PE,29SEP2026,583.35,587.25,581.9,586.55,29
2026-08-20 11:12:00,BANKNIFTY29SEP2655500PE,55500.0,PE,29SEP2026,161.75,161.75,161.75,161.75,6
2026-08-20 11:12:00,BANKNIFTY29SEP2656000PE,56000.0,PE,29SEP2026,227.0,227.0,226.55,226.55,4
2026-08-20 11:12:00,BANKNIFTY29SEP2656500PE,56500.0,PE,29SEP2026,312.0,313.25,312.0,313.25,3
2026-08-20 11:12:00,BANKNIFTY29SEP2656600PE,56600.0,PE,29SEP2026,333.0,333.0,333.0,333.0,1
2026-08-20 11:12:00,BANKNIFTY29SEP2656700PE,56700.0,PE,29SEP2026,355.0,355.0,355.0,355.0,1
2026-08-20 11:12:00,BANKNIFTY29SEP2657000PE,57000.0,PE,29SEP2026,432.7,432.9,432.7,432.9,5
2026-08-20 11:12:00,BANKNIFTY29SEP2657400PE,57400.0,PE,29SEP2026,554.8,555.4,554.8,555.4,3
2026-08-20 11:12:00,BANKNIFTY29SEP2657500CE,57500.0,CE,29SEP2026,1174.8,1174.8,1174.0,1174.0,3
2026-08-20 11:12:00,BANKNIFTY29SEP2657500PE,57500.0,PE,29SEP2026,584.7,584.7,582.65,582.65,5
2026-08-20 11:13:00,BANKNIFTY29SEP2655500PE,55500.0,PE,29SEP2026,161.4,161.4,161.4,161.4,3
2026-08-20 11:13:00,BANKNIFTY29SEP2656000PE,56000.0,PE,29SEP2026,225.35,225.35,225.35,225.35,1
2026-08-20 11:13:00,BANKNIFTY29SEP2656200PE,56200.0,PE,29SEP2026,257.0,257.0,257.0,257.0,1
2026-08-20 11:13:00,BANKNIFTY29SEP2656500PE,56500.0,PE,29SEP2026,312.95,313.05,310.7,310.7,11
2026-08-20 11:13:00,BANKNIFTY29SEP2656700PE,56700.0,PE,29SEP2026,356.0,356.0,356.0,356.0,1
2026-08-20 11:13:00,BANKNIFTY29SEP2657000PE,57000.0,PE,29SEP2026,432.7,432.7,432.7,432.7,1
2026-08-20 11:13:00,BANKNIFTY29SEP2657300PE,57300.0,PE,29SEP2026,523.5,523.5,523.5,523.5,1
2026-08-20 11:13:00,BANKNIFTY29SEP2657400PE,57400.0,PE,29SEP2026,554.4,554.4,554.4,554.4,1
2026-08-20 11:13:00,BANKNIFTY29SEP2657500CE,57500.0,CE,29SEP2026,1178.0,1179.0,1177.5,1177.6,5
2026-08-20 11:13:00,BANKNIFTY29SEP2657500PE,57500.0,PE,29SEP2026,584.4,584.45,581.05,584.35,19
2026-08-20 11:14:00,BANKNIFTY29SEP2655500PE,55500.0,PE,29SEP2026,161.1,161.1,161.1,161.1,1
2026-08-20 11:14:00,BANKNIFTY29SEP2656000PE,56000.0,PE,29SEP2026,226.05,226.45,225.0,225.0,5
2026-08-20 11:14:00,BANKNIFTY29SEP2656500PE,56500.0,PE,29SEP2026,312.0,312.0,310.6,310.6,3
2026-08-20 11:14:00,BANKNIFTY29SEP2656600PE,56600.0,PE,29SEP2026,333.0,333.0,333.0,333.0,1
2026-08-20 11:14:00,BANKNIFTY29SEP2657000PE,57000.0,PE,29SEP2026,432.7,432.7,431.0,431.0,7
2026-08-20 11:14:00,BANKNIFTY29SEP2657300PE,57300.0,PE,29SEP2026,523.45,523.45,523.45,523.45,1
2026-08-20 11:14:00,BANKNIFTY29SEP2657500CE,57500.0,CE,29SEP2026,1179.95,1179.95,1179.95,1179.95,2
2026-08-20 11:15:00,BANKNIFTY29SEP2655500PE,55500.0,PE,29SEP2026,162.55,162.55,162.55,162.55,23
2026-08-20 11:15:00,BANKNIFTY29SEP2656000PE,56000.0,PE,29SEP2026,226.55,226.55,226.55,226.55,1
2026-08-20 11:15:00,BANKNIFTY29SEP2656500CE,56500.0,CE,29SEP2026,1893.1,1893.1,1893.1,1893.1,1
2026-08-20 11:15:00,BANKNIFTY29SEP2656500PE,56500.0,PE,29SEP2026,311.3,311.3,311.3,311.3,1
2026-08-20 11:15:00,BANKNIFTY29SEP2657000PE,57000.0,PE,29SEP2026,431.4,433.85,431.4,431.5,9
2026-08-20 11:15:00,BANKNIFTY29SEP2657200PE,57200.0,PE,29SEP2026,493.55,493.55,493.55,493.55,1
2026-08-20 11:15:00,BANKNIFTY29SEP2657300CE,57300.0,CE,29SEP2026,1302.3,1302.3,1302.3,1302.3,1
2026-08-20 11:15:00,BANKNIFTY29SEP2657300PE,57300.0,PE,29SEP2026,524.7,525.65,524.05,524.05,7
2026-08-20 11:15:00,BANKNIFTY29SEP2657400CE,57400.0,CE,29SEP2026,1246.5,1246.5,1246.5,1246.5,1
2026-08-20 11:15:00,BANKNIFTY29SEP2657400PE,57400.0,PE,29SEP2026,556.0,557.2,556.0,557.15,22
2026-08-20 11:15:00,BANKNIFTY29SEP2657500CE,57500.0,CE,29SEP2026,1175.85,1175.85,1175.85,1175.85,2
2026-08-20 11:15:00,BANKNIFTY29SEP2657500PE,57500.0,PE,29SEP2026,585.0,585.0,584.65,584.65,11
2026-08-20 11:16:00,BANKNIFTY29SEP2656000PE,56000.0,PE,29SEP2026,225.3,225.95,225.0,225.95,21
2026-08-20 11:16:00,BANKNIFTY29SEP2656600PE,56600.0,PE,29SEP2026,336.45,336.65,336.45,336.65,2
2026-08-20 11:16:00,BANKNIFTY29SEP2657000CE,57000.0,CE,29SEP2026,1515.05,1515.05,1515.0,1515.0,3
2026-08-20 11:16:00,BANKNIFTY29SEP2657100PE,57100.0,PE,29SEP2026,467.1,467.1,467.1,467.1,1
2026-08-20 11:16:00,BANKNIFTY29SEP2657200CE,57200.0,CE,29SEP2026,1383.65,1383.7,1383.65,1383.7,3
2026-08-20 11:16:00,BANKNIFTY29SEP2657400PE,57400.0,PE,29SEP2026,556.8,560.1,556.8,560.1,6
2026-08-20 11:16:00,BANKNIFTY29SEP2657500CE,57500.0,CE,29SEP2026,1171.1,1174.05,1170.0,1174.05,26
2026-08-20 11:16:00,BANKNIFTY29SEP2657500PE,57500.0,PE,29SEP2026,586.7,586.7,586.35,586.35,2
2026-08-20 11:17:00,BANKNIFTY29SEP2655500PE,55500.0,PE,29SEP2026,163.5,164.45,163.0,163.0,53
2026-08-20 11:17:00,BANKNIFTY29SEP2656000PE,56000.0,PE,29SEP2026,225.95,228.65,225.45,228.65,12
2026-08-20 11:17:00,BANKNIFTY29SEP2656300PE,56300.0,PE,29SEP2026,276.2,276.2,276.2,276.2,1
2026-08-20 11:17:00,BANKNIFTY29SEP2656500CE,56500.0,CE,29SEP2026,1890.0,1890.0,1890.0,1890.0,2
2026-08-20 11:17:00,BANKNIFTY29SEP2656500PE,56500.0,PE,29SEP2026,314.5,314.5,312.55,312.55,3
2026-08-20 11:17:00,BANKNIFTY29SEP2656700PE,56700.0,PE,29SEP2026,357.25,357.25,357.25,357.25,1
2026-08-20 11:17:00,BANKNIFTY29SEP2656900PE,56900.0,PE,29SEP2026,408.95,408.95,408.95,408.95,2
2026-08-20 11:17:00,BANKNIFTY29SEP2657000CE,57000.0,CE,29SEP2026,1516.85,1516.85,1516.85,1516.85,1
2026-08-20 11:17:00,BANKNIFTY29SEP2657000PE,57000.0,PE,29SEP2026,435.0,435.0,435.0,435.0,1
2026-08-20 11:17:00,BANKNIFTY29SEP2657100PE,57100.0,PE,29SEP2026,468.6,468.6,468.6,468.6,1
2026-08-20 11:17:00,BANKNIFTY29SEP2657300CE,57300.0,CE,29SEP2026,1305.0,1305.0,1305.0,1305.0,1
2026-08-20 11:17:00,BANKNIFTY29SEP2657400PE,57400.0,PE,29SEP2026,560.25,560.25,560.25,560.25,1
2026-08-20 11:17:00,BANKNIFTY29SEP2657500CE,57500.0,CE,29SEP2026,1173.7,1174.05,1173.7,1174.05,3
2026-08-20 11:17:00,BANKNIFTY29SEP2657500PE,57500.0,PE,29SEP2026,588.2,589.95,588.2,589.95,2
2026-08-20 11:18:00,BANKNIFTY29SEP2655500PE,55500.0,PE,29SEP2026,164.4,164.4,164.4,164.4,1
2026-08-20 11:18:00,BANKNIFTY29SEP2656000PE,56000.0,PE,29SEP2026,228.75,228.75,226.8,228.55,11
2026-08-20 11:18:00,BANKNIFTY29SEP2656500CE,56500.0,CE,29SEP2026,1884.05,1884.05,1884.0,1884.0,2
2026-08-20 11:18:00,BANKNIFTY29SEP2656500PE,56500.0,PE,29SEP2026,316.25,316.3,316.25,316.3,2
2026-08-20 11:18:00,BANKNIFTY29SEP2656900PE,56900.0,PE,29SEP2026,409.0,409.0,409.0,409.0,1
2026-08-20 11:18:00,BANKNIFTY29SEP2657000CE,57000.0,CE,29SEP2026,1516.3,1516.3,1515.0,1515.0,3
2026-08-20 11:18:00,BANKNIFTY29SEP2657000PE,57000.0,PE,29SEP2026,434.45,437.85,434.45,436.15,15
2026-08-20 11:18:00,BANKNIFTY29SEP2657200PE,57200.0,PE,29SEP2026,495.85,495.85,495.85,495.85,1
2026-08-20 11:18:00,BANKNIFTY29SEP2657300PE,57300.0,PE,29SEP2026,527.95,528.0,527.95,528.0,2
2026-08-20 11:18:00,BANKNIFTY29SEP2657400PE,57400.0,PE,29SEP2026,561.05,561.35,560.4,560.55,8
2026-08-20 11:18:00,BANKNIFTY29SEP2657500CE,57500.0,CE,29SEP2026,1170.0,1170.0,1165.5,1169.65,14
2026-08-20 11:18:00,BANKNIFTY29SEP2657500PE,57500.0,PE,29SEP2026,589.95,589.95,588.15,588.15,3
2026-08-20 11:19:00,BANKNIFTY29SEP2655500CE,55500.0,CE,29SEP2026,2720.0,2720.0,2720.0,2720.0,2
2026-08-20 11:19:00,BANKNIFTY29SEP2655500PE,55500.0,PE,29SEP2026,165.25,165.25,165.25,165.25,1
2026-08-20 11:19:00,BANKNIFTY29SEP2656500PE,56500.0,PE,29SEP2026,316.0,316.0,316.0,316.0,2
2026-08-20 11:19:00,BANKNIFTY29SEP2657000CE,57000.0,CE,29SEP2026,1508.05,1508.05,1508.05,1508.05,1
2026-08-20 11:19:00,BANKNIFTY29SEP2657000PE,57000.0,PE,29SEP2026,436.1,437.75,436.0,437.75,14
2026-08-20 11:19:00,BANKNIFTY29SEP2657300CE,57300.0,CE,29SEP2026,1294.8,1294.8,1294.8,1294.8,1
2026-08-20 11:19:00,BANKNIFTY29SEP2657300PE,57300.0,PE,29SEP2026,527.4,527.45,527.4,527.45,2
2026-08-20 11:19:00,BANKNIFTY29SEP2657400PE,57400.0,PE,29SEP2026,560.1,562.3,560.1,562.3,7
2026-08-20 11:19:00,BANKNIFTY29SEP2657500CE,57500.0,CE,29SEP2026,1167.95,1167.95,1167.95,1167.95,1
2026-08-20 11:19:00,BANKNIFTY29SEP2657500PE,57500.0,PE,29SEP2026,587.3,589.65,587.3,589.65,14
2026-08-20 11:20:00,BANKNIFTY29SEP2655500PE,55500.0,PE,29SEP2026,164.0,164.0,164.0,164.0,1
2026-08-20 11:20:00,BANKNIFTY29SEP2656000CE,56000.0,CE,29SEP2026,2275.3,2275.3,2274.0,2274.0,3
2026-08-20 11:20:00,BANKNIFTY29SEP2656000PE,56000.0,PE,29SEP2026,228.05,228.55,227.0,228.55,6
2026-08-20 11:20:00,BANKNIFTY29SEP2656500CE,56500.0,CE,29SEP2026,1882.05,1882.05,1882.05,1882.05,2
2026-08-20 11:20:00,BANKNIFTY29SEP2656500PE,56500.0,PE,29SEP2026,315.45,317.55,315.45,317.55,6
2026-08-20 11:20:00,BANKNIFTY29SEP2657000CE,57000.0,CE,29SEP2026,1509.05,1509.05,1509.05,1509.05,2
2026-08-20 11:20:00,BANKNIFTY29SEP2657000PE,57000.0,PE,29SEP2026,437.7,437.75,437.7,437.75,2
2026-08-20 11:20:00,BANKNIFTY29SEP2657100PE,57100.0,PE,29SEP2026,466.4,470.1,466.4,470.1,3
2026-08-20 11:20:00,BANKNIFTY29SEP2657200PE,57200.0,PE,29SEP2026,499.0,499.0,499.0,499.0,1
2026-08-20 11:20:00,BANKNIFTY29SEP2657300PE,57300.0,PE,29SEP2026,530.0,535.65,529.0,533.55,95
2026-08-20 11:20:00,BANKNIFTY29SEP2657500CE,57500.0,CE,29SEP2026,1164.05,1168.55,1164.05,1166.6,9
2026-08-20 11:20:00,BANKNIFTY29SEP2657500PE,57500.0,PE,29SEP2026,590.0,594.35,588.95,594.35,50
2026-08-20 11:21:00,BANKNIFTY29SEP2655500PE,55500.0,PE,29SEP2026,165.7,165.7,165.55,165.55,2
2026-08-20 11:21:00,BANKNIFTY29SEP2656000PE,56000.0,PE,29SEP2026,228.25,229.2,228.25,229.2,4
2026-08-20 11:21:00,BANKNIFTY29SEP2656500CE,56500.0,CE,29SEP2026,1882.0,1882.0,1882.0,1882.0,1
2026-08-20 11:21:00,BANKNIFTY29SEP2656500PE,56500.0,PE,29SEP2026,317.7,317.7,315.5,317.1,11
2026-08-20 11:21:00,BANKNIFTY29SEP2657000CE,57000.0,CE,29SEP2026,1509.0,1509.0,1508.1,1508.1,4
2026-08-20 11:21:00,BANKNIFTY29SEP2657000PE,57000.0,PE,29SEP2026,439.9,439.9,436.5,438.65,36
2026-08-20 11:21:00,BANKNIFTY29SEP2657300CE,57300.0,CE,29SEP2026,1300.8,1300.8,1300.8,1300.8,1
2026-08-20 11:21:00,BANKNIFTY29SEP2657300PE,57300.0,PE,29SEP2026,532.6,532.6,531.45,531.65,4
2026-08-20 11:21:00,BANKNIFTY29SEP2657500CE,57500.0,CE,29SEP2026,1165.9,1167.0,1161.05,1161.05,6
2026-08-20 11:21:00,BANKNIFTY29SEP2657500PE,57500.0,PE,29SEP2026,591.6,594.75,591.15,593.35,9
2026-08-20 11:22:00,BANKNIFTY29SEP2655500PE,55500.0,PE,29SEP2026,165.3,165.3,165.3,165.3,1
2026-08-20 11:22:00,BANKNIFTY29SEP2656000PE,56000.0,PE,29SEP2026,229.45,229.5,229.0,229.5,7
2026-08-20 11:22:00,BANKNIFTY29SEP2656500CE,56500.0,CE,29SEP2026,1878.0,1878.0,1878.0,1878.0,1
2026-08-20 11:22:00,BANKNIFTY29SEP2656500PE,56500.0,PE,29SEP2026,315.7,318.0,315.7,318.0,2
2026-08-20 11:22:00,BANKNIFTY29SEP2656700PE,56700.0,PE,29SEP2026,364.55,364.55,364.55,364.55,1
2026-08-20 11:22:00,BANKNIFTY29SEP2657000PE,57000.0,PE,29SEP2026,439.95,441.75,439.95,441.25,25
2026-08-20 11:22:00,BANKNIFTY29SEP2657200PE,57200.0,PE,29SEP2026,501.0,501.0,501.0,501.0,1
2026-08-20 11:22:00,BANKNIFTY29SEP2657300PE,57300.0,PE,29SEP2026,535.05,535.05,532.9,533.0,3
2026-08-20 11:22:00,BANKNIFTY29SEP2657500CE,57500.0,CE,29SEP2026,1165.45,1165.45,1161.0,1161.0,4
2026-08-20 11:22:00,BANKNIFTY29SEP2657500PE,57500.0,PE,29SEP2026,594.75,594.75,592.35,594.75,23
2026-08-20 11:23:00,BANKNIFTY29SEP2655500PE,55500.0,PE,29SEP2026,165.5,165.5,165.25,165.25,11
2026-08-20 11:23:00,BANKNIFTY29SEP2656000PE,56000.0,PE,29SEP2026,230.0,230.0,229.55,229.55,5
2026-08-20 11:23:00,BANKNIFTY29SEP2656200CE,56200.0,CE,29SEP2026,2100.0,2100.0,2100.0,2100.0,0
2026-08-20 11:23:00,BANKNIFTY29SEP2656500PE,56500.0,PE,29SEP2026,315.05,317.2,315.05,317.2,6
2026-08-20 11:23:00,BANKNIFTY29SEP2656800PE,56800.0,PE,29SEP2026,383.7,383.7,383.7,383.7,1
2026-08-20 11:23:00,BANKNIFTY29SEP2657000CE,57000.0,CE,29SEP2026,1504.0,1504.0,1504.0,1504.0,10
2026-08-20 11:23:00,BANKNIFTY29SEP2657000PE,57000.0,PE,29SEP2026,440.95,440.95,436.85,439.65,7
2026-08-20 11:23:00,BANKNIFTY29SEP2657200PE,57200.0,PE,29SEP2026,502.75,502.75,502.75,502.75,1
2026-08-20 11:23:00,BANKNIFTY29SEP2657300PE,57300.0,PE,29SEP2026,530.75,532.15,530.75,532.15,5
2026-08-20 11:23:00,BANKNIFTY29SEP2657500CE,57500.0,CE,29SEP2026,1163.0,1170.0,1161.7,1161.7,5
2026-08-20 11:23:00,BANKNIFTY29SEP2657500PE,57500.0,PE,29SEP2026,593.5,594.75,592.75,594.75,11
2026-08-20 11:24:00,BANKNIFTY29SEP2655500PE,55500.0,PE,29SEP2026,166.0,166.0,166.0,166.0,1
2026-08-20 11:24:00,BANKNIFTY29SEP2656000CE,56000.0,CE,29SEP2026,2259.65,2259.65,2259.55,2259.55,13
2026-08-20 11:24:00,BANKNIFTY29SEP2656000PE,56000.0,PE,29SEP2026,231.0,231.0,229.2,229.2,8
2026-08-20 11:24:00,BANKNIFTY29SEP2656200CE,56200.0,CE,29SEP2026,2088.5,2088.5,2088.5,2088.5,1
2026-08-20 11:24:00,BANKNIFTY29SEP2656500CE,56500.0,CE,29SEP2026,1876.0,1876.0,1872.0,1872.0,3
2026-08-20 11:24:00,BANKNIFTY29SEP2656500PE,56500.0,PE,29SEP2026,317.3,319.95,317.3,318.7,4
2026-08-20 11:24:00,BANKNIFTY29SEP2656700PE,56700.0,PE,29SEP2026,364.95,365.0,364.95,365.0,6
2026-08-20 11:24:00,BANKNIFTY29SEP2657000CE,57000.0,CE,29SEP2026,1500.0,1500.0,1490.05,1490.05,7
2026-08-20 11:24:00,BANKNIFTY29SEP2657000PE,57000.0,PE,29SEP2026,441.3,443.9,441.3,441.35,3
2026-08-20 11:24:00,BANKNIFTY29SEP2657200PE,57200.0,PE,29SEP2026,502.15,502.15,502.15,502.15,1
2026-08-20 11:24:00,BANKNIFTY29SEP2657300CE,57300.0,CE,29SEP2026,1286.8,1286.8,1286.8,1286.8,1
2026-08-20 11:24:00,BANKNIFTY29SEP2657300PE,57300.0,PE,29SEP2026,534.3,536.15,533.2,533.2,12
2026-08-20 11:24:00,BANKNIFTY29SEP2657400CE,57400.0,CE,29SEP2026,1225.0,1225.0,1225.0,1225.0,2
2026-08-20 11:24:00,BANKNIFTY29SEP2657400PE,57400.0,PE,29SEP2026,569.0,569.0,565.7,568.4,15
2026-08-20 11:24:00,BANKNIFTY29SEP2657500CE,57500.0,CE,29SEP2026,1155.95,1156.95,1154.65,1154.65,16
2026-08-20 11:24:00,BANKNIFTY29SEP2657500PE,57500.0,PE,29SEP2026,594.75,598.0,594.75,598.0,91
2026-08-20 11:25:00,BANKNIFTY29SEP2655500PE,55500.0,PE,29SEP2026,166.0,166.0,166.0,166.0,2
2026-08-20 11:25:00,BANKNIFTY29SEP2656000CE,56000.0,CE,29SEP2026,2255.3,2255.3,2255.3,2255.3,1
2026-08-20 11:25:00,BANKNIFTY29SEP2656000PE,56000.0,PE,29SEP2026,230.35,232.75,229.45,232.15,23
2026-08-20 11:25:00,BANKNIFTY29SEP2656500PE,56500.0,PE,29SEP2026,318.25,320.0,317.35,318.55,34
2026-08-20 11:25:00,BANKNIFTY29SEP2656700PE,56700.0,PE,29SEP2026,365.0,365.0,365.0,365.0,9
2026-08-20 11:25:00,BANKNIFTY29SEP2656800PE,56800.0,PE,29SEP2026,388.0,388.0,388.0,388.0,1
2026-08-20 11:25:00,BANKNIFTY29SEP2656900CE,56900.0,CE,29SEP2026,1552.4,1552.4,1552.35,1552.35,2
2026-08-20 11:25:00,BANKNIFTY29SEP2656900PE,56900.0,PE,29SEP2026,411.75,411.75,411.75,411.75,2
2026-08-20 11:25:00,BANKNIFTY29SEP2657000CE,57000.0,CE,29SEP2026,1490.05,1490.05,1490.05,1490.05,4
2026-08-20 11:25:00,BANKNIFTY29SEP2657000PE,57000.0,PE,29SEP2026,441.3,442.0,440.7,440.7,4
2026-08-20 11:25:00,BANKNIFTY29SEP2657200CE,57200.0,CE,29SEP2026,1354.05,1354.05,1354.0,1354.0,2
2026-08-20 11:25:00,BANKNIFTY29SEP2657200PE,57200.0,PE,29SEP2026,505.0,505.0,503.45,503.45,3
2026-08-20 11:25:00,BANKNIFTY29SEP2657300PE,57300.0,PE,29SEP2026,536.05,536.4,534.85,536.3,16
2026-08-20 11:25:00,BANKNIFTY29SEP2657400PE,57400.0,PE,29SEP2026,568.95,569.7,568.4,569.4,10
2026-08-20 11:25:00,BANKNIFTY29SEP2657500CE,57500.0,CE,29SEP2026,1154.65,1154.65,1153.3,1153.6,4
2026-08-20 11:25:00,BANKNIFTY29SEP2657500PE,57500.0,PE,29SEP2026,598.0,598.0,596.5,596.5,13
2026-08-20 11:26:00,BANKNIFTY29SEP2656000CE,56000.0,CE,29SEP2026,2257.8,2257.8,2257.8,2257.8,1
2026-08-20 11:26:00,BANKNIFTY29SEP2656000PE,56000.0,PE,29SEP2026,232.1,233.0,232.1,233.0,13
2026-08-20 11:26:00,BANKNIFTY29SEP2656200PE,56200.0,PE,29SEP2026,265.0,265.0,265.0,265.0,1
2026-08-20 11:26:00,BANKNIFTY29SEP2656500CE,56500.0,CE,29SEP2026,1865.0,1865.0,1864.0,1864.0,2
2026-08-20 11:26:00,BANKNIFTY29SEP2656500PE,56500.0,PE,29SEP2026,319.5,322.0,319.5,320.05,11
2026-08-20 11:26:00,BANKNIFTY29SEP2657000CE,57000.0,CE,29SEP2026,1495.0,1497.0,1490.1,1490.1,9
2026-08-20 11:26:00,BANKNIFTY29SEP2657000PE,57000.0,PE,29SEP2026,444.0,445.0,443.0,445.0,16
2026-08-20 11:26:00,BANKNIFTY29SEP2657100CE,57100.0,CE,29SEP2026,1414.05,1414.05,1414.0,1414.0,2
2026-08-20 11:26:00,BANKNIFTY29SEP2657200CE,57200.0,CE,29SEP2026,1342.5,1342.5,1342.5,1342.5,1
2026-08-20 11:26:00,BANKNIFTY29SEP2657300CE,57300.0,CE,29SEP2026,1283.65,1283.65,1283.65,1283.65,8
2026-08-20 11:26:00,BANKNIFTY29SEP2657300PE,57300.0,PE,29SEP2026,535.35,538.2,535.35,538.2,7
2026-08-20 11:26:00,BANKNIFTY29SEP2657400PE,57400.0,PE,29SEP2026,568.3,570.85,567.9,570.85,4
2026-08-20 11:26:00,BANKNIFTY29SEP2657500CE,57500.0,CE,29SEP2026,1152.1,1152.1,1147.95,1148.15,44
2026-08-20 11:26:00,BANKNIFTY29SEP2657500PE,57500.0,PE,29SEP2026,598.1,603.2,598.0,601.25,13
2026-08-20 11:27:00,BANKNIFTY29SEP2655500PE,55500.0,PE,29SEP2026,168.0,168.0,166.55,166.55,7
2026-08-20 11:27:00,BANKNIFTY29SEP2656000CE,56000.0,CE,29SEP2026,2280.45,2280.5,2280.45,2280.5,2
2026-08-20 11:27:00,BANKNIFTY29SEP2656000PE,56000.0,PE,29SEP2026,231.8,231.9,231.0,231.0,27
2026-08-20 11:27:00,BANKNIFTY29SEP2656500CE,56500.0,CE,29SEP2026,1864.0,1865.0,1864.0,1865.0,21
2026-08-20 11:27:00,BANKNIFTY29SEP2656500PE,56500.0,PE,29SEP2026,320.05,320.05,317.4,318.0,10
2026-08-20 11:27:00,BANKNIFTY29SEP2656700PE,56700.0,PE,29SEP2026,364.05,364.05,363.95,363.95,3
2026-08-20 11:27:00,BANKNIFTY29SEP2657000CE,57000.0,CE,29SEP2026,1500.75,1502.0,1500.0,1502.0,7
2026-08-20 11:27:00,BANKNIFTY29SEP2657000PE,57000.0,PE,29SEP2026,440.3,440.3,439.55,439.55,7
2026-08-20 11:27:00,BANKNIFTY29SEP2657200CE,57200.0,CE,29SEP2026,1347.75,1363.4,1347.75,1349.5,8
2026-08-20 11:27:00,BANKNIFTY29SEP2657200PE,57200.0,PE,29SEP2026,504.4,504.45,504.4,504.45,6
2026-08-20 11:27:00,BANKNIFTY29SEP2657300PE,57300.0,PE,29SEP2026,534.35,534.35,534.35,534.35,1
2026-08-20 11:27:00,BANKNIFTY29SEP2657400CE,57400.0,CE,29SEP2026,1208.9,1227.3,1208.9,1227.3,2
2026-08-20 11:27:00,BANKNIFTY29SEP2657400PE,57400.0,PE,29SEP2026,568.9,569.5,566.4,567.55,9
2026-08-20 11:27:00,BANKNIFTY29SEP2657500CE,57500.0,CE,29SEP2026,1150.95,1156.3,1147.6,1156.3,7
2026-08-20 11:27:00,BANKNIFTY29SEP2657500PE,57500.0,PE,29SEP2026,596.5,598.5,596.0,596.05,8
2026-08-20 11:28:00,BANKNIFTY29SEP2655500PE,55500.0,PE,29SEP2026,166.5,166.5,165.5,165.5,2
2026-08-20 11:28:00,BANKNIFTY29SEP2656000PE,56000.0,PE,29SEP2026,231.6,232.2,230.7,231.5,33
2026-08-20 11:28:00,BANKNIFTY29SEP2656500CE,56500.0,CE,29SEP2026,1865.0,1865.0,1865.0,1865.0,43
2026-08-20 11:28:00,BANKNIFTY29SEP2656500PE,56500.0,PE,29SEP2026,320.15,320.15,318.0,318.0,10
2026-08-20 11:28:00,BANKNIFTY29SEP2656900PE,56900.0,PE,29SEP2026,417.55,417.55,417.55,417.55,1
2026-08-20 11:28:00,BANKNIFTY29SEP2657000CE,57000.0,CE,29SEP2026,1500.95,1501.0,1500.95,1501.0,2
2026-08-20 11:28:00,BANKNIFTY29SEP2657000PE,57000.0,PE,29SEP2026,442.95,442.95,442.95,442.95,1
2026-08-20 11:28:00,BANKNIFTY29SEP2657200PE,57200.0,PE,29SEP2026,503.4,503.75,501.9,501.9,4
2026-08-20 11:28:00,BANKNIFTY29SEP2657400PE,57400.0,PE,29SEP2026,567.9,568.15,566.15,566.15,11
2026-08-20 11:28:00,BANKNIFTY29SEP2657500CE,57500.0,CE,29SEP2026,1159.1,1159.1,1155.0,1155.0,2
2026-08-20 11:28:00,BANKNIFTY29SEP2657500PE,57500.0,PE,29SEP2026,598.0,599.0,596.65,596.65,14
2026-08-20 11:29:00,BANKNIFTY29SEP2655500PE,55500.0,PE,29SEP2026,164.95,166.45,164.45,164.75,17
2026-08-20 11:29:00,BANKNIFTY29SEP2656000PE,56000.0,PE,29SEP2026,231.35,231.4,230.05,231.0,10
2026-08-20 11:29:00,BANKNIFTY29SEP2656500PE,56500.0,PE,29SEP2026,318.3,318.3,316.65,317.0,14
2026-08-20 11:29:00,BANKNIFTY29SEP2657000CE,57000.0,CE,29SEP2026,1496.05,1496.05,1496.05,1496.05,1
2026-08-20 11:29:00,BANKNIFTY29SEP2657300PE,57300.0,PE,29SEP2026,532.05,532.05,532.05,532.05,1
2026-08-20 11:29:00,BANKNIFTY29SEP2657400PE,57400.0,PE,29SEP2026,565.95,565.95,565.0,565.45,5
2026-08-20 11:29:00,BANKNIFTY29SEP2657500CE,57500.0,CE,29SEP2026,1160.0,1160.9,1160.0,1160.9,25
2026-08-20 11:29:00,BANKNIFTY29SEP2657500PE,57500.0,PE,29SEP2026,596.45,596.6,594.0,594.0,5
2026-08-20 11:30:00,BANKNIFTY29SEP2655500PE,55500.0,PE,29SEP2026,164.45,164.45,163.05,163.4,16
2026-08-20 11:30:00,BANKNIFTY29SEP2656000PE,56000.0,PE,29SEP2026,231.25,231.25,228.9,229.1,34
2026-08-20 11:30:00,BANKNIFTY29SEP2656200PE,56200.0,PE,29SEP2026,257.05,257.05,257.05,257.05,1
2026-08-20 11:30:00,BANKNIFTY29SEP2656500PE,56500.0,PE,29SEP2026,317.0,317.0,315.0,315.0,15
2026-08-20 11:30:00,BANKNIFTY29SEP2657000CE,57000.0,CE,29SEP2026,1500.0,1504.0,1497.2,1504.0,7
2026-08-20 11:30:00,BANKNIFTY29SEP2657000PE,57000.0,PE,29SEP2026,440.0,440.0,438.0,438.0,5
2026-08-20 11:30:00,BANKNIFTY29SEP2657100PE,57100.0,PE,29SEP2026,467.25,467.25,467.25,467.25,1
2026-08-20 11:30:00,BANKNIFTY29SEP2657200PE,57200.0,PE,29SEP2026,501.15,501.15,497.4,497.4,4
2026-08-20 11:30:00,BANKNIFTY29SEP2657300PE,57300.0,PE,29SEP2026,528.5,529.95,528.5,529.95,2
2026-08-20 11:30:00,BANKNIFTY29SEP2657400CE,57400.0,CE,29SEP2026,1230.0,1230.0,1230.0,1230.0,1
2026-08-20 11:30:00,BANKNIFTY29SEP2657400PE,57400.0,PE,29SEP2026,561.6,563.25,561.3,563.25,16
2026-08-20 11:30:00,BANKNIFTY29SEP2657500CE,57500.0,CE,29SEP2026,1164.65,1164.65,1164.0,1164.0,2
2026-08-20 11:30:00,BANKNIFTY29SEP2657500PE,57500.0,PE,29SEP2026,590.05,590.05,590.0,590.0,60
2026-08-20 11:31:00,BANKNIFTY29SEP2655500PE,55500.0,PE,29SEP2026,163.85,164.25,163.0,163.0,27
2026-08-20 11:31:00,BANKNIFTY29SEP2656000PE,56000.0,PE,29SEP2026,228.7,228.8,227.0,227.0,18
2026-08-20 11:31:00,BANKNIFTY29SEP2656300PE,56300.0,PE,29SEP2026,279.45,279.45,276.0,276.0,3
2026-08-20 11:31:00,BANKNIFTY29SEP2656500PE,56500.0,PE,29SEP2026,316.1,316.1,314.9,314.9,5
2026-08-20 11:31:00,BANKNIFTY29SEP2656600PE,56600.0,PE,29SEP2026,339.95,339.95,339.95,339.95,1
2026-08-20 11:31:00,BANKNIFTY29SEP2657000CE,57000.0,CE,29SEP2026,1508.0,1508.0,1500.0,1500.0,13
2026-08-20 11:31:00,BANKNIFTY29SEP2657000PE,57000.0,PE,29SEP2026,435.0,435.0,435.0,435.0,1
2026-08-20 11:31:00,BANKNIFTY29SEP2657100PE,57100.0,PE,29SEP2026,467.3,467.8,467.25,467.8,11
2026-08-20 11:31:00,BANKNIFTY29SEP2657300PE,57300.0,PE,29SEP2026,530.65,531.7,530.65,531.7,5
2026-08-20 11:31:00,BANKNIFTY29SEP2657400PE,57400.0,PE,29SEP2026,560.85,560.85,560.85,560.85,1
2026-08-20 11:31:00,BANKNIFTY29SEP2657500CE,57500.0,CE,29SEP2026,1165.95,1165.95,1160.0,1162.6,14
2026-08-20 11:31:00,BANKNIFTY29SEP2657500PE,57500.0,PE,29SEP2026,594.8,594.9,586.4,586.4,9
2026-08-20 11:32:00,BANKNIFTY29SEP2655500PE,55500.0,PE,29SEP2026,161.8,161.9,161.25,161.25,4
2026-08-20 11:32:00,BANKNIFTY29SEP2656000PE,56000.0,PE,29SEP2026,226.0,226.0,225.2,225.2,7
2026-08-20 11:32:00,BANKNIFTY29SEP2656300PE,56300.0,PE,29SEP2026,276.0,276.0,276.0,276.0,1
2026-08-20 11:32:00,BANKNIFTY29SEP2656500PE,56500.0,PE,29SEP2026,314.4,314.4,311.7,311.7,4
2026-08-20 11:32:00,BANKNIFTY29SEP2657000CE,57000.0,CE,29SEP2026,1515.0,1515.9,1515.0,1515.9,2
2026-08-20 11:32:00,BANKNIFTY29SEP2657000PE,57000.0,PE,29SEP2026,435.2,436.1,433.0,433.0,18
2026-08-20 11:32:00,BANKNIFTY29SEP2657200CE,57200.0,CE,29SEP2026,1378.65,1378.65,1378.65,1378.65,1
2026-08-20 11:32:00,BANKNIFTY29SEP2657300PE,57300.0,PE,29SEP2026,524.5,524.5,524.35,524.35,2
2026-08-20 11:32:00,BANKNIFTY29SEP2657400PE,57400.0,PE,29SEP2026,557.85,557.85,557.85,557.85,1
2026-08-20 11:32:00,BANKNIFTY29SEP2657500CE,57500.0,CE,29SEP2026,1171.05,1175.0,1171.05,1172.9,7
2026-08-20 11:32:00,BANKNIFTY29SEP2657500PE,57500.0,PE,29SEP2026,586.2,587.75,582.95,583.05,28
2026-08-20 11:33:00,BANKNIFTY29SEP2655500PE,55500.0,PE,29SEP2026,161.25,162.35,161.1,162.35,16
2026-08-20 11:33:00,BANKNIFTY29SEP2656000PE,56000.0,PE,29SEP2026,225.0,226.0,224.8,226.0,9
2026-08-20 11:33:00,BANKNIFTY29SEP2656200PE,56200.0,PE,29SEP2026,258.2,258.2,258.2,258.2,1
2026-08-20 11:33:00,BANKNIFTY29SEP2656500PE,56500.0,PE,29SEP2026,311.7,311.7,311.7,311.7,8
2026-08-20 11:33:00,BANKNIFTY29SEP2656600PE,56600.0,PE,29SEP2026,337.5,337.6,335.65,335.95,7
2026-08-20 11:33:00,BANKNIFTY29SEP2657000CE,57000.0,CE,29SEP2026,1518.05,1518.05,1518.05,1518.05,1
2026-08-20 11:33:00,BANKNIFTY29SEP2657000PE,57000.0,PE,29SEP2026,432.3,435.85,432.0,435.85,4
2026-08-20 11:33:00,BANKNIFTY29SEP2657100PE,57100.0,PE,29SEP2026,461.3,465.55,459.3,465.55,5
2026-08-20 11:33:00,BANKNIFTY29SEP2657200PE,57200.0,PE,29SEP2026,491.25,491.25,491.25,491.25,1
2026-08-20 11:33:00,BANKNIFTY29SEP2657300PE,57300.0,PE,29SEP2026,522.95,524.45,522.3,524.45,7
2026-08-20 11:33:00,BANKNIFTY29SEP2657400CE,57400.0,CE,29SEP2026,1240.0,1240.0,1240.0,1240.0,10
2026-08-20 11:33:00,BANKNIFTY29SEP2657400PE,57400.0,PE,29SEP2026,555.5,555.5,554.65,554.65,5
2026-08-20 11:33:00,BANKNIFTY29SEP2657500CE,57500.0,CE,29SEP2026,1172.85,1172.85,1172.5,1172.5,21
2026-08-20 11:33:00,BANKNIFTY29SEP2657500PE,57500.0,PE,29SEP2026,585.6,588.8,585.25,585.25,10
2026-08-20 11:34:00,BANKNIFTY29SEP2655500PE,55500.0,PE,29SEP2026,162.05,162.45,162.05,162.45,2
2026-08-20 11:34:00,BANKNIFTY29SEP2656000PE,56000.0,PE,29SEP2026,226.45,226.45,225.25,226.35,4
2026-08-20 11:34:00,BANKNIFTY29SEP2656500CE,56500.0,CE,29SEP2026,1885.0,1885.0,1885.0,1885.0,1
2026-08-20 11:34:00,BANKNIFTY29SEP2656500PE,56500.0,PE,29SEP2026,314.4,314.4,314.4,314.4,2
2026-08-20 11:34:00,BANKNIFTY29SEP2657200CE,57200.0,CE,29SEP2026,1369.0,1369.0,1369.0,1369.0,1
2026-08-20 11:34:00,BANKNIFTY29SEP2657500CE,57500.0,CE,29SEP2026,1167.9,1168.05,1167.9,1168.05,2
2026-08-20 11:34:00,BANKNIFTY29SEP2657500PE,57500.0,PE,29SEP2026,586.7,587.0,586.7,587.0,8
2026-08-20 11:35:00,BANKNIFTY29SEP2655500PE,55500.0,PE,29SEP2026,161.55,161.55,160.95,161.1,7
2026-08-20 11:35:00,BANKNIFTY29SEP2656000PE,56000.0,PE,29SEP2026,226.2,227.0,225.4,225.4,57
2026-08-20 11:35:00,BANKNIFTY29SEP2656500PE,56500.0,PE,29SEP2026,311.7,311.7,310.55,310.55,2
2026-08-20 11:35:00,BANKNIFTY29SEP2657000CE,57000.0,CE,29SEP2026,1523.8,1523.95,1522.95,1523.95,4
2026-08-20 11:35:00,BANKNIFTY29SEP2657000PE,57000.0,PE,29SEP2026,432.15,433.0,430.0,430.0,25
2026-08-20 11:35:00,BANKNIFTY29SEP2657200PE,57200.0,PE,29SEP2026,492.25,492.25,492.25,492.25,2
2026-08-20 11:35:00,BANKNIFTY29SEP2657300PE,57300.0,PE,29SEP2026,522.5,522.5,521.0,521.0,7
2026-08-20 11:35:00,BANKNIFTY29SEP2657400PE,57400.0,PE,29SEP2026,556.15,556.15,554.7,555.1,17
2026-08-20 11:35:00,BANKNIFTY29SEP2657500CE,57500.0,CE,29SEP2026,1172.9,1172.9,1167.95,1172.9,38
2026-08-20 11:35:00,BANKNIFTY29SEP2657500PE,57500.0,PE,29SEP2026,583.95,583.95,581.3,581.3,14
2026-08-20 11:36:00,BANKNIFTY29SEP2655500PE,55500.0,PE,29SEP2026,161.9,161.95,161.9,161.95,2
2026-08-20 11:36:00,BANKNIFTY29SEP2656000PE,56000.0,PE,29SEP2026,225.9,228.4,225.25,225.25,41
2026-08-20 11:36:00,BANKNIFTY29SEP2656500PE,56500.0,PE,29SEP2026,311.95,313.9,311.15,311.15,78
2026-08-20 11:36:00,BANKNIFTY29SEP2656600PE,56600.0,PE,29SEP2026,333.15,333.15,333.15,333.15,1
2026-08-20 11:36:00,BANKNIFTY29SEP2656700PE,56700.0,PE,29SEP2026,355.0,355.0,355.0,355.0,1
2026-08-20 11:36:00,BANKNIFTY29SEP2657000CE,57000.0,CE,29SEP2026,1523.85,1524.0,1521.9,1524.0,8
2026-08-20 11:36:00,BANKNIFTY29SEP2657000PE,57000.0,PE,29SEP2026,429.5,432.45,429.5,430.1,4
2026-08-20 11:36:00,BANKNIFTY29SEP2657500CE,57500.0,CE,29SEP2026,1174.7,1179.9,1173.95,1177.8,34
2026-08-20 11:36:00,BANKNIFTY29SEP2657500PE,57500.0,PE,29SEP2026,582.1,583.75,581.0,583.75,5
2026-08-20 11:37:00,BANKNIFTY29SEP2655500PE,55500.0,PE,29SEP2026,161.4,161.4,161.25,161.25,2
2026-08-20 11:37:00,BANKNIFTY29SEP2656500CE,56500.0,CE,29SEP2026,1894.05,1894.05,1894.0,1894.0,2
2026-08-20 11:37:00,BANKNIFTY29SEP2656500PE,56500.0,PE,29SEP2026,310.65,310.65,310.65,310.65,1
2026-08-20 11:37:00,BANKNIFTY29SEP2657000CE,57000.0,CE,29SEP2026,1519.1,1519.1,1519.1,1519.1,1
2026-08-20 11:37:00,BANKNIFTY29SEP2657000PE,57000.0,PE,29SEP2026,431.0,432.0,430.1,431.0,6
2026-08-20 11:37:00,BANKNIFTY29SEP2657300PE,57300.0,PE,29SEP2026,521.4,521.4,521.0,521.0,6
2026-08-20 11:37:00,BANKNIFTY29SEP2657400PE,57400.0,PE,29SEP2026,553.4,553.4,553.4,553.4,1
2026-08-20 11:37:00,BANKNIFTY29SEP2657500CE,57500.0,CE,29SEP2026,1177.5,1177.8,1176.15,1176.4,10
2026-08-20 11:37:00,BANKNIFTY29SEP2657500PE,57500.0,PE,29SEP2026,582.95,582.95,582.0,582.0,2
2026-08-20 11:38:00,BANKNIFTY29SEP2655500PE,55500.0,PE,29SEP2026,163.1,163.15,163.0,163.0,19
2026-08-20 11:38:00,BANKNIFTY29SEP2656000PE,56000.0,PE,29SEP2026,226.15,226.8,226.1,226.8,7
2026-08-20 11:38:00,BANKNIFTY29SEP2656500PE,56500.0,PE,29SEP2026,313.0,313.35,313.0,313.3,6
2026-08-20 11:38:00,BANKNIFTY29SEP2657000CE,57000.0,CE,29SEP2026,1519.1,1521.35,1519.1,1521.35,2
2026-08-20 11:38:00,BANKNIFTY29SEP2657000PE,57000.0,PE,29SEP2026,432.0,433.15,432.0,433.15,3
2026-08-20 11:38:00,BANKNIFTY29SEP2657200PE,57200.0,PE,29SEP2026,493.0,493.05,492.35,493.05,8
2026-08-20 11:38:00,BANKNIFTY29SEP2657300PE,57300.0,PE,29SEP2026,524.3,524.3,523.25,524.0,5
2026-08-20 11:38:00,BANKNIFTY29SEP2657400PE,57400.0,PE,29SEP2026,555.65,559.25,555.65,556.55,14
2026-08-20 11:38:00,BANKNIFTY29SEP2657500CE,57500.0,CE,29SEP2026,1174.95,1174.95,1170.0,1174.6,44
2026-08-20 11:38:00,BANKNIFTY29SEP2657500PE,57500.0,PE,29SEP2026,585.0,587.5,583.4,586.85,23
2026-08-20 11:39:00,BANKNIFTY29SEP2655500PE,55500.0,PE,29SEP2026,162.9,162.9,162.3,162.4,8
2026-08-20 11:39:00,BANKNIFTY29SEP2656000PE,56000.0,PE,29SEP2026,226.25,226.25,225.9,225.9,7
2026-08-20 11:39:00,BANKNIFTY29SEP2656500CE,56500.0,CE,29SEP2026,1888.0,1888.0,1888.0,1888.0,1
2026-08-20 11:39:00,BANKNIFTY29SEP2656500PE,56500.0,PE,29SEP2026,312.75,313.8,312.75,312.8,4
2026-08-20 11:39:00,BANKNIFTY29SEP2657000PE,57000.0,PE,29SEP2026,431.75,435.45,431.6,435.4,6
2026-08-20 11:39:00,BANKNIFTY29SEP2657300CE,57300.0,CE,29SEP2026,1300.0,1300.0,1300.0,1300.0,1
2026-08-20 11:39:00,BANKNIFTY29SEP2657300PE,57300.0,PE,29SEP2026,522.95,523.95,522.95,523.75,9
2026-08-20 11:39:00,BANKNIFTY29SEP2657400CE,57400.0,CE,29SEP2026,1240.35,1240.35,1240.35,1240.35,1
2026-08-20 11:39:00,BANKNIFTY29SEP2657400PE,57400.0,PE,29SEP2026,555.3,555.5,555.25,555.25,3
2026-08-20 11:39:00,BANKNIFTY29SEP2657500CE,57500.0,CE,29SEP2026,1172.4,1174.6,1170.0,1170.85,22
2026-08-20 11:39:00,BANKNIFTY29SEP2657500PE,57500.0,PE,29SEP2026,586.75,586.75,583.6,586.0,19
2026-08-20 11:40:00,BANKNIFTY29SEP2655500PE,55500.0,PE,29SEP2026,162.4,162.95,161.75,162.8,24
2026-08-20 11:40:00,BANKNIFTY29SEP2656000CE,56000.0,CE,29SEP2026,2285.6,2285.6,2285.6,2285.6,5
2026-08-20 11:40:00,BANKNIFTY29SEP2656000PE,56000.0,PE,29SEP2026,226.7,226.7,226.5,226.5,8
2026-08-20 11:40:00,BANKNIFTY29SEP2656500CE,56500.0,CE,29SEP2026,1885.0,1885.0,1885.0,1885.0,1
2026-08-20 11:40:00,BANKNIFTY29SEP2656500PE,56500.0,PE,29SEP2026,314.0,314.25,312.85,313.85,11
2026-08-20 11:40:00,BANKNIFTY29SEP2657000CE,57000.0,CE,29SEP2026,1510.0,1510.0,1506.0,1506.0,2
2026-08-20 11:40:00,BANKNIFTY29SEP2657000PE,57000.0,PE,29SEP2026,434.15,434.6,432.2,432.2,12
2026-08-20 11:40:00,BANKNIFTY29SEP2657200CE,57200.0,CE,29SEP2026,1369.05,1369.05,1369.05,1369.05,1
2026-08-20 11:40:00,BANKNIFTY29SEP2657400PE,57400.0,PE,29SEP2026,556.2,556.2,556.2,556.2,4
2026-08-20 11:40:00,BANKNIFTY29SEP2657500CE,57500.0,CE,29SEP2026,1169.05,1169.05,1164.1,1164.1,5
2026-08-20 11:40:00,BANKNIFTY29SEP2657500PE,57500.0,PE,29SEP2026,586.55,588.0,586.55,588.0,62
2026-08-20 11:41:00,BANKNIFTY29SEP2655500PE,55500.0,PE,29SEP2026,161.85,163.0,161.85,162.75,4
2026-08-20 11:41:00,BANKNIFTY29SEP2656000PE,56000.0,PE,29SEP2026,228.05,228.05,228.05,228.05,1
2026-08-20 11:41:00,BANKNIFTY29SEP2656500CE,56500.0,CE,29SEP2026,1882.0,1882.0,1882.0,1882.0,1
2026-08-20 11:41:00,BANKNIFTY29SEP2656500PE,56500.0,PE,29SEP2026,315.0,315.0,315.0,315.0,1
2026-08-20 11:41:00,BANKNIFTY29SEP2656600PE,56600.0,PE,29SEP2026,336.55,336.55,336.55,336.55,2
2026-08-20 11:41:00,BANKNIFTY29SEP2657000CE,57000.0,CE,29SEP2026,1506.1,1506.1,1506.0,1506.0,2
2026-08-20 11:41:00,BANKNIFTY29SEP2657000PE,57000.0,PE,29SEP2026,434.55,436.1,434.55,435.05,12
2026-08-20 11:41:00,BANKNIFTY29SEP2657200CE,57200.0,CE,29SEP2026,1369.05,1369.05,1369.0,1369.0,9
2026-08-20 11:41:00,BANKNIFTY29SEP2657200PE,57200.0,PE,29SEP2026,495.8,495.8,494.25,494.25,3
2026-08-20 11:41:00,BANKNIFTY29SEP2657400PE,57400.0,PE,29SEP2026,557.55,558.4,557.5,558.0,14
2026-08-20 11:41:00,BANKNIFTY29SEP2657500CE,57500.0,CE,29SEP2026,1162.6,1162.6,1162.6,1162.6,21
2026-08-20 11:41:00,BANKNIFTY29SEP2657500PE,57500.0,PE,29SEP2026,588.45,589.5,588.45,589.5,2
2026-08-20 11:42:00,BANKNIFTY29SEP2655500PE,55500.0,PE,29SEP2026,163.3,163.55,163.3,163.55,3
2026-08-20 11:42:00,BANKNIFTY29SEP2656000PE,56000.0,PE,29SEP2026,228.0,228.0,227.3,227.3,4
2026-08-20 11:42:00,BANKNIFTY29SEP2657000PE,57000.0,PE,29SEP2026,435.0,435.0,435.0,435.0,1
2026-08-20 11:42:00,BANKNIFTY29SEP2657300PE,57300.0,PE,29SEP2026,525.65,525.65,525.65,525.65,1
2026-08-20 11:42:00,BANKNIFTY29SEP2657400PE,57400.0,PE,29SEP2026,556.9,556.9,556.9,556.9,1
2026-08-20 11:42:00,BANKNIFTY29SEP2657500CE,57500.0,CE,29SEP2026,1167.3,1167.35,1167.3,1167.35,18
2026-08-20 11:42:00,BANKNIFTY29SEP2657500PE,57500.0,PE,29SEP2026,586.0,586.0,586.0,586.0,1
2026-08-20 11:43:00,BANKNIFTY29SEP2656000PE,56000.0,PE,29SEP2026,227.0,227.0,227.0,227.0,1
2026-08-20 11:43:00,BANKNIFTY29SEP2657000PE,57000.0,PE,29SEP2026,435.0,435.0,432.75,432.75,2
2026-08-20 11:44:00,BANKNIFTY29SEP2655500PE,55500.0,PE,29SEP2026,162.9,163.35,162.9,163.35,2
2026-08-20 11:44:00,BANKNIFTY29SEP2656000CE,56000.0,CE,29SEP2026,2285.6,2285.6,2285.6,2285.6,5
2026-08-20 11:44:00,BANKNIFTY29SEP2656000PE,56000.0,PE,29SEP2026,227.3,227.45,226.1,227.45,8
2026-08-20 11:44:00,BANKNIFTY29SEP2656500CE,56500.0,CE,29SEP2026,1881.0,1881.95,1881.0,1881.95,4
2026-08-20 11:44:00,BANKNIFTY29SEP2656500PE,56500.0,PE,29SEP2026,313.0,314.85,313.0,314.85,4
2026-08-20 11:44:00,BANKNIFTY29SEP2657000PE,57000.0,PE,29SEP2026,435.45,436.1,434.3,434.55,8
2026-08-20 11:44:00,BANKNIFTY29SEP2657200CE,57200.0,CE,29SEP2026,1371.0,1371.0,1371.0,1371.0,1
2026-08-20 11:44:00,BANKNIFTY29SEP2657300PE,57300.0,PE,29SEP2026,526.75,526.75,526.75,526.75,1
2026-08-20 11:44:00,BANKNIFTY29SEP2657500CE,57500.0,CE,29SEP2026,1168.0,1168.5,1167.35,1167.35,11
2026-08-20 11:44:00,BANKNIFTY29SEP2657500PE,57500.0,PE,29SEP2026,584.85,586.7,584.85,586.7,2
2026-08-20 11:45:00,BANKNIFTY29SEP2655500PE,55500.0,PE,29SEP2026,162.25,163.1,162.25,163.1,5
2026-08-20 11:45:00,BANKNIFTY29SEP2656000PE,56000.0,PE,29SEP2026,226.65,226.65,226.65,226.65,1
2026-08-20 11:45:00,BANKNIFTY29SEP2656500PE,56500.0,PE,29SEP2026,313.4,313.4,313.4,313.4,2
2026-08-20 11:45:00,BANKNIFTY29SEP2657000CE,57000.0,CE,29SEP2026,1508.15,1508.3,1508.15,1508.25,8
2026-08-20 11:45:00,BANKNIFTY29SEP2657000PE,57000.0,PE,29SEP2026,435.15,435.15,435.1,435.15,8
2026-08-20 11:46:00,BANKNIFTY29SEP2655500PE,55500.0,PE,29SEP2026,162.6,162.75,162.6,162.75,2
2026-08-20 11:46:00,BANKNIFTY29SEP2656000PE,56000.0,PE,29SEP2026,227.1,227.1,226.1,226.1,3
2026-08-20 11:46:00,BANKNIFTY29SEP2656500PE,56500.0,PE,29SEP2026,313.05,313.05,313.05,313.05,1
2026-08-20 11:46:00,BANKNIFTY29SEP2657000PE,57000.0,PE,29SEP2026,435.05,435.05,435.05,435.05,1
2026-08-20 11:46:00,BANKNIFTY29SEP2657400CE,57400.0,CE,29SEP2026,1234.8,1234.8,1234.8,1234.8,1
2026-08-20 11:46:00,BANKNIFTY29SEP2657500CE,57500.0,CE,29SEP2026,1172.0,1172.0,1172.0,1172.0,1
2026-08-20 11:46:00,BANKNIFTY29SEP2657500PE,57500.0,PE,29SEP2026,585.9,585.9,585.9,585.9,1
2026-08-20 11:47:00,BANKNIFTY29SEP2656000PE,56000.0,PE,29SEP2026,225.05,226.0,225.05,226.0,4
2026-08-20 11:47:00,BANKNIFTY29SEP2656600PE,56600.0,PE,29SEP2026,333.05,333.05,333.05,333.05,1
2026-08-20 11:47:00,BANKNIFTY29SEP2657000CE,57000.0,CE,29SEP2026,1518.1,1518.1,1518.1,1518.1,10
2026-08-20 11:47:00,BANKNIFTY29SEP2657000PE,57000.0,PE,29SEP2026,432.15,432.15,431.95,431.95,2
2026-08-20 11:47:00,BANKNIFTY29SEP2657500PE,57500.0,PE,29SEP2026,582.1,585.4,581.65,585.4,7
2026-08-20 11:48:00,BANKNIFTY29SEP2656000PE,56000.0,PE,29SEP2026,227.4,227.75,227.4,227.75,12
2026-08-20 11:48:00,BANKNIFTY29SEP2656500CE,56500.0,CE,29SEP2026,1890.0,1890.0,1890.0,1890.0,1
2026-08-20 11:48:00,BANKNIFTY29SEP2657000CE,57000.0,CE,29SEP2026,1515.05,1515.05,1515.0,1515.0,11
2026-08-20 11:48:00,BANKNIFTY29SEP2657400PE,57400.0,PE,29SEP2026,560.55,560.55,560.55,560.55,1
2026-08-20 11:48:00,BANKNIFTY29SEP2657500CE,57500.0,CE,29SEP2026,1172.0,1172.0,1166.95,1169.95,24
2026-08-20 11:48:00,BANKNIFTY29SEP2657500PE,57500.0,PE,29SEP2026,587.4,587.5,586.0,586.4,4
2026-08-20 11:49:00,BANKNIFTY29SEP2655500PE,55500.0,PE,29SEP2026,163.05,163.05,163.05,163.05,2
2026-08-20 11:49:00,BANKNIFTY29SEP2656000CE,56000.0,CE,29SEP2026,2280.0,2280.0,2280.0,2280.0,1
2026-08-20 11:49:00,BANKNIFTY29SEP2656000PE,56000.0,PE,29SEP2026,227.45,227.45,227.25,227.4,5
2026-08-20 11:49:00,BANKNIFTY29SEP2656500CE,56500.0,CE,29SEP2026,1884.0,1884.0,1884.0,1884.0,1
2026-08-20 11:49:00,BANKNIFTY29SEP2656500PE,56500.0,PE,29SEP2026,315.7,316.0,314.1,316.0,19
2026-08-20 11:49:00,BANKNIFTY29SEP2657000CE,57000.0,CE,29SEP2026,1508.3,1508.3,1508.3,1508.3,1
2026-08-20 11:49:00,BANKNIFTY29SEP2657000PE,57000.0,PE,29SEP2026,435.0,438.0,435.0,435.0,26
2026-08-20 11:49:00,BANKNIFTY29SEP2657200PE,57200.0,PE,29SEP2026,494.45,494.45,494.45,494.45,1
2026-08-20 11:49:00,BANKNIFTY29SEP2657500CE,57500.0,CE,29SEP2026,1165.2,1167.0,1165.2,1165.2,7
2026-08-20 11:49:00,BANKNIFTY29SEP2657500PE,57500.0,PE,29SEP2026,589.05,590.45,587.35,587.8,33
2026-08-20 11:50:00,BANKNIFTY29SEP2655500PE,55500.0,PE,29SEP2026,164.0,164.0,164.0,164.0,1
2026-08-20 11:50:00,BANKNIFTY29SEP2656000PE,56000.0,PE,29SEP2026,227.15,227.2,227.15,227.2,3
2026-08-20 11:50:00,BANKNIFTY29SEP2656200PE,56200.0,PE,29SEP2026,258.45,258.45,258.45,258.45,1
2026-08-20 11:50:00,BANKNIFTY29SEP2656300PE,56300.0,PE,29SEP2026,278.0,278.0,278.0,278.0,7
2026-08-20 11:50:00,BANKNIFTY29SEP2656500CE,56500.0,CE,29SEP2026,1880.0,1880.0,1880.0,1880.0,1
2026-08-20 11:50:00,BANKNIFTY29SEP2657000CE,57000.0,CE,29SEP2026,1508.0,1508.0,1508.0,1508.0,1
2026-08-20 11:50:00,BANKNIFTY29SEP2657000PE,57000.0,PE,29SEP2026,435.1,435.1,435.1,435.1,12
2026-08-20 11:50:00,BANKNIFTY29SEP2657200PE,57200.0,PE,29SEP2026,497.0,497.0,497.0,497.0,1
2026-08-20 11:50:00,BANKNIFTY29SEP2657300PE,57300.0,PE,29SEP2026,526.0,526.0,525.95,525.95,2
2026-08-20 11:50:00,BANKNIFTY29SEP2657400CE,57400.0,CE,29SEP2026,1230.0,1230.0,1230.0,1230.0,1
2026-08-20 11:50:00,BANKNIFTY29SEP2657500CE,57500.0,CE,29SEP2026,1165.2,1166.45,1160.0,1162.4,62
2026-08-20 11:50:00,BANKNIFTY29SEP2657500PE,57500.0,PE,29SEP2026,590.0,590.8,587.8,590.6,15
2026-08-20 11:51:00,BANKNIFTY29SEP2655500PE,55500.0,PE,29SEP2026,163.25,163.25,163.25,163.25,3
2026-08-20 11:51:00,BANKNIFTY29SEP2656000PE,56000.0,PE,29SEP2026,228.3,228.3,228.3,228.3,1
2026-08-20 11:51:00,BANKNIFTY29SEP2656500CE,56500.0,CE,29SEP2026,1878.0,1878.0,1878.0,1878.0,1
2026-08-20 11:51:00,BANKNIFTY29SEP2656500PE,56500.0,PE,29SEP2026,316.95,317.5,316.95,317.5,4
2026-08-20 11:51:00,BANKNIFTY29SEP2657000PE,57000.0,PE,29SEP2026,437.1,437.35,435.9,435.9,9
2026-08-20 11:51:00,BANKNIFTY29SEP2657200PE,57200.0,PE,29SEP2026,498.75,498.75,498.75,498.75,1
2026-08-20 11:51:00,BANKNIFTY29SEP2657300PE,57300.0,PE,29SEP2026,531.1,531.4,528.9,528.9,11
2026-08-20 11:51:00,BANKNIFTY29SEP2657500CE,57500.0,CE,29SEP2026,1160.0,1160.0,1159.95,1160.0,18
2026-08-20 11:51:00,BANKNIFTY29SEP2657500PE,57500.0,PE,29SEP2026,590.45,592.7,590.4,590.7,7
2026-08-20 11:52:00,BANKNIFTY29SEP2655500PE,55500.0,PE,29SEP2026,164.3,164.95,164.3,164.95,14
2026-08-20 11:52:00,BANKNIFTY29SEP2656000PE,56000.0,PE,29SEP2026,228.1,230.95,227.9,230.95,7
2026-08-20 11:52:00,BANKNIFTY29SEP2656300PE,56300.0,PE,29SEP2026,278.0,278.0,278.0,278.0,1
2026-08-20 11:52:00,BANKNIFTY29SEP2656500CE,56500.0,CE,29SEP2026,1880.0,1880.0,1874.0,1874.0,3
2026-08-20 11:52:00,BANKNIFTY29SEP2656500PE,56500.0,PE,29SEP2026,316.2,317.9,313.8,317.9,9
2026-08-20 11:52:00,BANKNIFTY29SEP2656800PE,56800.0,PE,29SEP2026,384.7,384.7,384.6,384.6,2
2026-08-20 11:52:00,BANKNIFTY29SEP2657000CE,57000.0,CE,29SEP2026,1498.05,1506.0,1498.0,1500.0,18
2026-08-20 11:52:00,BANKNIFTY29SEP2657000PE,57000.0,PE,29SEP2026,435.85,439.95,435.85,438.4,6
2026-08-20 11:52:00,BANKNIFTY29SEP2657100PE,57100.0,PE,29SEP2026,468.85,468.85,468.85,468.85,1
2026-08-20 11:52:00,BANKNIFTY29SEP2657300PE,57300.0,PE,29SEP2026,526.85,526.85,526.6,526.6,3
2026-08-20 11:52:00,BANKNIFTY29SEP2657500CE,57500.0,CE,29SEP2026,1159.95,1160.0,1155.05,1155.05,14
2026-08-20 11:52:00,BANKNIFTY29SEP2657500PE,57500.0,PE,29SEP2026,589.25,594.0,589.25,594.0,12
2026-08-20 11:53:00,BANKNIFTY29SEP2655500PE,55500.0,PE,29SEP2026,164.95,165.0,164.95,165.0,21
2026-08-20 11:53:00,BANKNIFTY29SEP2656000PE,56000.0,PE,29SEP2026,228.7,230.35,228.65,228.65,6
2026-08-20 11:53:00,BANKNIFTY29SEP2656300PE,56300.0,PE,29SEP2026,278.3,278.3,278.3,278.3,1
2026-08-20 11:53:00,BANKNIFTY29SEP2656500CE,56500.0,CE,29SEP2026,1868.0,1868.0,1862.2,1862.2,3
2026-08-20 11:53:00,BANKNIFTY29SEP2656500PE,56500.0,PE,29SEP2026,315.9,315.9,315.4,315.4,14
2026-08-20 11:53:00,BANKNIFTY29SEP2656700PE,56700.0,PE,29SEP2026,361.0,361.0,359.0,359.0,35
2026-08-20 11:53:00,BANKNIFTY29SEP2657000CE,57000.0,CE,29SEP2026,1500.0,1500.0,1500.0,1500.0,2
2026-08-20 11:53:00,BANKNIFTY29SEP2657000PE,57000.0,PE,29SEP2026,438.4,438.4,436.95,437.0,16
2026-08-20 11:53:00,BANKNIFTY29SEP2657300PE,57300.0,PE,29SEP2026,529.1,530.7,529.0,530.7,5
2026-08-20 11:53:00,BANKNIFTY29SEP2657500CE,57500.0,CE,29SEP2026,1158.4,1158.4,1158.4,1158.4,1
2026-08-20 11:53:00,BANKNIFTY29SEP2657500PE,57500.0,PE,29SEP2026,591.2,593.3,591.0,591.0,7
2026-08-20 11:54:00,BANKNIFTY29SEP2655500PE,55500.0,PE,29SEP2026,163.25,164.7,163.25,164.7,6
2026-08-20 11:54:00,BANKNIFTY29SEP2656000PE,56000.0,PE,29SEP2026,228.05,229.25,226.95,229.25,29
2026-08-20 11:54:00,BANKNIFTY29SEP2656300PE,56300.0,PE,29SEP2026,278.4,278.4,278.4,278.4,1
2026-08-20 11:54:00,BANKNIFTY29SEP2656500PE,56500.0,PE,29SEP2026,316.0,316.7,316.0,316.55,8
2026-08-20 11:54:00,BANKNIFTY29SEP2656700PE,56700.0,PE,29SEP2026,359.8,359.8,358.0,358.0,41
2026-08-20 11:54:00,BANKNIFTY29SEP2657000CE,57000.0,CE,29SEP2026,1500.05,1500.05,1500.05,1500.05,1
2026-08-20 11:54:00,BANKNIFTY29SEP2657000PE,57000.0,PE,29SEP2026,436.25,439.2,435.6,435.8,59
2026-08-20 11:54:00,BANKNIFTY29SEP2657200PE,57200.0,PE,29SEP2026,498.75,498.75,497.05,497.05,2
2026-08-20 11:54:00,BANKNIFTY29SEP2657300PE,57300.0,PE,29SEP2026,527.75,529.65,527.75,529.65,10
2026-08-20 11:54:00,BANKNIFTY29SEP2657500CE,57500.0,CE,29SEP2026,1160.55,1160.9,1155.65,1157.05,6
2026-08-20 11:54:00,BANKNIFTY29SEP2657500PE,57500.0,PE,29SEP2026,590.0,591.5,588.75,591.5,20
2026-08-20 11:55:00,BANKNIFTY29SEP2655500PE,55500.0,PE,29SEP2026,164.0,164.0,164.0,164.0,3
2026-08-20 11:55:00,BANKNIFTY29SEP2656000CE,56000.0,CE,29SEP2026,2275.0,2275.0,2275.0,2275.0,1
2026-08-20 11:55:00,BANKNIFTY29SEP2656000PE,56000.0,PE,29SEP2026,227.3,227.3,227.2,227.2,2
2026-08-20 11:55:00,BANKNIFTY29SEP2656300PE,56300.0,PE,29SEP2026,278.4,278.4,278.4,278.4,7
2026-08-20 11:55:00,BANKNIFTY29SEP2656500PE,56500.0,PE,29SEP2026,315.4,315.4,312.95,313.15,10
2026-08-20 11:55:00,BANKNIFTY29SEP2657000CE,57000.0,CE,29SEP2026,1500.1,1500.1,1500.1,1500.1,1
2026-08-20 11:55:00,BANKNIFTY29SEP2657000PE,57000.0,PE,29SEP2026,437.4,437.55,434.45,435.0,30
2026-08-20 11:55:00,BANKNIFTY29SEP2657100PE,57100.0,PE,29SEP2026,469.6,469.6,469.6,469.6,1
2026-08-20 11:55:00,BANKNIFTY29SEP2657200CE,57200.0,CE,29SEP2026,1351.75,1351.75,1351.7,1351.7,3
2026-08-20 11:55:00,BANKNIFTY29SEP2657200PE,57200.0,PE,29SEP2026,499.9,499.9,499.9,499.9,1
2026-08-20 11:55:00,BANKNIFTY29SEP2657300PE,57300.0,PE,29SEP2026,531.0,531.0,531.0,531.0,2
2026-08-20 11:55:00,BANKNIFTY29SEP2657500PE,57500.0,PE,29SEP2026,590.0,592.65,589.3,589.3,11
2026-08-20 11:56:00,BANKNIFTY29SEP2655500PE,55500.0,PE,29SEP2026,163.45,163.45,163.2,163.2,2
2026-08-20 11:56:00,BANKNIFTY29SEP2656000PE,56000.0,PE,29SEP2026,227.55,227.85,227.55,227.55,11
2026-08-20 11:56:00,BANKNIFTY29SEP2656500PE,56500.0,PE,29SEP2026,313.05,313.45,311.95,313.0,30
2026-08-20 11:56:00,BANKNIFTY29SEP2657000PE,57000.0,PE,29SEP2026,434.5,434.5,432.85,432.85,8
2026-08-20 11:56:00,BANKNIFTY29SEP2657200PE,57200.0,PE,29SEP2026,494.25,495.1,494.25,495.1,5
2026-08-20 11:56:00,BANKNIFTY29SEP2657300PE,57300.0,PE,29SEP2026,525.25,525.25,525.0,525.0,3
2026-08-20 11:56:00,BANKNIFTY29SEP2657500PE,57500.0,PE,29SEP2026,590.25,590.25,589.0,589.0,16
2026-08-20 11:57:00,BANKNIFTY29SEP2655500PE,55500.0,PE,29SEP2026,163.1,163.1,162.55,162.55,2
2026-08-20 11:57:00,BANKNIFTY29SEP2656300PE,56300.0,PE,29SEP2026,276.1,276.1,276.1,276.1,2
2026-08-20 11:57:00,BANKNIFTY29SEP2656500PE,56500.0,PE,29SEP2026,314.75,314.75,314.75,314.75,1
2026-08-20 11:57:00,BANKNIFTY29SEP2656600PE,56600.0,PE,29SEP2026,334.05,334.05,334.05,334.05,1
2026-08-20 11:57:00,BANKNIFTY29SEP2656800PE,56800.0,PE,29SEP2026,384.1,384.1,384.1,384.1,1
2026-08-20 11:57:00,BANKNIFTY29SEP2657000CE,57000.0,CE,29SEP2026,1503.75,1503.75,1503.75,1503.75,1
2026-08-20 11:57:00,BANKNIFTY29SEP2657000PE,57000.0,PE,29SEP2026,432.55,434.55,432.3,433.85,13
2026-08-20 11:57:00,BANKNIFTY29SEP2657100PE,57100.0,PE,29SEP2026,464.7,464.7,464.65,464.65,2
2026-08-20 11:57:00,BANKNIFTY29SEP2657200PE,57200.0,PE,29SEP2026,497.25,497.25,497.25,497.25,1
2026-08-20 11:57:00,BANKNIFTY29SEP2657400PE,57400.0,PE,29SEP2026,561.6,561.6,561.6,561.6,15
2026-08-20 11:57:00,BANKNIFTY29SEP2657500CE,57500.0,CE,29SEP2026,1162.05,1162.05,1158.25,1158.25,3
2026-08-20 11:57:00,BANKNIFTY29SEP2657500PE,57500.0,PE,29SEP2026,585.25,589.25,585.25,589.25,80
2026-08-20 11:58:00,BANKNIFTY29SEP2655500PE,55500.0,PE,29SEP2026,162.2,162.2,162.2,162.2,1
2026-08-20 11:58:00,BANKNIFTY29SEP2656000PE,56000.0,PE,29SEP2026,228.5,230.15,228.5,228.6,19
2026-08-20 11:58:00,BANKNIFTY29SEP2656200PE,56200.0,PE,29SEP2026,256.55,256.55,256.55,256.55,1
2026-08-20 11:58:00,BANKNIFTY29SEP2656500PE,56500.0,PE,29SEP2026,314.75,314.75,314.75,314.75,9
2026-08-20 11:58:00,BANKNIFTY29SEP2657000PE,57000.0,PE,29SEP2026,436.6,436.9,433.25,433.25,18
2026-08-20 11:58:00,BANKNIFTY29SEP2657100PE,57100.0,PE,29SEP2026,465.0,465.0,465.0,465.0,1
2026-08-20 11:58:00,BANKNIFTY29SEP2657200PE,57200.0,PE,29SEP2026,496.8,496.8,494.65,494.65,3
2026-08-20 11:58:00,BANKNIFTY29SEP2657300PE,57300.0,PE,29SEP2026,526.4,526.4,525.35,525.35,2
2026-08-20 11:58:00,BANKNIFTY29SEP2657500CE,57500.0,CE,29SEP2026,1158.65,1167.35,1158.65,1167.35,12
2026-08-20 11:58:00,BANKNIFTY29SEP2657500PE,57500.0,PE,29SEP2026,588.05,589.85,588.05,589.85,3
2026-08-20 11:59:00,BANKNIFTY29SEP2656000PE,56000.0,PE,29SEP2026,227.0,227.0,225.9,225.9,4
2026-08-20 11:59:00,BANKNIFTY29SEP2656200PE,56200.0,PE,29SEP2026,257.2,257.2,257.2,257.2,1
2026-08-20 11:59:00,BANKNIFTY29SEP2656500CE,56500.0,CE,29SEP2026,1871.95,1871.95,1871.4,1871.4,20
2026-08-20 11:59:00,BANKNIFTY29SEP2656500PE,56500.0,PE,29SEP2026,312.35,312.35,312.35,312.35,2
2026-08-20 11:59:00,BANKNIFTY29SEP2656600PE,56600.0,PE,29SEP2026,334.15,334.15,334.15,334.15,1
2026-08-20 11:59:00,BANKNIFTY29SEP2657000CE,57000.0,CE,29SEP2026,1509.4,1509.4,1509.4,1509.4,1
2026-08-20 11:59:00,BANKNIFTY29SEP2657000PE,57000.0,PE,29SEP2026,432.8,432.8,432.0,432.55,20
2026-08-20 11:59:00,BANKNIFTY29SEP2657200PE,57200.0,PE,29SEP2026,493.45,493.45,493.25,493.25,4
2026-08-20 11:59:00,BANKNIFTY29SEP2657300PE,57300.0,PE,29SEP2026,526.85,526.85,524.3,524.65,15
2026-08-20 11:59:00,BANKNIFTY29SEP2657400PE,57400.0,PE,29SEP2026,556.95,556.95,556.8,556.8,3
2026-08-20 11:59:00,BANKNIFTY29SEP2657500CE,57500.0,CE,29SEP2026,1167.5,1167.5,1167.5,1167.5,1
2026-08-20 11:59:00,BANKNIFTY29SEP2657500PE,57500.0,PE,29SEP2026,587.55,587.55,585.0,585.0,8
2026-08-20 12:00:00,BANKNIFTY29SEP2655500PE,55500.0,PE,29SEP2026,161.6,163.2,161.6,163.2,4
2026-08-20 12:00:00,BANKNIFTY29SEP2656600PE,56600.0,PE,29SEP2026,334.05,334.05,330.35,330.35,4
2026-08-20 12:00:00,BANKNIFTY29SEP2656700PE,56700.0,PE,29SEP2026,355.4,355.4,353.7,353.7,4
2026-08-20 12:00:00,BANKNIFTY29SEP2656800PE,56800.0,PE,29SEP2026,380.35,380.35,380.0,380.0,4
2026-08-20 12:00:00,BANKNIFTY29SEP2657000CE,57000.0,CE,29SEP2026,1506.05,1506.05,1506.05,1506.05,1
2026-08-20 12:00:00,BANKNIFTY29SEP2657000PE,57000.0,PE,29SEP2026,434.0,434.0,432.0,432.0,9
2026-08-20 12:00:00,BANKNIFTY29SEP2657400PE,57400.0,PE,29SEP2026,559.45,560.0,559.45,560.0,4
2026-08-20 12:00:00,BANKNIFTY29SEP2657500CE,57500.0,CE,29SEP2026,1167.2,1167.25,1166.2,1166.2,4
2026-08-20 12:00:00,BANKNIFTY29SEP2657500PE,57500.0,PE,29SEP2026,587.3,588.0,585.0,587.15,7
2026-08-20 12:01:00,BANKNIFTY29SEP2656000PE,56000.0,PE,29SEP2026,226.2,226.2,225.75,225.95,7
2026-08-20 12:01:00,BANKNIFTY29SEP2656500PE,56500.0,PE,29SEP2026,312.0,312.4,312.0,312.4,2
2026-08-20 12:01:00,BANKNIFTY29SEP2656900PE,56900.0,PE,29SEP2026,408.25,408.25,408.25,408.25,1
2026-08-20 12:01:00,BANKNIFTY29SEP2657000PE,57000.0,PE,29SEP2026,432.0,432.0,431.5,431.5,8
2026-08-20 12:01:00,BANKNIFTY29SEP2657100PE,57100.0,PE,29SEP2026,467.7,467.7,467.7,467.7,1
2026-08-20 12:01:00,BANKNIFTY29SEP2657200PE,57200.0,PE,29SEP2026,494.95,494.95,494.95,494.95,1
2026-08-20 12:01:00,BANKNIFTY29SEP2657300PE,57300.0,PE,29SEP2026,523.5,526.15,523.5,525.55,7
2026-08-20 12:01:00,BANKNIFTY29SEP2657400PE,57400.0,PE,29SEP2026,555.8,557.55,555.8,557.55,3
2026-08-20 12:01:00,BANKNIFTY29SEP2657500CE,57500.0,CE,29SEP2026,1167.2,1167.2,1167.0,1167.0,2
2026-08-20 12:01:00,BANKNIFTY29SEP2657500PE,57500.0,PE,29SEP2026,586.85,588.55,585.0,588.55,6
2026-08-20 12:02:00,BANKNIFTY29SEP2656000CE,56000.0,CE,29SEP2026,2298.15,2298.15,2298.15,2298.15,1
2026-08-20 12:02:00,BANKNIFTY29SEP2656000PE,56000.0,PE,29SEP2026,228.0,230.0,228.0,229.05,16
2026-08-20 12:02:00,BANKNIFTY29SEP2656900PE,56900.0,PE,29SEP2026,408.25,408.25,405.8,405.8,4
2026-08-20 12:02:00,BANKNIFTY29SEP2657000CE,57000.0,CE,29SEP2026,1506.05,1506.05,1506.05,1506.05,2
2026-08-20 12:02:00,BANKNIFTY29SEP2657000PE,57000.0,PE,29SEP2026,432.5,433.5,432.5,433.25,12
2026-08-20 12:02:00,BANKNIFTY29SEP2657300PE,57300.0,PE,29SEP2026,526.6,526.6,525.95,526.55,6
2026-08-20 12:02:00,BANKNIFTY29SEP2657400PE,57400.0,PE,29SEP2026,559.0,559.0,558.95,558.95,2
2026-08-20 12:02:00,BANKNIFTY29SEP2657500CE,57500.0,CE,29SEP2026,1166.6,1166.6,1162.25,1162.25,25
2026-08-20 12:02:00,BANKNIFTY29SEP2657500PE,57500.0,PE,29SEP2026,585.6,588.5,585.6,587.0,15
2026-08-20 12:03:00,BANKNIFTY29SEP2656000PE,56000.0,PE,29SEP2026,228.95,230.2,227.2,230.2,15
2026-08-20 12:03:00,BANKNIFTY29SEP2656500PE,56500.0,PE,29SEP2026,314.05,316.0,312.6,316.0,16
2026-08-20 12:03:00,BANKNIFTY29SEP2656700PE,56700.0,PE,29SEP2026,358.0,358.0,358.0,358.0,2
2026-08-20 12:03:00,BANKNIFTY29SEP2656900PE,56900.0,PE,29SEP2026,409.75,409.75,409.45,409.45,3
2026-08-20 12:03:00,BANKNIFTY29SEP2657000CE,57000.0,CE,29SEP2026,1507.25,1508.0,1507.25,1508.0,10
2026-08-20 12:03:00,BANKNIFTY29SEP2657000PE,57000.0,PE,29SEP2026,433.55,436.0,433.55,436.0,7
2026-08-20 12:03:00,BANKNIFTY29SEP2657300PE,57300.0,PE,29SEP2026,527.8,527.8,525.55,525.55,7
2026-08-20 12:03:00,BANKNIFTY29SEP2657400PE,57400.0,PE,29SEP2026,559.25,559.75,559.2,559.2,4
2026-08-20 12:03:00,BANKNIFTY29SEP2657500CE,57500.0,CE,29SEP2026,1161.5,1164.4,1158.0,1164.2,29
2026-08-20 12:03:00,BANKNIFTY29SEP2657500PE,57500.0,PE,29SEP2026,587.05,588.85,586.0,588.7,55
2026-08-20 12:04:00,BANKNIFTY29SEP2655500PE,55500.0,PE,29SEP2026,163.7,163.75,163.7,163.75,3
2026-08-20 12:04:00,BANKNIFTY29SEP2656000PE,56000.0,PE,29SEP2026,227.8,229.65,226.95,229.65,22
2026-08-20 12:04:00,BANKNIFTY29SEP2656500CE,56500.0,CE,29SEP2026,1888.2,1888.25,1888.2,1888.25,2
2026-08-20 12:04:00,BANKNIFTY29SEP2656900PE,56900.0,PE,29SEP2026,409.45,409.45,409.45,409.45,1
2026-08-20 12:04:00,BANKNIFTY29SEP2657000CE,57000.0,CE,29SEP2026,1505.0,1505.0,1505.0,1505.0,2
2026-08-20 12:04:00,BANKNIFTY29SEP2657000PE,57000.0,PE,29SEP2026,434.45,435.35,434.45,435.35,5
2026-08-20 12:04:00,BANKNIFTY29SEP2657100PE,57100.0,PE,29SEP2026,465.0,465.0,465.0,465.0,2
2026-08-20 12:04:00,BANKNIFTY29SEP2657200CE,57200.0,CE,29SEP2026,1362.6,1362.6,1362.55,1362.55,3
2026-08-20 12:04:00,BANKNIFTY29SEP2657200PE,57200.0,PE,29SEP2026,496.1,496.1,496.1,496.1,6
2026-08-20 12:04:00,BANKNIFTY29SEP2657300PE,57300.0,PE,29SEP2026,527.2,527.2,526.8,526.8,3
2026-08-20 12:04:00,BANKNIFTY29SEP2657500CE,57500.0,CE,29SEP2026,1163.35,1163.35,1158.35,1158.35,2
2026-08-20 12:04:00,BANKNIFTY29SEP2657500PE,57500.0,PE,29SEP2026,589.0,589.0,586.95,588.05,4
2026-08-20 12:05:00,BANKNIFTY29SEP2656000CE,56000.0,CE,29SEP2026,2274.2,2291.6,2274.15,2278.5,16
2026-08-20 12:05:00,BANKNIFTY29SEP2656000PE,56000.0,PE,29SEP2026,228.4,228.4,228.4,228.4,3
2026-08-20 12:05:00,BANKNIFTY29SEP2656600PE,56600.0,PE,29SEP2026,335.0,337.05,335.0,337.05,4
2026-08-20 12:05:00,BANKNIFTY29SEP2656700PE,56700.0,PE,29SEP2026,357.05,357.05,357.05,357.05,2
2026-08-20 12:05:00,BANKNIFTY29SEP2656900PE,56900.0,PE,29SEP2026,408.45,408.45,408.45,408.45,2
2026-08-20 12:05:00,BANKNIFTY29SEP2657000CE,57000.0,CE,29SEP2026,1505.0,1505.0,1505.0,1505.0,1
2026-08-20 12:05:00,BANKNIFTY29SEP2657000PE,57000.0,PE,29SEP2026,432.85,432.85,432.75,432.75,5
2026-08-20 12:05:00,BANKNIFTY29SEP2657200PE,57200.0,PE,29SEP2026,495.4,495.4,494.5,494.5,2
2026-08-20 12:05:00,BANKNIFTY29SEP2657300PE,57300.0,PE,29SEP2026,525.3,525.9,525.0,525.0,8
2026-08-20 12:05:00,BANKNIFTY29SEP2657500PE,57500.0,PE,29SEP2026,588.0,588.0,584.4,584.4,17
2026-08-20 12:06:00,BANKNIFTY29SEP2656500PE,56500.0,PE,29SEP2026,314.1,314.1,312.0,312.0,9
2026-08-20 12:06:00,BANKNIFTY29SEP2656600PE,56600.0,PE,29SEP2026,335.0,335.0,335.0,335.0,1
2026-08-20 12:06:00,BANKNIFTY29SEP2656900PE,56900.0,PE,29SEP2026,407.6,407.6,407.6,407.6,2
2026-08-20 12:06:00,BANKNIFTY29SEP2657000CE,57000.0,CE,29SEP2026,1505.15,1510.3,1505.15,1510.3,3
2026-08-20 12:06:00,BANKNIFTY29SEP2657000PE,57000.0,PE,29SEP2026,432.4,432.4,431.95,431.95,18
2026-08-20 12:06:00,BANKNIFTY29SEP2657200CE,57200.0,CE,29SEP2026,1376.2,1376.2,1376.2,1376.2,1
2026-08-20 12:06:00,BANKNIFTY29SEP2657300PE,57300.0,PE,29SEP2026,523.25,523.25,523.25,523.25,1
2026-08-20 12:06:00,BANKNIFTY29SEP2657500PE,57500.0,PE,29SEP2026,584.5,586.75,583.45,583.45,14
2026-08-20 12:07:00,BANKNIFTY29SEP2655500PE,55500.0,PE,29SEP2026,162.0,162.0,162.0,162.0,20
2026-08-20 12:07:00,BANKNIFTY29SEP2656200CE,56200.0,CE,29SEP2026,2114.35,2114.35,2114.35,2114.35,1
2026-08-20 12:07:00,BANKNIFTY29SEP2656500CE,56500.0,CE,29SEP2026,1884.0,1884.0,1884.0,1884.0,1
2026-08-20 12:07:00,BANKNIFTY29SEP2656500PE,56500.0,PE,29SEP2026,312.0,314.4,312.0,314.4,11
2026-08-20 12:07:00,BANKNIFTY29SEP2656800PE,56800.0,PE,29SEP2026,381.85,381.85,381.85,381.85,1
2026-08-20 12:07:00,BANKNIFTY29SEP2657000PE,57000.0,PE,29SEP2026,432.5,432.5,432.5,432.5,1
2026-08-20 12:07:00,BANKNIFTY29SEP2657300CE,57300.0,CE,29SEP2026,1300.0,1300.0,1300.0,1300.0,1
2026-08-20 12:07:00,BANKNIFTY29SEP2657400PE,57400.0,PE,29SEP2026,554.25,554.25,554.25,554.25,1
2026-08-20 12:07:00,BANKNIFTY29SEP2657500CE,57500.0,CE,29SEP2026,1169.9,1169.9,1167.3,1167.3,4
2026-08-20 12:07:00,BANKNIFTY29SEP2657500PE,57500.0,PE,29SEP2026,584.25,586.0,584.25,586.0,7
2026-08-20 12:08:00,BANKNIFTY29SEP2655500PE,55500.0,PE,29SEP2026,163.05,163.05,163.05,163.05,1
2026-08-20 12:08:00,BANKNIFTY29SEP2656500CE,56500.0,CE,29SEP2026,1888.6,1888.65,1888.6,1888.65,2
2026-08-20 12:08:00,BANKNIFTY29SEP2656500PE,56500.0,PE,29SEP2026,313.4,313.45,313.05,313.05,7
2026-08-20 12:08:00,BANKNIFTY29SEP2656600PE,56600.0,PE,29SEP2026,336.7,336.7,335.0,335.0,3
2026-08-20 12:08:00,BANKNIFTY29SEP2656800PE,56800.0,PE,29SEP2026,382.6,382.65,382.6,382.65,3
2026-08-20 12:08:00,BANKNIFTY29SEP2657000PE,57000.0,PE,29SEP2026,435.0,435.0,435.0,435.0,1
2026-08-20 12:08:00,BANKNIFTY29SEP2657100CE,57100.0,CE,29SEP2026,1422.75,1422.75,1422.75,1422.75,1
2026-08-20 12:08:00,BANKNIFTY29SEP2657300PE,57300.0,PE,29SEP2026,527.85,527.85,527.85,527.85,1
2026-08-20 12:08:00,BANKNIFTY29SEP2657500CE,57500.0,CE,29SEP2026,1165.15,1165.15,1165.15,1165.15,1
2026-08-20 12:08:00,BANKNIFTY29SEP2657500PE,57500.0,PE,29SEP2026,587.0,587.0,587.0,587.0,1
2026-08-20 12:09:00,BANKNIFTY29SEP2656000PE,56000.0,PE,29SEP2026,228.0,228.0,226.4,226.4,6
2026-08-20 12:09:00,BANKNIFTY29SEP2656500PE,56500.0,PE,29SEP2026,314.0,314.0,314.0,314.0,1
2026-08-20 12:09:00,BANKNIFTY29SEP2656900PE,56900.0,PE,29SEP2026,409.45,409.45,408.05,408.05,4
2026-08-20 12:09:00,BANKNIFTY29SEP2657000CE,57000.0,CE,29SEP2026,1510.95,1510.95,1510.95,1510.95,1
2026-08-20 12:09:00,BANKNIFTY29SEP2657000PE,57000.0,PE,29SEP2026,433.0,433.0,433.0,433.0,5
2026-08-20 12:09:00,BANKNIFTY29SEP2657300PE,57300.0,PE,29SEP2026,525.1,525.1,525.05,525.05,2
2026-08-20 12:09:00,BANKNIFTY29SEP2657400PE,57400.0,PE,29SEP2026,557.25,557.25,557.0,557.0,4
2026-08-20 12:09:00,BANKNIFTY29SEP2657500CE,57500.0,CE,29SEP2026,1166.2,1167.2,1166.2,1167.2,3
2026-08-20 12:09:00,BANKNIFTY29SEP2657500PE,57500.0,PE,29SEP2026,588.0,588.0,585.3,585.3,9
2026-08-20 12:10:00,BANKNIFTY29SEP2656800PE,56800.0,PE,29SEP2026,385.3,385.35,385.3,385.35,2
2026-08-20 12:10:00,BANKNIFTY29SEP2656900PE,56900.0,PE,29SEP2026,407.05,407.05,407.05,407.05,2
2026-08-20 12:10:00,BANKNIFTY29SEP2657000PE,57000.0,PE,29SEP2026,431.55,431.55,431.55,431.55,1
2026-08-20 12:10:00,BANKNIFTY29SEP2657300PE,57300.0,PE,29SEP2026,525.05,525.05,525.05,525.05,1
2026-08-20 12:10:00,BANKNIFTY29SEP2657500PE,57500.0,PE,29SEP2026,585.05,585.05,585.0,585.0,2
2026-08-20 12:11:00,BANKNIFTY29SEP2655500PE,55500.0,PE,29SEP2026,163.2,163.2,163.2,163.2,1
2026-08-20 12:11:00,BANKNIFTY29SEP2656000PE,56000.0,PE,29SEP2026,227.65,227.65,227.65,227.65,1
2026-08-20 12:11:00,BANKNIFTY29SEP2657000CE,57000.0,CE,29SEP2026,1505.0,1505.0,1505.0,1505.0,4
2026-08-20 12:11:00,BANKNIFTY29SEP2657000PE,57000.0,PE,29SEP2026,434.0,434.0,434.0,434.0,1
2026-08-20 12:11:00,BANKNIFTY29SEP2657200CE,57200.0,CE,29SEP2026,1358.85,1358.85,1350.6,1350.6,20
2026-08-20 12:11:00,BANKNIFTY29SEP2657200PE,57200.0,PE,29SEP2026,494.65,494.65,494.65,494.65,1
2026-08-20 12:11:00,BANKNIFTY29SEP2657300CE,57300.0,CE,29SEP2026,1288.05,1288.05,1288.0,1288.0,3
2026-08-20 12:11:00,BANKNIFTY29SEP2657400CE,57400.0,CE,29SEP2026,1225.1,1225.1,1225.0,1225.0,3
2026-08-20 12:11:00,BANKNIFTY29SEP2657400PE,57400.0,PE,29SEP2026,556.45,557.2,556.45,557.2,2
2026-08-20 12:11:00,BANKNIFTY29SEP2657500CE,57500.0,CE,29SEP2026,1161.4,1162.1,1159.05,1160.8,22
2026-08-20 12:12:00,BANKNIFTY29SEP2656000PE,56000.0,PE,29SEP2026,227.5,228.0,227.5,228.0,3
2026-08-20 12:12:00,BANKNIFTY29SEP2656500CE,56500.0,CE,29SEP2026,1878.0,1878.0,1878.0,1878.0,1
2026-08-20 12:12:00,BANKNIFTY29SEP2656600CE,56600.0,CE,29SEP2026,1811.2,1811.2,1811.2,1811.2,1
2026-08-20 12:12:00,BANKNIFTY29SEP2656900PE,56900.0,PE,29SEP2026,410.0,410.0,410.0,410.0,2
2026-08-20 12:12:00,BANKNIFTY29SEP2657000CE,57000.0,CE,29SEP2026,1505.0,1505.0,1504.9,1504.9,4
2026-08-20 12:12:00,BANKNIFTY29SEP2657000PE,57000.0,PE,29SEP2026,435.0,435.0,435.0,435.0,2
2026-08-20 12:12:00,BANKNIFTY29SEP2657400CE,57400.0,CE,29SEP2026,1227.15,1227.15,1225.65,1225.65,2
2026-08-20 12:12:00,BANKNIFTY29SEP2657400PE,57400.0,PE,29SEP2026,558.35,558.35,558.35,558.35,1
2026-08-20 12:12:00,BANKNIFTY29SEP2657500CE,57500.0,CE,29SEP2026,1159.9,1159.9,1159.9,1159.9,1
2026-08-20 12:12:00,BANKNIFTY29SEP2657500PE,57500.0,PE,29SEP2026,586.9,587.25,585.3,585.3,12
2026-08-20 12:13:00,BANKNIFTY29SEP2655500PE,55500.0,PE,29SEP2026,163.6,163.6,163.3,163.3,23
2026-08-20 12:13:00,BANKNIFTY29SEP2656000PE,56000.0,PE,29SEP2026,228.0,228.0,227.0,227.05,6
2026-08-20 12:13:00,BANKNIFTY29SEP2656300PE,56300.0,PE,29SEP2026,273.1,273.1,273.05,273.05,2
2026-08-20 12:13:00,BANKNIFTY29SEP2656500CE,56500.0,CE,29SEP2026,1878.0,1878.0,1878.0,1878.0,1
2026-08-20 12:13:00,BANKNIFTY29SEP2656500PE,56500.0,PE,29SEP2026,314.4,314.4,314.4,314.4,8
2026-08-20 12:13:00,BANKNIFTY29SEP2657100CE,57100.0,CE,29SEP2026,1440.85,1440.95,1440.85,1440.95,3
2026-08-20 12:13:00,BANKNIFTY29SEP2657300CE,57300.0,CE,29SEP2026,1295.0,1295.0,1295.0,1295.0,2
2026-08-20 12:13:00,BANKNIFTY29SEP2657300PE,57300.0,PE,29SEP2026,527.3,527.3,526.25,526.25,2
2026-08-20 12:13:00,BANKNIFTY29SEP2657500CE,57500.0,CE,29SEP2026,1160.15,1161.9,1155.55,1161.4,5
2026-08-20 12:13:00,BANKNIFTY29SEP2657500PE,57500.0,PE,29SEP2026,585.3,585.3,585.3,585.3,2
2026-08-20 12:14:00,BANKNIFTY29SEP2655500PE,55500.0,PE,29SEP2026,163.3,163.3,163.3,163.3,1
2026-08-20 12:14:00,BANKNIFTY29SEP2656000PE,56000.0,PE,29SEP2026,227.15,227.15,226.4,226.4,6
2026-08-20 12:14:00,BANKNIFTY29SEP2656500PE,56500.0,PE,29SEP2026,313.8,313.8,313.15,313.15,9
2026-08-20 12:14:00,BANKNIFTY29SEP2657000PE,57000.0,PE,29SEP2026,433.2,433.2,433.2,433.2,2
2026-08-20 12:14:00,BANKNIFTY29SEP2657200PE,57200.0,PE,29SEP2026,493.5,493.5,493.5,493.5,3
2026-08-20 12:14:00,BANKNIFTY29SEP2657300CE,57300.0,CE,29SEP2026,1295.0,1295.0,1295.0,1295.0,1
2026-08-20 12:14:00,BANKNIFTY29SEP2657300PE,57300.0,PE,29SEP2026,524.7,524.7,524.7,524.7,2
2026-08-20 12:14:00,BANKNIFTY29SEP2657400PE,57400.0,PE,29SEP2026,556.95,556.95,556.95,556.95,4
2026-08-20 12:14:00,BANKNIFTY29SEP2657500CE,57500.0,CE,29SEP2026,1161.05,1161.1,1158.6,1158.6,10
2026-08-20 12:14:00,BANKNIFTY29SEP2657500PE,57500.0,PE,29SEP2026,585.3,587.25,585.3,585.3,8
2026-08-20 12:15:00,BANKNIFTY29SEP2655500PE,55500.0,PE,29SEP2026,162.5,162.5,162.5,162.5,2
2026-08-20 12:15:00,BANKNIFTY29SEP2656000CE,56000.0,CE,29SEP2026,2280.0,2280.0,2280.0,2280.0,1
2026-08-20 12:15:00,BANKNIFTY29SEP2656000PE,56000.0,PE,29SEP2026,227.55,227.6,226.4,226.4,5
2026-08-20 12:15:00,BANKNIFTY29SEP2656500CE,56500.0,CE,29SEP2026,1878.0,1878.0,1878.0,1878.0,1
2026-08-20 12:15:00,BANKNIFTY29SEP2656800CE,56800.0,CE,29SEP2026,1645.0,1645.0,1645.0,1645.0,2
2026-08-20 12:15:00,BANKNIFTY29SEP2657000CE,57000.0,CE,29SEP2026,1507.5,1507.5,1507.5,1507.5,1
2026-08-20 12:15:00,BANKNIFTY29SEP2657000PE,57000.0,PE,29SEP2026,432.1,432.1,432.1,432.1,3
2026-08-20 12:15:00,BANKNIFTY29SEP2657100PE,57100.0,PE,29SEP2026,463.0,463.0,463.0,463.0,10
2026-08-20 12:15:00,BANKNIFTY29SEP2657200PE,57200.0,PE,29SEP2026,493.45,493.45,493.45,493.45,1
2026-08-20 12:15:00,BANKNIFTY29SEP2657500PE,57500.0,PE,29SEP2026,585.3,585.3,585.0,585.0,3
2026-08-20 12:16:00,BANKNIFTY29SEP2656000PE,56000.0,PE,29SEP2026,227.65,227.65,225.55,225.55,17
2026-08-20 12:16:00,BANKNIFTY29SEP2656200PE,56200.0,PE,29SEP2026,257.2,257.2,257.2,257.2,1
2026-08-20 12:16:00,BANKNIFTY29SEP2656500PE,56500.0,PE,29SEP2026,313.15,314.65,313.15,314.65,9
2026-08-20 12:16:00,BANKNIFTY29SEP2657100PE,57100.0,PE,29SEP2026,464.0,464.0,464.0,464.0,1
2026-08-20 12:16:00,BANKNIFTY29SEP2657200PE,57200.0,PE,29SEP2026,493.3,493.3,493.3,493.3,1
2026-08-20 12:16:00,BANKNIFTY29SEP2657400PE,57400.0,PE,29SEP2026,556.0,556.0,556.0,556.0,3
2026-08-20 12:17:00,BANKNIFTY29SEP2655500PE,55500.0,PE,29SEP2026,163.0,163.0,163.0,163.0,1
2026-08-20 12:17:00,BANKNIFTY29SEP2656000PE,56000.0,PE,29SEP2026,225.5,226.0,225.5,226.0,4
2026-08-20 12:17:00,BANKNIFTY29SEP2656200PE,56200.0,PE,29SEP2026,257.2,257.2,257.2,257.2,1
2026-08-20 12:17:00,BANKNIFTY29SEP2657000CE,57000.0,CE,29SEP2026,1507.5,1507.5,1507.5,1507.5,4
2026-08-20 12:17:00,BANKNIFTY29SEP2657000PE,57000.0,PE,29SEP2026,433.4,433.4,431.0,431.0,8
2026-08-20 12:17:00,BANKNIFTY29SEP2657300PE,57300.0,PE,29SEP2026,523.8,523.8,522.6,522.6,3
2026-08-20 12:17:00,BANKNIFTY29SEP2657500CE,57500.0,CE,29SEP2026,1160.05,1163.25,1160.0,1160.0,4
2026-08-20 12:17:00,BANKNIFTY29SEP2657500PE,57500.0,PE,29SEP2026,584.2,586.25,582.5,586.25,29
2026-08-20 12:18:00,BANKNIFTY29SEP2656000PE,56000.0,PE,29SEP2026,227.0,228.1,225.65,225.65,34
2026-08-20 12:18:00,BANKNIFTY29SEP2656200PE,56200.0,PE,29SEP2026,255.15,255.15,255.1,255.1,2
2026-08-20 12:18:00,BANKNIFTY29SEP2656500PE,56500.0,PE,29SEP2026,312.35,312.35,310.25,311.75,30
2026-08-20 12:18:00,BANKNIFTY29SEP2657000PE,57000.0,PE,29SEP2026,431.05,431.05,431.0,431.0,2
2026-08-20 12:18:00,BANKNIFTY29SEP2657100CE,57100.0,CE,29SEP2026,1421.55,1421.55,1421.55,1421.55,1
2026-08-20 12:18:00,BANKNIFTY29SEP2657300PE,57300.0,PE,29SEP2026,525.85,525.85,525.85,525.85,1
2026-08-20 12:18:00,BANKNIFTY29SEP2657500CE,57500.0,CE,29SEP2026,1160.0,1163.65,1159.0,1159.0,6
2026-08-20 12:18:00,BANKNIFTY29SEP2657500PE,57500.0,PE,29SEP2026,587.45,587.8,583.7,587.8,29
2026-08-20 12:19:00,BANKNIFTY29SEP2655500PE,55500.0,PE,29SEP2026,163.25,163.6,163.25,163.6,5
2026-08-20 12:19:00,BANKNIFTY29SEP2656000CE,56000.0,CE,29SEP2026,2278.45,2278.5,2278.45,2278.5,2
2026-08-20 12:19:00,BANKNIFTY29SEP2656000PE,56000.0,PE,29SEP2026,229.05,229.05,227.2,227.2,16
2026-08-20 12:19:00,BANKNIFTY29SEP2656200PE,56200.0,PE,29SEP2026,258.0,258.0,258.0,258.0,2
2026-08-20 12:19:00,BANKNIFTY29SEP2656300PE,56300.0,PE,29SEP2026,277.0,277.0,277.0,277.0,1
2026-08-20 12:19:00,BANKNIFTY29SEP2656500PE,56500.0,PE,29SEP2026,311.9,314.5,311.9,314.5,3
2026-08-20 12:19:00,BANKNIFTY29SEP2656800PE,56800.0,PE,29SEP2026,384.15,384.15,384.15,384.15,1
2026-08-20 12:19:00,BANKNIFTY29SEP2657000CE,57000.0,CE,29SEP2026,1498.0,1498.0,1497.85,1497.85,4
2026-08-20 12:19:00,BANKNIFTY29SEP2657000PE,57000.0,PE,29SEP2026,433.0,436.85,433.0,434.25,8
2026-08-20 12:19:00,BANKNIFTY29SEP2657300PE,57300.0,PE,29SEP2026,525.7,525.7,525.7,525.7,1
2026-08-20 12:19:00,BANKNIFTY29SEP2657500CE,57500.0,CE,29SEP2026,1159.0,1159.0,1153.35,1156.0,14
2026-08-20 12:19:00,BANKNIFTY29SEP2657500PE,57500.0,PE,29SEP2026,586.45,590.4,586.45,590.4,3
2026-08-20 12:20:00,BANKNIFTY29SEP2655500PE,55500.0,PE,29SEP2026,163.6,165.0,163.6,165.0,27
2026-08-20 12:20:00,BANKNIFTY29SEP2656000PE,56000.0,PE,29SEP2026,230.8,230.8,230.8,230.8,1
2026-08-20 12:20:00,BANKNIFTY29SEP2656200PE,56200.0,PE,29SEP2026,260.1,266.05,260.1,266.05,6
2026-08-20 12:20:00,BANKNIFTY29SEP2656500CE,56500.0,CE,29SEP2026,1872.0,1872.0,1860.0,1860.0,6
2026-08-20 12:20:00,BANKNIFTY29SEP2656500PE,56500.0,PE,29SEP2026,316.75,319.05,316.75,318.35,17
2026-08-20 12:20:00,BANKNIFTY29SEP2656700CE,56700.0,CE,29SEP2026,1694.3,1694.3,1693.95,1693.95,4
2026-08-20 12:20:00,BANKNIFTY29SEP2656700PE,56700.0,PE,29SEP2026,361.5,361.5,361.45,361.45,2
2026-08-20 12:20:00,BANKNIFTY29SEP2656900PE,56900.0,PE,29SEP2026,410.9,410.9,410.9,410.9,1
2026-08-20 12:20:00,BANKNIFTY29SEP2657000CE,57000.0,CE,29SEP2026,1498.95,1498.95,1496.0,1497.0,6
2026-08-20 12:20:00,BANKNIFTY29SEP2657000PE,57000.0,PE,29SEP2026,436.5,440.0,436.5,440.0,20
2026-08-20 12:20:00,BANKNIFTY29SEP2657300PE,57300.0,PE,29SEP2026,527.75,527.75,527.75,527.75,1
2026-08-20 12:20:00,BANKNIFTY29SEP2657400PE,57400.0,PE,29SEP2026,567.0,567.0,567.0,567.0,1
2026-08-20 12:20:00,BANKNIFTY29SEP2657500CE,57500.0,CE,29SEP2026,1153.95,1155.1,1142.1,1142.1,52
2026-08-20 12:20:00,BANKNIFTY29SEP2657500PE,57500.0,PE,29SEP2026,591.25,599.0,589.4,598.7,61
2026-08-20 12:21:00,BANKNIFTY29SEP2655500PE,55500.0,PE,29SEP2026,166.0,171.85,166.0,166.3,52
2026-08-20 12:21:00,BANKNIFTY29SEP2656000CE,56000.0,CE,29SEP2026,2260.05,2260.05,2260.0,2260.0,4
2026-08-20 12:21:00,BANKNIFTY29SEP2656000PE,56000.0,PE,29SEP2026,231.95,232.9,231.15,231.15,6
2026-08-20 12:21:00,BANKNIFTY29SEP2656200PE,56200.0,PE,29SEP2026,262.7,262.7,262.7,262.7,1
2026-08-20 12:21:00,BANKNIFTY29SEP2656500CE,56500.0,CE,29SEP2026,1858.0,1858.0,1858.0,1858.0,1
2026-08-20 12:21:00,BANKNIFTY29SEP2656500PE,56500.0,PE,29SEP2026,320.8,320.8,320.8,320.8,1
2026-08-20 12:21:00,BANKNIFTY29SEP2656600PE,56600.0,PE,29SEP2026,341.2,341.2,340.05,340.05,2
2026-08-20 12:21:00,BANKNIFTY29SEP2656900PE,56900.0,PE,29SEP2026,416.25,416.25,416.25,416.25,1
2026-08-20 12:21:00,BANKNIFTY29SEP2657000CE,57000.0,CE,29SEP2026,1484.05,1489.0,1484.05,1489.0,5
2026-08-20 12:21:00,BANKNIFTY29SEP2657000PE,57000.0,PE,29SEP2026,442.0,442.0,441.15,441.25,6
2026-08-20 12:21:00,BANKNIFTY29SEP2657100CE,57100.0,CE,29SEP2026,1414.0,1414.0,1414.0,1414.0,1
2026-08-20 12:21:00,BANKNIFTY29SEP2657300CE,57300.0,CE,29SEP2026,1275.0,1275.0,1265.35,1265.35,3
2026-08-20 12:21:00,BANKNIFTY29SEP2657300PE,57300.0,PE,29SEP2026,535.0,535.0,533.15,534.6,10
2026-08-20 12:21:00,BANKNIFTY29SEP2657400PE,57400.0,PE,29SEP2026,565.95,565.95,565.6,565.6,3
2026-08-20 12:21:00,BANKNIFTY29SEP2657500CE,57500.0,CE,29SEP2026,1142.05,1149.0,1141.0,1149.0,30
2026-08-20 12:21:00,BANKNIFTY29SEP2657500PE,57500.0,PE,29SEP2026,599.5,600.2,594.75,596.0,41
2026-08-20 12:22:00,BANKNIFTY29SEP2655500PE,55500.0,PE,29SEP2026,168.0,168.0,166.45,166.55,39
2026-08-20 12:22:00,BANKNIFTY29SEP2656000PE,56000.0,PE,29SEP2026,232.0,232.0,231.1,231.15,22
2026-08-20 12:22:00,BANKNIFTY29SEP2656500PE,56500.0,PE,29SEP2026,318.95,318.95,318.95,318.95,1
2026-08-20 12:22:00,BANKNIFTY29SEP2657000CE,57000.0,CE,29SEP2026,1486.4,1486.4,1486.4,1486.4,1
2026-08-20 12:22:00,BANKNIFTY29SEP2657000PE,57000.0,PE,29SEP2026,440.0,440.0,440.0,440.0,3
2026-08-20 12:22:00,BANKNIFTY29SEP2657400PE,57400.0,PE,29SEP2026,566.45,566.45,566.45,566.45,1
2026-08-20 12:22:00,BANKNIFTY29SEP2657500CE,57500.0,CE,29SEP2026,1145.05,1145.65,1144.75,1144.8,9
2026-08-20 12:22:00,BANKNIFTY29SEP2657500PE,57500.0,PE,29SEP2026,596.0,597.0,596.0,597.0,21
2026-08-20 12:23:00,BANKNIFTY29SEP2655500PE,55500.0,PE,29SEP2026,166.25,166.55,166.05,166.4,28
2026-08-20 12:23:00,BANKNIFTY29SEP2656000PE,56000.0,PE,29SEP2026,231.0,232.75,231.0,232.75,5
2026-08-20 12:23:00,BANKNIFTY29SEP2656200CE,56200.0,CE,29SEP2026,2072.4,2072.4,2072.35,2072.35,2
2026-08-20 12:23:00,BANKNIFTY29SEP2656200PE,56200.0,PE,29SEP2026,262.75,262.75,262.75,262.75,1
2026-08-20 12:23:00,BANKNIFTY29SEP2656500PE,56500.0,PE,29SEP2026,320.0,320.0,320.0,320.0,1
2026-08-20 12:23:00,BANKNIFTY29SEP2656800PE,56800.0,PE,29SEP2026,390.0,390.0,390.0,390.0,2
2026-08-20 12:23:00,BANKNIFTY29SEP2657000PE,57000.0,PE,29SEP2026,441.0,441.0,441.0,441.0,5
2026-08-20 12:23:00,BANKNIFTY29SEP2657500CE,57500.0,CE,29SEP2026,1144.75,1144.75,1141.2,1143.0,26
2026-08-20 12:23:00,BANKNIFTY29SEP2657500PE,57500.0,PE,29SEP2026,596.2,599.0,596.0,599.0,27
2026-08-20 12:24:00,BANKNIFTY29SEP2656000PE,56000.0,PE,29SEP2026,232.55,232.55,231.15,231.15,9
2026-08-20 12:24:00,BANKNIFTY29SEP2656200CE,56200.0,CE,29SEP2026,2084.45,2084.45,2079.95,2079.95,2
2026-08-20 12:24:00,BANKNIFTY29SEP2656300PE,56300.0,PE,29SEP2026,282.0,282.0,282.0,282.0,1
2026-08-20 12:24:00,BANKNIFTY29SEP2656500PE,56500.0,PE,29SEP2026,322.0,322.0,319.65,319.65,13
2026-08-20 12:24:00,BANKNIFTY29SEP2657000CE,57000.0,CE,29SEP2026,1482.6,1488.95,1482.6,1487.95,3
2026-08-20 12:24:00,BANKNIFTY29SEP2657000PE,57000.0,PE,29SEP2026,443.0,443.0,443.0,443.0,3
2026-08-20 12:24:00,BANKNIFTY29SEP2657100CE,57100.0,CE,29SEP2026,1424.05,1424.05,1424.05,1424.05,1
2026-08-20 12:24:00,BANKNIFTY29SEP2657400PE,57400.0,PE,29SEP2026,570.4,571.2,568.6,569.2,29
2026-08-20 12:24:00,BANKNIFTY29SEP2657500CE,57500.0,CE,29SEP2026,1145.1,1145.95,1141.0,1143.5,15
2026-08-20 12:24:00,BANKNIFTY29SEP2657500PE,57500.0,PE,29SEP2026,599.0,601.15,599.0,600.2,48
2026-08-20 12:25:00,BANKNIFTY29SEP2656000PE,56000.0,PE,29SEP2026,231.5,231.5,231.5,231.5,1
2026-08-20 12:25:00,BANKNIFTY29SEP2656500PE,56500.0,PE,29SEP2026,319.8,320.0,319.8,320.0,7
2026-08-20 12:25:00,BANKNIFTY29SEP2657000CE,57000.0,CE,29SEP2026,1489.0,1500.15,1486.05,1486.05,67
2026-08-20 12:25:00,BANKNIFTY29SEP2657000PE,57000.0,PE,29SEP2026,442.1,442.1,440.95,441.75,13
2026-08-20 12:25:00,BANKNIFTY29SEP2657300PE,57300.0,PE,29SEP2026,534.6,534.6,534.6,534.6,7
2026-08-20 12:25:00,BANKNIFTY29SEP2657500CE,57500.0,CE,29SEP2026,1143.4,1149.4,1142.3,1149.4,11
2026-08-20 12:25:00,BANKNIFTY29SEP2657500PE,57500.0,PE,29SEP2026,600.1,602.1,595.55,598.05,20
2026-08-20 12:26:00,BANKNIFTY29SEP2655500PE,55500.0,PE,29SEP2026,166.75,168.4,166.75,168.4,3
2026-08-20 12:26:00,BANKNIFTY29SEP2656000PE,56000.0,PE,29SEP2026,230.8,235.0,230.8,233.0,48
2026-08-20 12:26:00,BANKNIFTY29SEP2656200PE,56200.0,PE,29SEP2026,263.3,263.3,263.3,263.3,1
2026-08-20 12:26:00,BANKNIFTY29SEP2656500PE,56500.0,PE,29SEP2026,322.0,324.0,322.0,324.0,3
2026-08-20 12:26:00,BANKNIFTY29SEP2657000CE,57000.0,CE,29SEP2026,1485.0,1485.0,1476.8,1476.8,19
2026-08-20 12:26:00,BANKNIFTY29SEP2657000PE,57000.0,PE,29SEP2026,442.1,445.35,442.0,445.2,45
2026-08-20 12:26:00,BANKNIFTY29SEP2657300CE,57300.0,CE,29SEP2026,1270.0,1270.0,1260.9,1260.9,2
2026-08-20 12:26:00,BANKNIFTY29SEP2657300PE,57300.0,PE,29SEP2026,539.7,541.65,539.7,541.3,9
2026-08-20 12:26:00,BANKNIFTY29SEP2657400CE,57400.0,CE,29SEP2026,1210.0,1210.0,1205.15,1205.15,6
2026-08-20 12:26:00,BANKNIFTY29SEP2657500CE,57500.0,CE,29SEP2026,1144.2,1144.5,1135.35,1143.4,27
2026-08-20 12:26:00,BANKNIFTY29SEP2657500PE,57500.0,PE,29SEP2026,599.45,606.15,599.0,600.0,30
2026-08-20 12:27:00,BANKNIFTY29SEP2655500PE,55500.0,PE,29SEP2026,168.0,168.0,166.55,166.55,6
2026-08-20 12:27:00,BANKNIFTY29SEP2656000PE,56000.0,PE,29SEP2026,233.0,233.0,229.95,231.0,31
2026-08-20 12:27:00,BANKNIFTY29SEP2656200PE,56200.0,PE,29SEP2026,264.65,264.65,264.65,264.65,1
2026-08-20 12:27:00,BANKNIFTY29SEP2656500PE,56500.0,PE,29SEP2026,320.0,320.0,319.3,319.3,2
2026-08-20 12:27:00,BANKNIFTY29SEP2657000CE,57000.0,CE,29SEP2026,1480.0,1493.1,1480.0,1481.05,3
2026-08-20 12:27:00,BANKNIFTY29SEP2657000PE,57000.0,PE,29SEP2026,443.95,444.0,442.0,443.0,12
2026-08-20 12:27:00,BANKNIFTY29SEP2657300PE,57300.0,PE,29SEP2026,536.45,537.5,534.2,536.75,12
2026-08-20 12:27:00,BANKNIFTY29SEP2657400PE,57400.0,PE,29SEP2026,569.0,569.0,569.0,569.0,1
2026-08-20 12:27:00,BANKNIFTY29SEP2657500CE,57500.0,CE,29SEP2026,1145.4,1147.0,1142.25,1142.25,10
2026-08-20 12:27:00,BANKNIFTY29SEP2657500PE,57500.0,PE,29SEP2026,599.4,599.4,595.85,599.0,11
2026-08-20 12:28:00,BANKNIFTY29SEP2655500PE,55500.0,PE,29SEP2026,167.5,167.5,165.45,165.45,6
2026-08-20 12:28:00,BANKNIFTY29SEP2656000CE,56000.0,CE,29SEP2026,2264.6,2264.6,2264.6,2264.6,2
2026-08-20 12:28:00,BANKNIFTY29SEP2656000PE,56000.0,PE,29SEP2026,231.1,231.2,229.1,229.1,12
2026-08-20 12:28:00,BANKNIFTY29SEP2656200PE,56200.0,PE,29SEP2026,262.05,262.05,262.0,262.0,2
2026-08-20 12:28:00,BANKNIFTY29SEP2657000CE,57000.0,CE,29SEP2026,1481.1,1488.85,1481.1,1488.85,2
2026-08-20 12:28:00,BANKNIFTY29SEP2657000PE,57000.0,PE,29SEP2026,444.4,444.4,439.25,439.25,15
2026-08-20 12:28:00,BANKNIFTY29SEP2657100PE,57100.0,PE,29SEP2026,477.25,477.25,477.25,477.25,1
2026-08-20 12:28:00,BANKNIFTY29SEP2657200CE,57200.0,CE,29SEP2026,1334.4,1334.4,1334.4,1334.4,1
2026-08-20 12:28:00,BANKNIFTY29SEP2657300PE,57300.0,PE,29SEP2026,535.05,536.6,535.05,536.6,4
2026-08-20 12:28:00,BANKNIFTY29SEP2657400CE,57400.0,CE,29SEP2026,1215.0,1215.0,1215.0,1215.0,10
2026-08-20 12:28:00,BANKNIFTY29SEP2657400PE,57400.0,PE,29SEP2026,570.95,570.95,570.95,570.95,1
2026-08-20 12:28:00,BANKNIFTY29SEP2657500CE,57500.0,CE,29SEP2026,1144.5,1144.5,1144.5,1144.5,1
2026-08-20 12:28:00,BANKNIFTY29SEP2657500PE,57500.0,PE,29SEP2026,600.65,600.65,600.65,600.65,1
2026-08-20 12:29:00,BANKNIFTY29SEP2656000PE,56000.0,PE,29SEP2026,229.15,229.6,229.0,229.6,5
2026-08-20 12:29:00,BANKNIFTY29SEP2656500PE,56500.0,PE,29SEP2026,318.45,319.9,318.45,319.8,8
2026-08-20 12:29:00,BANKNIFTY29SEP2656600PE,56600.0,PE,29SEP2026,342.15,342.15,341.75,341.75,2
2026-08-20 12:29:00,BANKNIFTY29SEP2656900PE,56900.0,PE,29SEP2026,415.0,415.0,415.0,415.0,1
2026-08-20 12:29:00,BANKNIFTY29SEP2657000CE,57000.0,CE,29SEP2026,1490.0,1490.0,1480.05,1480.05,9
2026-08-20 12:29:00,BANKNIFTY29SEP2657000PE,57000.0,PE,29SEP2026,439.35,442.85,438.5,442.85,14
2026-08-20 12:29:00,BANKNIFTY29SEP2657200PE,57200.0,PE,29SEP2026,500.6,500.6,500.6,500.6,1
2026-08-20 12:29:00,BANKNIFTY29SEP2657300PE,57300.0,PE,29SEP2026,534.3,535.85,534.3,535.85,4
2026-08-20 12:29:00,BANKNIFTY29SEP2657500CE,57500.0,CE,29SEP2026,1144.5,1144.5,1140.05,1140.05,4
2026-08-20 12:29:00,BANKNIFTY29SEP2657500PE,57500.0,PE,29SEP2026,595.6,599.0,595.6,599.0,6
2026-08-20 12:30:00,BANKNIFTY29SEP2655500PE,55500.0,PE,29SEP2026,167.0,167.0,167.0,167.0,5
2026-08-20 12:30:00,BANKNIFTY29SEP2656000CE,56000.0,CE,29SEP2026,2240.0,2240.0,2240.0,2240.0,1
2026-08-20 12:30:00,BANKNIFTY29SEP2656000PE,56000.0,PE,29SEP2026,231.1,232.65,230.05,232.65,11
2026-08-20 12:30:00,BANKNIFTY29SEP2656300PE,56300.0,PE,29SEP2026,282.1,282.1,282.1,282.1,1
2026-08-20 12:30:00,BANKNIFTY29SEP2656500PE,56500.0,PE,29SEP2026,321.05,322.2,321.0,321.05,13
2026-08-20 12:30:00,BANKNIFTY29SEP2656600PE,56600.0,PE,29SEP2026,342.15,342.65,342.15,342.65,2
2026-08-20 12:30:00,BANKNIFTY29SEP2657000CE,57000.0,CE,29SEP2026,1480.0,1480.0,1468.0,1468.0,22
2026-08-20 12:30:00,BANKNIFTY29SEP2657000PE,57000.0,PE,29SEP2026,443.0,448.0,443.0,444.1,6
2026-08-20 12:30:00,BANKNIFTY29SEP2657100CE,57100.0,CE,29SEP2026,1401.1,1401.1,1401.1,1401.1,1
2026-08-20 12:30:00,BANKNIFTY29SEP2657200CE,57200.0,CE,29SEP2026,1332.55,1332.55,1332.55,1332.55,1
2026-08-20 12:30:00,BANKNIFTY29SEP2657200PE,57200.0,PE,29SEP2026,506.95,509.95,503.9,509.95,10
2026-08-20 12:30:00,BANKNIFTY29SEP2657400CE,57400.0,CE,29SEP2026,1200.0,1200.0,1200.0,1200.0,6
2026-08-20 12:30:00,BANKNIFTY29SEP2657400PE,57400.0,PE,29SEP2026,570.2,575.1,570.2,571.35,8
2026-08-20 12:30:00,BANKNIFTY29SEP2657500CE,57500.0,CE,29SEP2026,1140.0,1140.0,1125.0,1127.65,52
2026-08-20 12:30:00,BANKNIFTY29SEP2657500PE,57500.0,PE,29SEP2026,600.0,607.65,599.95,603.2,42
2026-08-20 12:31:00,BANKNIFTY29SEP2655500PE,55500.0,PE,29SEP2026,166.45,166.9,166.05,166.9,4
2026-08-20 12:31:00,BANKNIFTY29SEP2655900PE,55900.0,PE,29SEP2026,416.65,416.65,416.65,416.65,0
2026-08-20 12:31:00,BANKNIFTY29SEP2656000PE,56000.0,PE,29SEP2026,232.65,233.85,231.05,231.05,7
2026-08-20 12:31:00,BANKNIFTY29SEP2656200PE,56200.0,PE,29SEP2026,266.5,266.5,266.5,266.5,1
2026-08-20 12:31:00,BANKNIFTY29SEP2656500PE,56500.0,PE,29SEP2026,322.55,323.05,320.95,321.35,22
2026-08-20 12:31:00,BANKNIFTY29SEP2657000CE,57000.0,CE,29SEP2026,1476.95,1479.95,1474.95,1479.95,3
2026-08-20 12:31:00,BANKNIFTY29SEP2657000PE,57000.0,PE,29SEP2026,446.0,446.0,443.5,444.7,18
2026-08-20 12:31:00,BANKNIFTY29SEP2657200CE,57200.0,CE,29SEP2026,1333.85,1335.45,1333.85,1335.4,5
2026-08-20 12:31:00,BANKNIFTY29SEP2657200PE,57200.0,PE,29SEP2026,506.7,508.85,506.65,508.85,9
2026-08-20 12:31:00,BANKNIFTY29SEP2657300PE,57300.0,PE,29SEP2026,539.7,539.7,539.7,539.7,2
2026-08-20 12:31:00,BANKNIFTY29SEP2657400PE,57400.0,PE,29SEP2026,572.0,572.75,570.05,570.25,10
2026-08-20 12:31:00,BANKNIFTY29SEP2657500CE,57500.0,CE,29SEP2026,1127.65,1135.7,1127.65,1135.55,11
2026-08-20 12:31:00,BANKNIFTY29SEP2657500PE,57500.0,PE,29SEP2026,605.2,605.45,600.0,600.15,23
2026-08-20 12:32:00,BANKNIFTY29SEP2655500PE,55500.0,PE,29SEP2026,166.15,166.15,164.45,165.1,144
2026-08-20 12:32:00,BANKNIFTY29SEP2656000PE,56000.0,PE,29SEP2026,233.15,233.15,231.15,232.15,4
2026-08-20 12:32:00,BANKNIFTY29SEP2656500PE,56500.0,PE,29SEP2026,320.65,322.25,319.3,322.2,25
2026-08-20 12:32:00,BANKNIFTY29SEP2656900PE,56900.0,PE,29SEP2026,417.0,417.1,416.95,417.1,3
2026-08-20 12:32:00,BANKNIFTY29SEP2657000CE,57000.0,CE,29SEP2026,1476.0,1476.0,1476.0,1476.0,1
2026-08-20 12:32:00,BANKNIFTY29SEP2657000PE,57000.0,PE,29SEP2026,443.55,445.95,443.05,445.95,12
2026-08-20 12:32:00,BANKNIFTY29SEP2657100PE,57100.0,PE,29SEP2026,474.65,474.65,473.4,473.4,3
2026-08-20 12:32:00,BANKNIFTY29SEP2657200PE,57200.0,PE,29SEP2026,504.8,505.3,504.8,505.3,2
2026-08-20 12:32:00,BANKNIFTY29SEP2657400PE,57400.0,PE,29SEP2026,572.55,572.7,570.8,570.8,6
2026-08-20 12:32:00,BANKNIFTY29SEP2657500CE,57500.0,CE,29SEP2026,1133.85,1136.85,1133.85,1134.45,7
2026-08-20 12:32:00,BANKNIFTY29SEP2657500PE,57500.0,PE,29SEP2026,601.4,604.15,600.4,603.7,7
2026-08-20 12:33:00,BANKNIFTY29SEP2655500PE,55500.0,PE,29SEP2026,165.1,165.9,164.65,164.8,143
2026-08-20 12:33:00,BANKNIFTY29SEP2656000CE,56000.0,CE,29SEP2026,2237.6,2239.2,2237.6,2238.2,4
2026-08-20 12:33:00,BANKNIFTY29SEP2656000PE,56000.0,PE,29SEP2026,231.1,232.85,231.05,231.2,14
2026-08-20 12:33:00,BANKNIFTY29SEP2656200PE,56200.0,PE,29SEP2026,262.25,262.25,260.0,260.0,10
2026-08-20 12:33:00,BANKNIFTY29SEP2656500PE,56500.0,PE,29SEP2026,320.5,322.85,320.5,322.85,14
2026-08-20 12:33:00,BANKNIFTY29SEP2657000CE,57000.0,CE,29SEP2026,1468.0,1468.0,1468.0,1468.0,6
2026-08-20 12:33:00,BANKNIFTY29SEP2657000PE,57000.0,PE,29SEP2026,445.95,446.55,444.45,444.45,31
2026-08-20 12:33:00,BANKNIFTY29SEP2657300PE,57300.0,PE,29SEP2026,539.2,539.2,539.2,539.2,1
2026-08-20 12:33:00,BANKNIFTY29SEP2657400CE,57400.0,CE,29SEP2026,1200.0,1200.0,1198.0,1198.0,2
2026-08-20 12:33:00,BANKNIFTY29SEP2657400PE,57400.0,PE,29SEP2026,572.5,572.5,572.5,572.5,1
2026-08-20 12:33:00,BANKNIFTY29SEP2657500CE,57500.0,CE,29SEP2026,1133.9,1133.9,1127.65,1127.65,24
2026-08-20 12:33:00,BANKNIFTY29SEP2657500PE,57500.0,PE,29SEP2026,603.0,607.55,602.7,606.05,46
2026-08-20 12:34:00,BANKNIFTY29SEP2655500PE,55500.0,PE,29SEP2026,164.8,165.9,164.2,164.8,69
2026-08-20 12:34:00,BANKNIFTY29SEP2656000CE,56000.0,CE,29SEP2026,2238.0,2239.2,2238.0,2239.2,3
2026-08-20 12:34:00,BANKNIFTY29SEP2656000PE,56000.0,PE,29SEP2026,231.55,231.9,231.55,231.6,9
2026-08-20 12:34:00,BANKNIFTY29SEP2656500PE,56500.0,PE,29SEP2026,323.0,323.5,320.7,321.9,18
2026-08-20 12:34:00,BANKNIFTY29SEP2656600PE,56600.0,PE,29SEP2026,342.65,342.65,342.65,342.65,6
2026-08-20 12:34:00,BANKNIFTY29SEP2656700PE,56700.0,PE,29SEP2026,366.9,366.9,366.9,366.9,1
2026-08-20 12:34:00,BANKNIFTY29SEP2656800CE,56800.0,CE,29SEP2026,1625.25,1625.25,1625.25,1625.25,1
2026-08-20 12:34:00,BANKNIFTY29SEP2656800PE,56800.0,PE,29SEP2026,392.7,392.7,392.1,392.1,2
2026-08-20 12:34:00,BANKNIFTY29SEP2657000CE,57000.0,CE,29SEP2026,1468.0,1468.0,1466.0,1466.0,5
2026-08-20 12:34:00,BANKNIFTY29SEP2657000PE,57000.0,PE,29SEP2026,446.65,447.85,445.15,447.05,15
2026-08-20 12:34:00,BANKNIFTY29SEP2657100PE,57100.0,PE,29SEP2026,479.65,479.65,479.65,479.65,1
2026-08-20 12:34:00,BANKNIFTY29SEP2657200CE,57200.0,CE,29SEP2026,1330.05,1330.05,1330.05,1330.05,1
2026-08-20 12:34:00,BANKNIFTY29SEP2657200PE,57200.0,PE,29SEP2026,509.05,509.05,506.6,508.0,3
2026-08-20 12:34:00,BANKNIFTY29SEP2657300PE,57300.0,PE,29SEP2026,539.45,540.95,537.9,539.15,24
2026-08-20 12:34:00,BANKNIFTY29SEP2657400CE,57400.0,CE,29SEP2026,1197.9,1197.9,1197.9,1197.9,1
2026-08-20 12:34:00,BANKNIFTY29SEP2657400PE,57400.0,PE,29SEP2026,572.45,572.65,572.45,572.65,2
2026-08-20 12:34:00,BANKNIFTY29SEP2657500CE,57500.0,CE,29SEP2026,1129.9,1132.95,1126.0,1130.35,24
2026-08-20 12:34:00,BANKNIFTY29SEP2657500PE,57500.0,PE,29SEP2026,605.55,608.35,602.15,605.0,58
2026-08-20 12:35:00,BANKNIFTY29SEP2655500PE,55500.0,PE,29SEP2026,164.8,164.9,162.75,163.7,23
2026-08-20 12:35:00,BANKNIFTY29SEP2656000PE,56000.0,PE,29SEP2026,231.6,234.35,229.8,229.8,50
2026-08-20 12:35:00,BANKNIFTY29SEP2656300PE,56300.0,PE,29SEP2026,283.0,283.0,283.0,283.0,1
2026-08-20 12:35:00,BANKNIFTY29SEP2656500PE,56500.0,PE,29SEP2026,319.6,319.6,319.6,319.6,1
2026-08-20 12:35:00,BANKNIFTY29SEP2656700PE,56700.0,PE,29SEP2026,365.85,365.85,365.85,365.85,1
2026-08-20 12:35:00,BANKNIFTY29SEP2656800PE,56800.0,PE,29SEP2026,392.1,392.1,392.1,392.1,1
2026-08-20 12:35:00,BANKNIFTY29SEP2657000CE,57000.0,CE,29SEP2026,1473.05,1473.05,1473.05,1473.05,1
2026-08-20 12:35:00,BANKNIFTY29SEP2657000PE,57000.0,PE,29SEP2026,447.1,447.1,443.8,443.8,3
2026-08-20 12:35:00,BANKNIFTY29SEP2657200CE,57200.0,CE,29SEP2026,1336.85,1336.85,1336.85,1336.85,1
2026-08-20 12:35:00,BANKNIFTY29SEP2657200PE,57200.0,PE,29SEP2026,508.2,508.2,502.35,502.7,4
2026-08-20 12:35:00,BANKNIFTY29SEP2657300PE,57300.0,PE,29SEP2026,536.1,536.1,536.1,536.1,1
2026-08-20 12:35:00,BANKNIFTY29SEP2657400PE,57400.0,PE,29SEP2026,571.75,572.5,564.95,564.95,5
2026-08-20 12:35:00,BANKNIFTY29SEP2657500CE,57500.0,CE,29SEP2026,1134.55,1136.0,1134.55,1136.0,6
2026-08-20 12:35:00,BANKNIFTY29SEP2657500PE,57500.0,PE,29SEP2026,603.8,603.8,597.5,599.95,32
2026-08-20 12:36:00,BANKNIFTY29SEP2655500PE,55500.0,PE,29SEP2026,162.75,164.5,162.75,164.5,10
2026-08-20 12:36:00,BANKNIFTY29SEP2656000PE,56000.0,PE,29SEP2026,229.95,229.95,229.95,229.95,1
2026-08-20 12:36:00,BANKNIFTY29SEP2656300PE,56300.0,PE,29SEP2026,282.0,282.0,282.0,282.0,4
2026-08-20 12:36:00,BANKNIFTY29SEP2656500PE,56500.0,PE,29SEP2026,319.35,321.55,319.35,320.5,14
2026-08-20 12:36:00,BANKNIFTY29SEP2656600PE,56600.0,PE,29SEP2026,347.25,350.35,347.25,350.35,4
2026-08-20 12:36:00,BANKNIFTY29SEP2656700CE,56700.0,CE,29SEP2026,1685.6,1685.6,1685.6,1685.6,1
2026-08-20 12:36:00,BANKNIFTY29SEP2656800PE,56800.0,PE,29SEP2026,392.1,392.1,392.1,392.1,1
2026-08-20 12:36:00,BANKNIFTY29SEP2657000CE,57000.0,CE,29SEP2026,1473.5,1473.5,1473.05,1473.05,10
2026-08-20 12:36:00,BANKNIFTY29SEP2657000PE,57000.0,PE,29SEP2026,445.0,445.0,445.0,445.0,1
2026-08-20 12:36:00,BANKNIFTY29SEP2657200CE,57200.0,CE,29SEP2026,1335.55,1335.6,1335.55,1335.6,3
2026-08-20 12:36:00,BANKNIFTY29SEP2657200PE,57200.0,PE,29SEP2026,506.3,506.3,506.3,506.3,1
2026-08-20 12:36:00,BANKNIFTY29SEP2657300PE,57300.0,PE,29SEP2026,538.95,539.0,538.95,539.0,2
2026-08-20 12:36:00,BANKNIFTY29SEP2657400PE,57400.0,PE,29SEP2026,568.9,571.85,568.9,571.85,3
2026-08-20 12:36:00,BANKNIFTY29SEP2657500CE,57500.0,CE,29SEP2026,1130.65,1133.0,1130.1,1130.65,8
2026-08-20 12:36:00,BANKNIFTY29SEP2657500PE,57500.0,PE,29SEP2026,600.0,603.95,600.0,603.95,3
2026-08-20 12:37:00,BANKNIFTY29SEP2655500PE,55500.0,PE,29SEP2026,166.15,166.15,166.15,166.15,1
2026-08-20 12:37:00,BANKNIFTY29SEP2656000CE,56000.0,CE,29SEP2026,2249.15,2249.2,2238.8,2238.8,5
2026-08-20 12:37:00,BANKNIFTY29SEP2656000PE,56000.0,PE,29SEP2026,232.6,232.6,231.1,231.1,4
2026-08-20 12:37:00,BANKNIFTY29SEP2656500CE,56500.0,CE,29SEP2026,1839.9,1840.0,1839.9,1840.0,6
2026-08-20 12:37:00,BANKNIFTY29SEP2656500PE,56500.0,PE,29SEP2026,322.0,322.0,320.15,321.55,10
2026-08-20 12:37:00,BANKNIFTY29SEP2656700PE,56700.0,PE,29SEP2026,365.85,365.85,365.85,365.85,1
2026-08-20 12:37:00,BANKNIFTY29SEP2656800PE,56800.0,PE,29SEP2026,392.0,392.0,392.0,392.0,1
2026-08-20 12:37:00,BANKNIFTY29SEP2657000CE,57000.0,CE,29SEP2026,1468.0,1474.8,1468.0,1474.8,2
2026-08-20 12:37:00,BANKNIFTY29SEP2657000PE,57000.0,PE,29SEP2026,445.0,445.0,442.1,442.1,5
2026-08-20 12:37:00,BANKNIFTY29SEP2657100PE,57100.0,PE,29SEP2026,474.05,474.05,474.0,474.0,2
2026-08-20 12:37:00,BANKNIFTY29SEP2657200PE,57200.0,PE,29SEP2026,506.95,506.95,506.95,506.95,1
2026-08-20 12:37:00,BANKNIFTY29SEP2657400CE,57400.0,CE,29SEP2026,1195.0,1195.0,1195.0,1195.0,1
2026-08-20 12:37:00,BANKNIFTY29SEP2657500CE,57500.0,CE,29SEP2026,1130.0,1130.0,1130.0,1130.0,2
2026-08-20 12:37:00,BANKNIFTY29SEP2657500PE,57500.0,PE,29SEP2026,604.95,604.95,604.95,604.95,1
2026-08-20 12:38:00,BANKNIFTY29SEP2655500PE,55500.0,PE,29SEP2026,162.5,162.5,162.5,162.5,1
2026-08-20 12:38:00,BANKNIFTY29SEP2656000PE,56000.0,PE,29SEP2026,230.0,231.1,229.05,229.05,10
2026-08-20 12:38:00,BANKNIFTY29SEP2656500CE,56500.0,CE,29SEP2026,1840.0,1840.0,1839.95,1840.0,39
2026-08-20 12:38:00,BANKNIFTY29SEP2656500PE,56500.0,PE,29SEP2026,318.3,318.3,317.8,317.8,3
2026-08-20 12:38:00,BANKNIFTY29SEP2656700PE,56700.0,PE,29SEP2026,361.05,361.05,361.05,361.05,1
2026-08-20 12:38:00,BANKNIFTY29SEP2657000CE,57000.0,CE,29SEP2026,1469.2,1470.05,1468.0,1468.0,4
2026-08-20 12:38:00,BANKNIFTY29SEP2657000PE,57000.0,PE,29SEP2026,442.35,444.35,439.0,439.0,16
2026-08-20 12:38:00,BANKNIFTY29SEP2657200PE,57200.0,PE,29SEP2026,506.0,506.0,506.0,506.0,1
2026-08-20 12:38:00,BANKNIFTY29SEP2657400PE,57400.0,PE,29SEP2026,570.75,570.75,568.7,568.7,2
2026-08-20 12:38:00,BANKNIFTY29SEP2657500CE,57500.0,CE,29SEP2026,1135.35,1135.35,1135.3,1135.3,2
2026-08-20 12:38:00,BANKNIFTY29SEP2657500PE,57500.0,PE,29SEP2026,599.2,599.2,597.2,597.2,7
2026-08-20 12:39:00,BANKNIFTY29SEP2655500PE,55500.0,PE,29SEP2026,162.5,162.5,162.25,162.25,9
2026-08-20 12:39:00,BANKNIFTY29SEP2656000CE,56000.0,CE,29SEP2026,2250.0,2250.0,2250.0,2250.0,3
2026-08-20 12:39:00,BANKNIFTY29SEP2656000PE,56000.0,PE,29SEP2026,229.5,229.5,229.5,229.5,2
2026-08-20 12:39:00,BANKNIFTY29SEP2656800PE,56800.0,PE,29SEP2026,385.1,385.1,385.1,385.1,2
2026-08-20 12:39:00,BANKNIFTY29SEP2657000CE,57000.0,CE,29SEP2026,1485.25,1485.25,1478.05,1478.05,3
2026-08-20 12:39:00,BANKNIFTY29SEP2657000PE,57000.0,PE,29SEP2026,439.0,439.85,436.45,436.45,6
2026-08-20 12:39:00,BANKNIFTY29SEP2657100PE,57100.0,PE,29SEP2026,472.8,472.8,469.95,469.95,2
2026-08-20 12:39:00,BANKNIFTY29SEP2657400PE,57400.0,PE,29SEP2026,563.95,564.3,562.05,563.0,12
2026-08-20 12:39:00,BANKNIFTY29SEP2657500CE,57500.0,CE,29SEP2026,1139.95,1145.0,1139.95,1145.0,19
2026-08-20 12:39:00,BANKNIFTY29SEP2657500PE,57500.0,PE,29SEP2026,597.0,597.0,593.4,593.4,4
2026-08-20 12:40:00,BANKNIFTY29SEP2655500PE,55500.0,PE,29SEP2026,162.05,162.05,160.65,160.65,33
2026-08-20 12:40:00,BANKNIFTY29SEP2656000PE,56000.0,PE,29SEP2026,227.6,228.2,225.0,225.45,11
2026-08-20 12:40:00,BANKNIFTY29SEP2656200CE,56200.0,CE,29SEP2026,2121.5,2121.5,2121.5,2121.5,1
2026-08-20 12:40:00,BANKNIFTY29SEP2656200PE,56200.0,PE,29SEP2026,262.85,262.85,262.85,262.85,1
2026-08-20 12:40:00,BANKNIFTY29SEP2656500PE,56500.0,PE,29SEP2026,314.5,314.5,310.05,310.05,30
2026-08-20 12:40:00,BANKNIFTY29SEP2656700PE,56700.0,PE,29SEP2026,354.95,355.0,354.95,355.0,2
2026-08-20 12:40:00,BANKNIFTY29SEP2656800PE,56800.0,PE,29SEP2026,385.0,385.0,385.0,385.0,3
2026-08-20 12:40:00,BANKNIFTY29SEP2657000CE,57000.0,CE,29SEP2026,1489.15,1493.0,1489.15,1493.0,2
2026-08-20 12:40:00,BANKNIFTY29SEP2657000PE,57000.0,PE,29SEP2026,434.7,435.0,431.05,432.0,33
2026-08-20 12:40:00,BANKNIFTY29SEP2657100PE,57100.0,PE,29SEP2026,461.0,461.0,461.0,461.0,1
2026-08-20 12:40:00,BANKNIFTY29SEP2657200CE,57200.0,CE,29SEP2026,1350.55,1350.6,1350.55,1350.6,2
2026-08-20 12:40:00,BANKNIFTY29SEP2657200PE,57200.0,PE,29SEP2026,493.15,493.15,491.6,492.2,7
2026-08-20 12:40:00,BANKNIFTY29SEP2657300PE,57300.0,PE,29SEP2026,529.0,529.0,522.4,523.05,7
2026-08-20 12:40:00,BANKNIFTY29SEP2657400PE,57400.0,PE,29SEP2026,559.2,559.2,555.1,557.6,15
2026-08-20 12:40:00,BANKNIFTY29SEP2657500CE,57500.0,CE,29SEP2026,1147.65,1158.4,1147.65,1153.85,68
2026-08-20 12:40:00,BANKNIFTY29SEP2657500PE,57500.0,PE,29SEP2026,590.0,590.0,584.95,584.95,37
2026-08-20 12:41:00,BANKNIFTY29SEP2655500PE,55500.0,PE,29SEP2026,159.75,159.75,159.7,159.7,2
2026-08-20 12:41:00,BANKNIFTY29SEP2656000PE,56000.0,PE,29SEP2026,226.8,226.8,226.8,226.8,1
2026-08-20 12:41:00,BANKNIFTY29SEP2656300PE,56300.0,PE,29SEP2026,275.0,275.05,275.0,275.05,22
2026-08-20 12:41:00,BANKNIFTY29SEP2656500PE,56500.0,PE,29SEP2026,312.95,313.0,312.95,313.0,3
2026-08-20 12:41:00,BANKNIFTY29SEP2657000CE,57000.0,CE,29SEP2026,1490.0,1490.0,1487.65,1487.65,2
2026-08-20 12:41:00,BANKNIFTY29SEP2657000PE,57000.0,PE,29SEP2026,432.3,435.05,431.65,431.65,5
2026-08-20 12:41:00,BANKNIFTY29SEP2657100PE,57100.0,PE,29SEP2026,465.0,465.0,462.1,462.1,5
2026-08-20 12:41:00,BANKNIFTY29SEP2657300CE,57300.0,CE,29SEP2026,1292.4,1292.4,1292.4,1292.4,1
2026-08-20 12:41:00,BANKNIFTY29SEP2657300PE,57300.0,PE,29SEP2026,524.75,528.1,524.55,524.55,6
2026-08-20 12:41:00,BANKNIFTY29SEP2657400PE,57400.0,PE,29SEP2026,558.65,561.25,557.0,561.25,33
2026-08-20 12:41:00,BANKNIFTY29SEP2657500CE,57500.0,CE,29SEP2026,1150.2,1151.65,1147.05,1151.65,4
2026-08-20 12:41:00,BANKNIFTY29SEP2657500PE,57500.0,PE,29SEP2026,588.65,588.65,588.5,588.5,4
2026-08-20 12:42:00,BANKNIFTY29SEP2655500PE,55500.0,PE,29SEP2026,160.55,160.55,160.55,160.55,1
2026-08-20 12:42:00,BANKNIFTY29SEP2656000PE,56000.0,PE,29SEP2026,226.1,226.1,226.0,226.0,19
2026-08-20 12:42:00,BANKNIFTY29SEP2656300PE,56300.0,PE,29SEP2026,275.0,275.05,274.95,275.05,13
2026-08-20 12:42:00,BANKNIFTY29SEP2656500PE,56500.0,PE,29SEP2026,313.05,313.05,313.0,313.0,2
2026-08-20 12:42:00,BANKNIFTY29SEP2657000CE,57000.0,CE,29SEP2026,1499.85,1499.85,1497.65,1498.95,5
2026-08-20 12:42:00,BANKNIFTY29SEP2657000PE,57000.0,PE,29SEP2026,433.0,434.95,431.95,434.95,5
2026-08-20 12:42:00,BANKNIFTY29SEP2657100PE,57100.0,PE,29SEP2026,463.45,463.45,463.45,463.45,1
2026-08-20 12:42:00,BANKNIFTY29SEP2657400PE,57400.0,PE,29SEP2026,560.0,560.95,560.0,560.55,7
2026-08-20 12:42:00,BANKNIFTY29SEP2657500CE,57500.0,CE,29SEP2026,1153.15,1154.4,1147.0,1147.0,8
2026-08-20 12:42:00,BANKNIFTY29SEP2657500PE,57500.0,PE,29SEP2026,589.65,592.2,586.7,591.8,7
2026-08-20 12:43:00,BANKNIFTY29SEP2655500PE,55500.0,PE,29SEP2026,160.55,160.55,160.55,160.55,1
2026-08-20 12:43:00,BANKNIFTY29SEP2656000CE,56000.0,CE,29SEP2026,2270.0,2270.0,2270.0,2270.0,5
2026-08-20 12:43:00,BANKNIFTY29SEP2656000PE,56000.0,PE,29SEP2026,227.2,227.2,226.0,226.0,19
2026-08-20 12:43:00,BANKNIFTY29SEP2656200PE,56200.0,PE,29SEP2026,254.6,254.6,252.95,252.95,10
2026-08-20 12:43:00,BANKNIFTY29SEP2656500PE,56500.0,PE,29SEP2026,316.1,316.15,314.8,314.8,11
2026-08-20 12:43:00,BANKNIFTY29SEP2656800PE,56800.0,PE,29SEP2026,380.0,380.0,380.0,380.0,1
2026-08-20 12:43:00,BANKNIFTY29SEP2657000CE,57000.0,CE,29SEP2026,1489.15,1501.95,1489.15,1501.95,2
2026-08-20 12:43:00,BANKNIFTY29SEP2657000PE,57000.0,PE,29SEP2026,436.35,437.3,430.15,430.15,13
2026-08-20 12:43:00,BANKNIFTY29SEP2657200PE,57200.0,PE,29SEP2026,497.4,498.65,495.65,496.1,15
2026-08-20 12:43:00,BANKNIFTY29SEP2657300CE,57300.0,CE,29SEP2026,1269.7,1269.7,1269.7,1269.7,1
2026-08-20 12:43:00,BANKNIFTY29SEP2657300PE,57300.0,PE,29SEP2026,528.15,530.05,524.0,524.0,6
2026-08-20 12:43:00,BANKNIFTY29SEP2657400PE,57400.0,PE,29SEP2026,560.85,561.15,557.7,557.7,7
2026-08-20 12:43:00,BANKNIFTY29SEP2657500CE,57500.0,CE,29SEP2026,1145.7,1147.4,1145.0,1147.0,15
2026-08-20 12:43:00,BANKNIFTY29SEP2657500PE,57500.0,PE,29SEP2026,592.6,593.4,588.6,588.6,21
2026-08-20 12:44:00,BANKNIFTY29SEP2656000PE,56000.0,PE,29SEP2026,225.0,225.45,224.55,224.55,11
2026-08-20 12:44:00,BANKNIFTY29SEP2656200PE,56200.0,PE,29SEP2026,259.45,259.45,259.45,259.45,1
2026-08-20 12:44:00,BANKNIFTY29SEP2656500CE,56500.0,CE,29SEP2026,1865.05,1865.05,1865.0,1865.0,2
2026-08-20 12:44:00,BANKNIFTY29SEP2656500PE,56500.0,PE,29SEP2026,311.65,312.5,311.65,312.5,3
2026-08-20 12:44:00,BANKNIFTY29SEP2657000PE,57000.0,PE,29SEP2026,432.6,432.6,431.8,431.8,4
2026-08-20 12:44:00,BANKNIFTY29SEP2657100PE,57100.0,PE,29SEP2026,462.05,462.05,461.25,462.05,7
2026-08-20 12:44:00,BANKNIFTY29SEP2657200PE,57200.0,PE,29SEP2026,493.35,494.45,492.45,492.6,14
2026-08-20 12:44:00,BANKNIFTY29SEP2657300PE,57300.0,PE,29SEP2026,522.9,523.3,522.9,523.3,3
2026-08-20 12:44:00,BANKNIFTY29SEP2657400PE,57400.0,PE,29SEP2026,556.2,556.2,556.2,556.2,1
2026-08-20 12:44:00,BANKNIFTY29SEP2657500CE,57500.0,CE,29SEP2026,1148.65,1152.1,1145.7,1152.1,5
2026-08-20 12:44:00,BANKNIFTY29SEP2657500PE,57500.0,PE,29SEP2026,586.75,589.6,586.75,589.45,5
2026-08-20 12:45:00,BANKNIFTY29SEP2656000PE,56000.0,PE,29SEP2026,224.5,226.15,224.0,226.15,17
2026-08-20 12:45:00,BANKNIFTY29SEP2656500PE,56500.0,PE,29SEP2026,311.65,311.65,311.65,311.65,1
2026-08-20 12:45:00,BANKNIFTY29SEP2657000PE,57000.0,PE,29SEP2026,432.0,433.35,431.8,431.8,8
2026-08-20 12:45:00,BANKNIFTY29SEP2657200PE,57200.0,PE,29SEP2026,492.85,493.25,491.15,492.35,12
2026-08-20 12:45:00,BANKNIFTY29SEP2657300PE,57300.0,PE,29SEP2026,525.9,525.9,522.4,523.15,8
2026-08-20 12:45:00,BANKNIFTY29SEP2657500CE,57500.0,CE,29SEP2026,1150.3,1153.7,1146.3,1153.7,6
2026-08-20 12:45:00,BANKNIFTY29SEP2657500PE,57500.0,PE,29SEP2026,588.95,589.35,588.95,589.35,3
2026-08-20 12:46:00,BANKNIFTY29SEP2655500CE,55500.0,CE,29SEP2026,2709.0,2710.0,2709.0,2710.0,4
2026-08-20 12:46:00,BANKNIFTY29SEP2655500PE,55500.0,PE,29SEP2026,159.4,160.0,159.35,160.0,4
2026-08-20 12:46:00,BANKNIFTY29SEP2656000PE,56000.0,PE,29SEP2026,224.3,224.4,222.35,222.35,12
2026-08-20 12:46:00,BANKNIFTY29SEP2656200PE,56200.0,PE,29SEP2026,251.0,251.0,251.0,251.0,1
2026-08-20 12:46:00,BANKNIFTY29SEP2656500CE,56500.0,CE,29SEP2026,1870.0,1870.0,1870.0,1870.0,2
2026-08-20 12:46:00,BANKNIFTY29SEP2656500PE,56500.0,PE,29SEP2026,312.25,313.6,310.0,310.0,8
2026-08-20 12:46:00,BANKNIFTY29SEP2656600CE,56600.0,CE,29SEP2026,1778.35,1778.35,1778.35,1778.35,1
2026-08-20 12:46:00,BANKNIFTY29SEP2656700PE,56700.0,PE,29SEP2026,355.05,355.05,355.0,355.0,2
2026-08-20 12:46:00,BANKNIFTY29SEP2657000PE,57000.0,PE,29SEP2026,430.75,430.75,429.0,429.05,12
2026-08-20 12:46:00,BANKNIFTY29SEP2657100PE,57100.0,PE,29SEP2026,463.35,463.9,459.05,459.05,11
2026-08-20 12:46:00,BANKNIFTY29SEP2657200PE,57200.0,PE,29SEP2026,493.65,493.65,490.05,493.0,18
2026-08-20 12:46:00,BANKNIFTY29SEP2657300PE,57300.0,PE,29SEP2026,523.85,525.4,522.0,522.0,11
2026-08-20 12:46:00,BANKNIFTY29SEP2657400CE,57400.0,CE,29SEP2026,1215.0,1215.0,1215.0,1215.0,1
2026-08-20 12:46:00,BANKNIFTY29SEP2657400PE,57400.0,PE,29SEP2026,558.15,558.15,555.05,555.05,4
2026-08-20 12:46:00,BANKNIFTY29SEP2657500CE,57500.0,CE,29SEP2026,1150.0,1154.95,1150.0,1154.95,5
2026-08-20 12:46:00,BANKNIFTY29SEP2657500PE,57500.0,PE,29SEP2026,585.0,585.7,582.5,582.5,55
2026-08-20 12:47:00,BANKNIFTY29SEP2655500PE,55500.0,PE,29SEP2026,159.0,159.0,159.0,159.0,20
2026-08-20 12:47:00,BANKNIFTY29SEP2656000PE,56000.0,PE,29SEP2026,224.75,224.75,220.05,220.05,11
2026-08-20 12:47:00,BANKNIFTY29SEP2656200CE,56200.0,CE,29SEP2026,2121.5,2121.5,2121.5,2121.5,1
2026-08-20 12:47:00,BANKNIFTY29SEP2656300PE,56300.0,PE,29SEP2026,272.0,272.0,272.0,272.0,1
2026-08-20 12:47:00,BANKNIFTY29SEP2656500CE,56500.0,CE,29SEP2026,1869.95,1870.0,1869.95,1870.0,59
2026-08-20 12:47:00,BANKNIFTY29SEP2656500PE,56500.0,PE,29SEP2026,306.75,306.75,305.05,305.05,5
2026-08-20 12:47:00,BANKNIFTY29SEP2656700PE,56700.0,PE,29SEP2026,351.8,351.85,350.0,350.0,3
2026-08-20 12:47:00,BANKNIFTY29SEP2656900PE,56900.0,PE,29SEP2026,403.0,403.0,403.0,403.0,2
2026-08-20 12:47:00,BANKNIFTY29SEP2657000CE,57000.0,CE,29SEP2026,1500.0,1515.0,1500.0,1515.0,14
2026-08-20 12:47:00,BANKNIFTY29SEP2657000PE,57000.0,PE,29SEP2026,430.9,431.0,425.0,425.1,82
2026-08-20 12:47:00,BANKNIFTY29SEP2657100CE,57100.0,CE,29SEP2026,1434.15,1434.15,1434.15,1434.15,1
2026-08-20 12:47:00,BANKNIFTY29SEP2657100PE,57100.0,PE,29SEP2026,459.0,459.0,452.0,452.0,13
2026-08-20 12:47:00,BANKNIFTY29SEP2657200CE,57200.0,CE,29SEP2026,1360.0,1360.0,1360.0,1360.0,3
2026-08-20 12:47:00,BANKNIFTY29SEP2657200PE,57200.0,PE,29SEP2026,490.3,492.1,484.9,484.9,18
2026-08-20 12:47:00,BANKNIFTY29SEP2657300CE,57300.0,CE,29SEP2026,1298.9,1299.0,1298.9,1299.0,5
2026-08-20 12:47:00,BANKNIFTY29SEP2657300PE,57300.0,PE,29SEP2026,523.5,523.85,514.9,514.9,30
2026-08-20 12:47:00,BANKNIFTY29SEP2657400CE,57400.0,CE,29SEP2026,1226.95,1227.0,1226.95,1227.0,11
2026-08-20 12:47:00,BANKNIFTY29SEP2657400PE,57400.0,PE,29SEP2026,554.15,554.8,545.05,546.8,7
2026-08-20 12:47:00,BANKNIFTY29SEP2657500CE,57500.0,CE,29SEP2026,1154.85,1170.55,1154.85,1168.3,26
2026-08-20 12:47:00,BANKNIFTY29SEP2657500PE,57500.0,PE,29SEP2026,586.75,587.2,574.35,574.35,135
2026-08-20 12:48:00,BANKNIFTY29SEP2655500PE,55500.0,PE,29SEP2026,157.05,157.05,157.05,157.05,1
2026-08-20 12:48:00,BANKNIFTY29SEP2655900PE,55900.0,PE,29SEP2026,387.7,387.7,387.7,387.7,2
2026-08-20 12:48:00,BANKNIFTY29SEP2656000PE,56000.0,PE,29SEP2026,220.05,220.05,220.0,220.0,17
2026-08-20 12:48:00,BANKNIFTY29SEP2656500PE,56500.0,PE,29SEP2026,306.05,306.05,305.0,305.15,17
2026-08-20 12:48:00,BANKNIFTY29SEP2656800PE,56800.0,PE,29SEP2026,374.15,374.15,374.15,374.15,1
2026-08-20 12:48:00,BANKNIFTY29SEP2656900PE,56900.0,PE,29SEP2026,398.7,398.7,396.55,396.6,3
2026-08-20 12:48:00,BANKNIFTY29SEP2657000CE,57000.0,CE,29SEP2026,1515.9,1524.0,1509.65,1514.7,6
2026-08-20 12:48:00,BANKNIFTY29SEP2657000PE,57000.0,PE,29SEP2026,423.85,426.2,421.5,423.6,20
2026-08-20 12:48:00,BANKNIFTY29SEP2657100PE,57100.0,PE,29SEP2026,453.6,454.2,451.75,454.2,6
2026-08-20 12:48:00,BANKNIFTY29SEP2657200CE,57200.0,CE,29SEP2026,1371.5,1371.5,1371.5,1371.5,1
2026-08-20 12:48:00,BANKNIFTY29SEP2657200PE,57200.0,PE,29SEP2026,483.5,484.3,480.0,480.0,17
2026-08-20 12:48:00,BANKNIFTY29SEP2657300CE,57300.0,CE,29SEP2026,1312.45,1312.45,1312.4,1312.4,2
2026-08-20 12:48:00,BANKNIFTY29SEP2657300PE,57300.0,PE,29SEP2026,516.5,516.55,511.25,516.25,6
2026-08-20 12:48:00,BANKNIFTY29SEP2657400CE,57400.0,CE,29SEP2026,1238.0,1238.0,1238.0,1238.0,2
2026-08-20 12:48:00,BANKNIFTY29SEP2657400PE,57400.0,PE,29SEP2026,546.8,549.45,543.5,545.75,17
2026-08-20 12:48:00,BANKNIFTY29SEP2657500CE,57500.0,CE,29SEP2026,1164.6,1176.05,1164.6,1169.2,124
2026-08-20 12:48:00,BANKNIFTY29SEP2657500PE,57500.0,PE,29SEP2026,576.2,577.05,572.0,572.0,87
2026-08-20 12:49:00,BANKNIFTY29SEP2655500PE,55500.0,PE,29SEP2026,156.15,157.05,154.6,155.0,199
2026-08-20 12:49:00,BANKNIFTY29SEP2656000PE,56000.0,PE,29SEP2026,219.7,221.05,218.2,218.3,63
2026-08-20 12:49:00,BANKNIFTY29SEP2656200CE,56200.0,CE,29SEP2026,2155.25,2155.25,2155.25,2155.25,2
2026-08-20 12:49:00,BANKNIFTY29SEP2656500CE,56500.0,CE,29SEP2026,1892.05,1892.05,1892.0,1892.0,2
2026-08-20 12:49:00,BANKNIFTY29SEP2656500PE,56500.0,PE,29SEP2026,303.6,304.95,303.45,303.55,36
2026-08-20 12:49:00,BANKNIFTY29SEP2656600PE,56600.0,PE,29SEP2026,320.4,320.4,320.4,320.4,1
2026-08-20 12:49:00,BANKNIFTY29SEP2657000CE,57000.0,CE,29SEP2026,1524.95,1524.95,1516.1,1516.1,3
2026-08-20 12:49:00,BANKNIFTY29SEP2657000PE,57000.0,PE,29SEP2026,422.0,424.95,421.0,423.1,16
2026-08-20 12:49:00,BANKNIFTY29SEP2657100PE,57100.0,PE,29SEP2026,454.45,454.45,453.55,453.95,5
2026-08-20 12:49:00,BANKNIFTY29SEP2657200PE,57200.0,PE,29SEP2026,480.95,483.55,480.95,482.6,30
2026-08-20 12:49:00,BANKNIFTY29SEP2657300CE,57300.0,CE,29SEP2026,1312.45,1312.45,1312.45,1312.45,18
2026-08-20 12:49:00,BANKNIFTY29SEP2657300PE,57300.0,PE,29SEP2026,510.0,514.25,510.0,513.2,16
2026-08-20 12:49:00,BANKNIFTY29SEP2657400PE,57400.0,PE,29SEP2026,543.95,546.7,543.7,544.9,26
2026-08-20 12:49:00,BANKNIFTY29SEP2657500CE,57500.0,CE,29SEP2026,1176.05,1176.05,1171.85,1174.2,30
2026-08-20 12:49:00,BANKNIFTY29SEP2657500PE,57500.0,PE,29SEP2026,571.25,576.75,571.0,575.25,90
2026-08-20 12:50:00,BANKNIFTY29SEP2655500PE,55500.0,PE,29SEP2026,155.4,155.4,154.0,154.0,17
2026-08-20 12:50:00,BANKNIFTY29SEP2656000CE,56000.0,CE,29SEP2026,2300.0,2300.0,2300.0,2300.0,19
2026-08-20 12:50:00,BANKNIFTY29SEP2656000PE,56000.0,PE,29SEP2026,218.05,218.35,215.0,216.3,88
2026-08-20 12:50:00,BANKNIFTY29SEP2656200CE,56200.0,CE,29SEP2026,2155.1,2155.15,2155.1,2155.15,3
2026-08-20 12:50:00,BANKNIFTY29SEP2656200PE,56200.0,PE,29SEP2026,250.65,250.7,248.35,248.35,4
2026-08-20 12:50:00,BANKNIFTY29SEP2656500CE,56500.0,CE,29SEP2026,1897.4,1897.4,1897.4,1897.4,1
2026-08-20 12:50:00,BANKNIFTY29SEP2656500PE,56500.0,PE,29SEP2026,303.05,304.1,300.0,302.1,43
2026-08-20 12:50:00,BANKNIFTY29SEP2656800PE,56800.0,PE,29SEP2026,370.9,372.05,370.9,372.0,21
2026-08-20 12:50:00,BANKNIFTY29SEP2656900PE,56900.0,PE,29SEP2026,395.0,395.0,395.0,395.0,1
2026-08-20 12:50:00,BANKNIFTY29SEP2657000CE,57000.0,CE,29SEP2026,1524.0,1530.0,1524.0,1530.0,10
2026-08-20 12:50:00,BANKNIFTY29SEP2657000PE,57000.0,PE,29SEP2026,423.1,423.1,418.55,419.0,42
2026-08-20 12:50:00,BANKNIFTY29SEP2657100PE,57100.0,PE,29SEP2026,452.75,454.75,446.15,448.55,4
2026-08-20 12:50:00,BANKNIFTY29SEP2657200CE,57200.0,CE,29SEP2026,1378.0,1382.4,1378.0,1382.4,3
2026-08-20 12:50:00,BANKNIFTY29SEP2657200PE,57200.0,PE,29SEP2026,482.0,482.0,479.7,480.55,3
2026-08-20 12:50:00,BANKNIFTY29SEP2657300CE,57300.0,CE,29SEP2026,1312.4,1312.45,1312.4,1312.45,9
2026-08-20 12:50:00,BANKNIFTY29SEP2657300PE,57300.0,PE,29SEP2026,510.0,511.65,506.1,511.65,7
2026-08-20 12:50:00,BANKNIFTY29SEP2657400CE,57400.0,CE,29SEP2026,1249.0,1249.0,1249.0,1249.0,2
2026-08-20 12:50:00,BANKNIFTY29SEP2657400PE,57400.0,PE,29SEP2026,540.3,544.15,539.0,539.0,8
2026-08-20 12:50:00,BANKNIFTY29SEP2657500CE,57500.0,CE,29SEP2026,1170.4,1184.0,1170.25,1184.0,54
2026-08-20 12:50:00,BANKNIFTY29SEP2657500PE,57500.0,PE,29SEP2026,575.35,575.9,566.6,570.4,102
2026-08-20 12:51:00,BANKNIFTY29SEP2655500PE,55500.0,PE,29SEP2026,154.5,154.75,151.55,152.95,34
2026-08-20 12:51:00,BANKNIFTY29SEP2656000CE,56000.0,CE,29SEP2026,2310.0,2322.0,2310.0,2322.0,4
2026-08-20 12:51:00,BANKNIFTY29SEP2656000PE,56000.0,PE,29SEP2026,215.05,216.55,211.9,212.0,105
2026-08-20 12:51:00,BANKNIFTY29SEP2656200CE,56200.0,CE,29SEP2026,2164.45,2171.1,2164.45,2171.1,5
2026-08-20 12:51:00,BANKNIFTY29SEP2656200PE,56200.0,PE,29SEP2026,249.55,249.7,249.55,249.7,3
2026-08-20 12:51:00,BANKNIFTY29SEP2656500CE,56500.0,CE,29SEP2026,1915.55,1915.55,1904.4,1906.25,7
2026-08-20 12:51:00,BANKNIFTY29SEP2656500PE,56500.0,PE,29SEP2026,298.05,302.25,297.6,297.6,23
2026-08-20 12:51:00,BANKNIFTY29SEP2656800PE,56800.0,PE,29SEP2026,369.0,369.0,369.0,369.0,1
2026-08-20 12:51:00,BANKNIFTY29SEP2656900PE,56900.0,PE,29SEP2026,389.05,389.05,389.0,389.0,2
2026-08-20 12:51:00,BANKNIFTY29SEP2657000CE,57000.0,CE,29SEP2026,1533.1,1540.0,1530.05,1540.0,13
2026-08-20 12:51:00,BANKNIFTY29SEP2657000PE,57000.0,PE,29SEP2026,417.75,420.5,413.9,414.5,55
2026-08-20 12:51:00,BANKNIFTY29SEP2657100PE,57100.0,PE,29SEP2026,445.0,445.0,443.0,443.0,3
2026-08-20 12:51:00,BANKNIFTY29SEP2657200CE,57200.0,CE,29SEP2026,1395.0,1395.0,1395.0,1395.0,1
2026-08-20 12:51:00,BANKNIFTY29SEP2657200PE,57200.0,PE,29SEP2026,475.0,475.0,471.6,471.6,15
2026-08-20 12:51:00,BANKNIFTY29SEP2657300CE,57300.0,CE,29SEP2026,1320.5,1320.5,1320.5,1320.5,1
2026-08-20 12:51:00,BANKNIFTY29SEP2657300PE,57300.0,PE,29SEP2026,505.75,507.55,501.75,501.75,11
2026-08-20 12:51:00,BANKNIFTY29SEP2657400PE,57400.0,PE,29SEP2026,537.35,537.8,533.25,535.55,9
2026-08-20 12:51:00,BANKNIFTY29SEP2657500CE,57500.0,CE,29SEP2026,1184.0,1192.0,1184.0,1190.95,35
2026-08-20 12:51:00,BANKNIFTY29SEP2657500PE,57500.0,PE,29SEP2026,567.95,569.2,559.3,560.35,218
2026-08-20 12:52:00,BANKNIFTY29SEP2655500PE,55500.0,PE,29SEP2026,152.6,153.1,152.5,152.55,9
2026-08-20 12:52:00,BANKNIFTY29SEP2656000CE,56000.0,CE,29SEP2026,2325.0,2325.0,2325.0,2325.0,2
2026-08-20 12:52:00,BANKNIFTY29SEP2656000PE,56000.0,PE,29SEP2026,212.2,213.75,211.55,213.55,66
2026-08-20 12:52:00,BANKNIFTY29SEP2656300PE,56300.0,PE,29SEP2026,262.5,262.5,260.0,260.0,15
2026-08-20 12:52:00,BANKNIFTY29SEP2656500PE,56500.0,PE,29SEP2026,297.0,298.5,295.65,298.15,52
2026-08-20 12:52:00,BANKNIFTY29SEP2656800PE,56800.0,PE,29SEP2026,365.0,365.0,365.0,365.0,3
2026-08-20 12:52:00,BANKNIFTY29SEP2657000CE,57000.0,CE,29SEP2026,1541.05,1546.6,1535.05,1535.05,11
2026-08-20 12:52:00,BANKNIFTY29SEP2657000PE,57000.0,PE,29SEP2026,414.05,414.8,413.0,414.05,33
2026-08-20 12:52:00,BANKNIFTY29SEP2657100CE,57100.0,CE,29SEP2026,1455.95,1455.95,1455.95,1455.95,1
2026-08-20 12:52:00,BANKNIFTY29SEP2657100PE,57100.0,PE,29SEP2026,442.85,442.85,442.05,442.05,2
2026-08-20 12:52:00,BANKNIFTY29SEP2657200CE,57200.0,CE,29SEP2026,1400.0,1400.0,1400.0,1400.0,2
2026-08-20 12:52:00,BANKNIFTY29SEP2657200PE,57200.0,PE,29SEP2026,471.6,473.6,471.6,473.6,4
2026-08-20 12:52:00,BANKNIFTY29SEP2657300CE,57300.0,CE,29SEP2026,1330.0,1333.25,1330.0,1333.25,2
2026-08-20 12:52:00,BANKNIFTY29SEP2657300PE,57300.0,PE,29SEP2026,501.0,502.4,500.35,502.4,3
2026-08-20 12:52:00,BANKNIFTY29SEP2657400CE,57400.0,CE,29SEP2026,1263.0,1264.05,1263.0,1264.05,7
2026-08-20 12:52:00,BANKNIFTY29SEP2657400PE,57400.0,PE,29SEP2026,535.55,535.7,535.55,535.7,3
2026-08-20 12:52:00,BANKNIFTY29SEP2657500CE,57500.0,CE,29SEP2026,1192.3,1195.0,1189.15,1192.05,22
2026-08-20 12:52:00,BANKNIFTY29SEP2657500PE,57500.0,PE,29SEP2026,561.8,566.25,558.55,565.05,85
2026-08-20 12:53:00,BANKNIFTY29SEP2655500PE,55500.0,PE,29SEP2026,153.9,155.9,153.1,154.65,51
2026-08-20 12:53:00,BANKNIFTY29SEP2656000CE,56000.0,CE,29SEP2026,2312.8,2312.8,2298.8,2298.8,9
2026-08-20 12:53:00,BANKNIFTY29SEP2656000PE,56000.0,PE,29SEP2026,214.15,219.1,213.55,216.75,49
2026-08-20 12:53:00,BANKNIFTY29SEP2656200PE,56200.0,PE,29SEP2026,249.45,249.45,249.45,249.45,1
2026-08-20 12:53:00,BANKNIFTY29SEP2656500CE,56500.0,CE,29SEP2026,1903.0,1905.6,1888.2,1888.4,25
2026-08-20 12:53:00,BANKNIFTY29SEP2656500PE,56500.0,PE,29SEP2026,299.0,304.55,299.0,303.45,60
2026-08-20 12:53:00,BANKNIFTY29SEP2656700PE,56700.0,PE,29SEP2026,345.15,345.15,345.15,345.15,1
2026-08-20 12:53:00,BANKNIFTY29SEP2656900PE,56900.0,PE,29SEP2026,393.95,394.0,393.95,394.0,3
2026-08-20 12:53:00,BANKNIFTY29SEP2657000CE,57000.0,CE,29SEP2026,1535.0,1535.0,1520.0,1521.0,36
2026-08-20 12:53:00,BANKNIFTY29SEP2657000PE,57000.0,PE,29SEP2026,416.05,425.15,416.05,423.75,83
2026-08-20 12:53:00,BANKNIFTY29SEP2657200PE,57200.0,PE,29SEP2026,483.45,483.45,483.45,483.45,1
2026-08-20 12:53:00,BANKNIFTY29SEP2657300PE,57300.0,PE,29SEP2026,509.65,512.2,509.65,512.2,4
2026-08-20 12:53:00,BANKNIFTY29SEP2657400CE,57400.0,CE,29SEP2026,1245.0,1245.4,1243.2,1243.2,4
2026-08-20 12:53:00,BANKNIFTY29SEP2657400PE,57400.0,PE,29SEP2026,546.0,546.0,546.0,546.0,1
2026-08-20 12:53:00,BANKNIFTY29SEP2657500CE,57500.0,CE,29SEP2026,1189.15,1189.15,1171.55,1171.55,49
2026-08-20 12:53:00,BANKNIFTY29SEP2657500PE,57500.0,PE,29SEP2026,565.15,575.95,565.15,573.95,63
2026-08-20 12:54:00,BANKNIFTY29SEP2655500PE,55500.0,PE,29SEP2026,154.85,156.8,154.45,155.4,36
2026-08-20 12:54:00,BANKNIFTY29SEP2656000CE,56000.0,CE,29SEP2026,2291.65,2291.65,2290.0,2290.0,5
2026-08-20 12:54:00,BANKNIFTY29SEP2656000PE,56000.0,PE,29SEP2026,216.65,219.75,216.65,217.85,16
2026-08-20 12:54:00,BANKNIFTY29SEP2656500CE,56500.0,CE,29SEP2026,1887.6,1887.6,1879.8,1879.8,4
2026-08-20 12:54:00,BANKNIFTY29SEP2656500PE,56500.0,PE,29SEP2026,302.8,305.95,302.8,305.5,12
2026-08-20 12:54:00,BANKNIFTY29SEP2656800PE,56800.0,PE,29SEP2026,375.95,376.0,375.95,376.0,2
2026-08-20 12:54:00,BANKNIFTY29SEP2656900PE,56900.0,PE,29SEP2026,396.4,399.7,396.4,399.7,3
2026-08-20 12:54:00,BANKNIFTY29SEP2657000CE,57000.0,CE,29SEP2026,1521.0,1521.0,1510.0,1510.2,17
2026-08-20 12:54:00,BANKNIFTY29SEP2657000PE,57000.0,PE,29SEP2026,420.95,426.35,420.3,423.35,45
2026-08-20 12:54:00,BANKNIFTY29SEP2657200CE,57200.0,CE,29SEP2026,1370.95,1379.05,1370.95,1379.05,6
2026-08-20 12:54:00,BANKNIFTY29SEP2657200PE,57200.0,PE,29SEP2026,480.0,483.75,480.0,483.4,4
2026-08-20 12:54:00,BANKNIFTY29SEP2657300CE,57300.0,CE,29SEP2026,1306.1,1306.1,1306.0,1306.0,2
2026-08-20 12:54:00,BANKNIFTY29SEP2657300PE,57300.0,PE,29SEP2026,516.55,516.55,516.55,516.55,1
2026-08-20 12:54:00,BANKNIFTY29SEP2657400CE,57400.0,CE,29SEP2026,1238.45,1239.05,1238.45,1239.0,19
2026-08-20 12:54:00,BANKNIFTY29SEP2657500CE,57500.0,CE,29SEP2026,1175.55,1175.55,1160.0,1171.85,23
2026-08-20 12:54:00,BANKNIFTY29SEP2657500PE,57500.0,PE,29SEP2026,573.9,580.2,570.0,575.75,61
2026-08-20 12:55:00,BANKNIFTY29SEP2655500PE,55500.0,PE,29SEP2026,155.85,156.85,155.05,155.05,20
2026-08-20 12:55:00,BANKNIFTY29SEP2656000PE,56000.0,PE,29SEP2026,218.05,219.2,216.25,216.25,21
2026-08-20 12:55:00,BANKNIFTY29SEP2656200PE,56200.0,PE,29SEP2026,252.25,252.25,252.25,252.25,3
2026-08-20 12:55:00,BANKNIFTY29SEP2656300PE,56300.0,PE,29SEP2026,268.8,268.8,265.0,265.0,13
2026-08-20 12:55:00,BANKNIFTY29SEP2656500PE,56500.0,PE,29SEP2026,306.45,306.45,305.0,305.0,18
2026-08-20 12:55:00,BANKNIFTY29SEP2657000CE,57000.0,CE,29SEP2026,1514.1,1514.1,1512.45,1512.45,7
2026-08-20 12:55:00,BANKNIFTY29SEP2657000PE,57000.0,PE,29SEP2026,424.0,427.6,419.3,420.0,31
2026-08-20 12:55:00,BANKNIFTY29SEP2657200PE,57200.0,PE,29SEP2026,486.95,486.95,486.95,486.95,1
2026-08-20 12:55:00,BANKNIFTY29SEP2657400CE,57400.0,CE,29SEP2026,1239.0,1242.35,1239.0,1242.25,106
2026-08-20 12:55:00,BANKNIFTY29SEP2657500CE,57500.0,CE,29SEP2026,1171.8,1180.35,1166.25,1179.0,36
2026-08-20 12:55:00,BANKNIFTY29SEP2657500PE,57500.0,PE,29SEP2026,575.75,579.95,573.85,573.85,59
2026-08-20 12:56:00,BANKNIFTY29SEP2655500CE,55500.0,CE,29SEP2026,2718.95,2718.95,2718.95,2718.95,1
2026-08-20 12:56:00,BANKNIFTY29SEP2655500PE,55500.0,PE,29SEP2026,153.95,154.25,153.1,153.1,6
2026-08-20 12:56:00,BANKNIFTY29SEP2656000PE,56000.0,PE,29SEP2026,216.5,216.5,214.25,214.45,14
2026-08-20 12:56:00,BANKNIFTY29SEP2656200PE,56200.0,PE,29SEP2026,248.0,248.0,248.0,248.0,2
2026-08-20 12:56:00,BANKNIFTY29SEP2656500CE,56500.0,CE,29SEP2026,1903.35,1903.35,1903.35,1903.35,1
2026-08-20 12:56:00,BANKNIFTY29SEP2656500PE,56500.0,PE,29SEP2026,301.3,301.3,300.2,300.2,8
2026-08-20 12:56:00,BANKNIFTY29SEP2656800PE,56800.0,PE,29SEP2026,366.7,366.7,366.7,366.7,1
2026-08-20 12:56:00,BANKNIFTY29SEP2657000CE,57000.0,CE,29SEP2026,1528.55,1528.6,1528.55,1528.6,3
2026-08-20 12:56:00,BANKNIFTY29SEP2657000PE,57000.0,PE,29SEP2026,419.6,421.8,417.05,417.05,7
2026-08-20 12:56:00,BANKNIFTY29SEP2657400CE,57400.0,CE,29SEP2026,1243.0,1249.85,1243.0,1249.85,120
2026-08-20 12:56:00,BANKNIFTY29SEP2657500CE,57500.0,CE,29SEP2026,1178.9,1180.15,1174.7,1180.0,10
2026-08-20 12:56:00,BANKNIFTY29SEP2657500PE,57500.0,PE,29SEP2026,570.0,570.5,567.9,568.7,15
2026-08-20 12:57:00,BANKNIFTY29SEP2655500PE,55500.0,PE,29SEP2026,153.65,154.15,153.65,154.15,8
2026-08-20 12:57:00,BANKNIFTY29SEP2656000PE,56000.0,PE,29SEP2026,215.05,215.85,214.55,215.85,16
2026-08-20 12:57:00,BANKNIFTY29SEP2656200PE,56200.0,PE,29SEP2026,247.8,249.6,247.8,249.6,3
2026-08-20 12:57:00,BANKNIFTY29SEP2656500CE,56500.0,CE,29SEP2026,1896.0,1896.0,1896.0,1896.0,1
2026-08-20 12:57:00,BANKNIFTY29SEP2656500PE,56500.0,PE,29SEP2026,300.75,301.2,299.2,299.85,10
2026-08-20 12:57:00,BANKNIFTY29SEP2656800PE,56800.0,PE,29SEP2026,367.15,367.15,367.0,367.0,4
2026-08-20 12:57:00,BANKNIFTY29SEP2656900PE,56900.0,PE,29SEP2026,396.0,396.0,396.0,396.0,1
2026-08-20 12:57:00,BANKNIFTY29SEP2657000CE,57000.0,CE,29SEP2026,1527.75,1529.95,1524.15,1528.55,8
2026-08-20 12:57:00,BANKNIFTY29SEP2657000PE,57000.0,PE,29SEP2026,417.0,421.25,416.5,419.55,31
2026-08-20 12:57:00,BANKNIFTY29SEP2657200PE,57200.0,PE,29SEP2026,475.9,475.9,475.45,475.45,2
2026-08-20 12:57:00,BANKNIFTY29SEP2657300CE,57300.0,CE,29SEP2026,1319.1,1320.95,1319.1,1320.95,2
2026-08-20 12:57:00,BANKNIFTY29SEP2657400CE,57400.0,CE,29SEP2026,1248.0,1248.0,1248.0,1248.0,1
2026-08-20 12:57:00,BANKNIFTY29SEP2657400PE,57400.0,PE,29SEP2026,537.95,543.05,537.9,543.05,3
2026-08-20 12:57:00,BANKNIFTY29SEP2657500CE,57500.0,CE,29SEP2026,1176.15,1188.35,1175.15,1176.65,88
2026-08-20 12:57:00,BANKNIFTY29SEP2657500PE,57500.0,PE,29SEP2026,569.95,570.65,568.25,568.75,43
2026-08-20 12:58:00,BANKNIFTY29SEP2655500PE,55500.0,PE,29SEP2026,154.0,154.2,153.7,154.2,6
2026-08-20 12:58:00,BANKNIFTY29SEP2656000CE,56000.0,CE,29SEP2026,2313.2,2314.9,2305.0,2314.6,20
2026-08-20 12:58:00,BANKNIFTY29SEP2656000PE,56000.0,PE,29SEP2026,214.6,216.15,214.25,214.65,28
2026-08-20 12:58:00,BANKNIFTY29SEP2656300PE,56300.0,PE,29SEP2026,260.15,263.0,260.15,263.0,3
2026-08-20 12:58:00,BANKNIFTY29SEP2656500CE,56500.0,CE,29SEP2026,1899.0,1899.0,1891.2,1891.2,8
2026-08-20 12:58:00,BANKNIFTY29SEP2656500PE,56500.0,PE,29SEP2026,299.65,301.55,299.65,300.05,27
2026-08-20 12:58:00,BANKNIFTY29SEP2656600PE,56600.0,PE,29SEP2026,318.75,318.75,318.75,318.75,1
2026-08-20 12:58:00,BANKNIFTY29SEP2656900PE,56900.0,PE,29SEP2026,394.0,394.0,394.0,394.0,1
2026-08-20 12:58:00,BANKNIFTY29SEP2657000CE,57000.0,CE,29SEP2026,1528.15,1529.95,1521.05,1529.95,7
2026-08-20 12:58:00,BANKNIFTY29SEP2657000PE,57000.0,PE,29SEP2026,419.55,420.65,417.0,417.1,28
2026-08-20 12:58:00,BANKNIFTY29SEP2657100CE,57100.0,CE,29SEP2026,1434.55,1434.55,1434.55,1434.55,1
2026-08-20 12:58:00,BANKNIFTY29SEP2657200PE,57200.0,PE,29SEP2026,476.6,478.25,476.15,478.05,6
2026-08-20 12:58:00,BANKNIFTY29SEP2657400CE,57400.0,CE,29SEP2026,1245.0,1245.0,1245.0,1245.0,3
2026-08-20 12:58:00,BANKNIFTY29SEP2657400PE,57400.0,PE,29SEP2026,541.05,541.35,538.4,538.4,11
2026-08-20 12:58:00,BANKNIFTY29SEP2657500CE,57500.0,CE,29SEP2026,1179.75,1179.75,1179.1,1179.75,15
2026-08-20 12:58:00,BANKNIFTY29SEP2657500PE,57500.0,PE,29SEP2026,568.7,570.5,568.0,568.0,10
2026-08-20 12:59:00,BANKNIFTY29SEP2655500PE,55500.0,PE,29SEP2026,153.8,154.65,153.8,154.65,5
2026-08-20 12:59:00,BANKNIFTY29SEP2656000PE,56000.0,PE,29SEP2026,214.5,215.9,214.5,215.9,7
2026-08-20 12:59:00,BANKNIFTY29SEP2656200PE,56200.0,PE,29SEP2026,247.45,247.45,247.45,247.45,2
2026-08-20 12:59:00,BANKNIFTY29SEP2656500CE,56500.0,CE,29SEP2026,1899.0,1899.0,1899.0,1899.0,5
2026-08-20 12:59:00,BANKNIFTY29SEP2656500PE,56500.0,PE,29SEP2026,301.4,301.4,299.5,300.4,15
2026-08-20 12:59:00,BANKNIFTY29SEP2657000CE,57000.0,CE,29SEP2026,1529.95,1529.95,1529.95,1529.95,1
2026-08-20 12:59:00,BANKNIFTY29SEP2657000PE,57000.0,PE,29SEP2026,417.0,418.45,416.95,417.75,20
2026-08-20 12:59:00,BANKNIFTY29SEP2657100CE,57100.0,CE,29SEP2026,1455.95,1455.95,1455.9,1455.95,6
2026-08-20 12:59:00,BANKNIFTY29SEP2657200PE,57200.0,PE,29SEP2026,475.25,476.7,475.2,476.7,5
2026-08-20 12:59:00,BANKNIFTY29SEP2657300PE,57300.0,PE,29SEP2026,508.55,508.55,507.5,507.5,2
2026-08-20 12:59:00,BANKNIFTY29SEP2657400PE,57400.0,PE,29SEP2026,539.25,540.5,538.35,539.15,10
2026-08-20 12:59:00,BANKNIFTY29SEP2657500CE,57500.0,CE,29SEP2026,1179.9,1181.45,1179.9,1181.45,8
2026-08-20 12:59:00,BANKNIFTY29SEP2657500PE,57500.0,PE,29SEP2026,568.65,568.8,567.35,567.75,9
2026-08-20 13:00:00,BANKNIFTY29SEP2655500PE,55500.0,PE,29SEP2026,154.35,155.45,154.35,155.45,12
2026-08-20 13:00:00,BANKNIFTY29SEP2656000PE,56000.0,PE,29SEP2026,215.9,216.25,215.9,216.25,5
2026-08-20 13:00:00,BANKNIFTY29SEP2656200PE,56200.0,PE,29SEP2026,249.45,249.45,248.15,249.15,3
2026-08-20 13:00:00,BANKNIFTY29SEP2656300PE,56300.0,PE,29SEP2026,263.4,263.4,263.3,263.3,4
2026-08-20 13:00:00,BANKNIFTY29SEP2656500CE,56500.0,CE,29SEP2026,1890.05,1890.05,1890.0,1890.0,2
2026-08-20 13:00:00,BANKNIFTY29SEP2656500PE,56500.0,PE,29SEP2026,302.0,305.85,301.45,305.15,27
2026-08-20 13:00:00,BANKNIFTY29SEP2657000CE,57000.0,CE,29SEP2026,1517.2,1517.2,1516.05,1516.05,5
2026-08-20 13:00:00,BANKNIFTY29SEP2657000PE,57000.0,PE,29SEP2026,418.1,423.05,418.1,422.75,33
2026-08-20 13:00:00,BANKNIFTY29SEP2657300PE,57300.0,PE,29SEP2026,508.85,509.0,508.85,509.0,2
2026-08-20 13:00:00,BANKNIFTY29SEP2657500CE,57500.0,CE,29SEP2026,1182.1,1182.1,1170.0,1174.5,31
2026-08-20 13:00:00,BANKNIFTY29SEP2657500PE,57500.0,PE,29SEP2026,570.0,576.55,570.0,576.55,15
2026-08-20 13:01:00,BANKNIFTY29SEP2655500CE,55500.0,CE,29SEP2026,2724.6,2724.6,2724.6,2724.6,1
2026-08-20 13:01:00,BANKNIFTY29SEP2655500PE,55500.0,PE,29SEP2026,156.0,156.2,153.8,153.8,15
2026-08-20 13:01:00,BANKNIFTY29SEP2656000PE,56000.0,PE,29SEP2026,218.0,218.1,217.6,217.65,6
2026-08-20 13:01:00,BANKNIFTY29SEP2656500CE,56500.0,CE,29SEP2026,1884.0,1884.0,1881.4,1881.4,2
2026-08-20 13:01:00,BANKNIFTY29SEP2656500PE,56500.0,PE,29SEP2026,305.9,306.0,304.3,304.75,19
2026-08-20 13:01:00,BANKNIFTY29SEP2656700PE,56700.0,PE,29SEP2026,349.0,349.0,349.0,349.0,1
2026-08-20 13:01:00,BANKNIFTY29SEP2657000CE,57000.0,CE,29SEP2026,1513.65,1522.35,1510.1,1522.35,9
2026-08-20 13:01:00,BANKNIFTY29SEP2657000PE,57000.0,PE,29SEP2026,423.85,427.0,421.25,421.3,35
2026-08-20 13:01:00,BANKNIFTY29SEP2657500CE,57500.0,CE,29SEP2026,1170.0,1173.55,1170.0,1173.55,21
2026-08-20 13:01:00,BANKNIFTY29SEP2657500PE,57500.0,PE,29SEP2026,576.55,577.8,576.55,576.65,20
2026-08-20 13:02:00,BANKNIFTY29SEP2655500PE,55500.0,PE,29SEP2026,154.65,154.8,153.6,154.55,9
2026-08-20 13:02:00,BANKNIFTY29SEP2656500PE,56500.0,PE,29SEP2026,301.15,301.15,301.0,301.0,6
2026-08-20 13:02:00,BANKNIFTY29SEP2657000CE,57000.0,CE,29SEP2026,1521.35,1521.35,1521.3,1521.3,2
2026-08-20 13:02:00,BANKNIFTY29SEP2657000PE,57000.0,PE,29SEP2026,420.0,420.9,420.0,420.9,4
2026-08-20 13:02:00,BANKNIFTY29SEP2657200PE,57200.0,PE,29SEP2026,480.0,480.0,480.0,480.0,2
2026-08-20 13:02:00,BANKNIFTY29SEP2657500CE,57500.0,CE,29SEP2026,1175.75,1175.8,1173.55,1175.8,42
2026-08-20 13:03:00,BANKNIFTY29SEP2655500PE,55500.0,PE,29SEP2026,154.65,155.9,154.65,155.1,8
2026-08-20 13:03:00,BANKNIFTY29SEP2656000PE,56000.0,PE,29SEP2026,215.65,216.45,215.65,216.4,3
2026-08-20 13:03:00,BANKNIFTY29SEP2656200PE,56200.0,PE,29SEP2026,248.7,248.7,248.7,248.7,1
2026-08-20 13:03:00,BANKNIFTY29SEP2656500PE,56500.0,PE,29SEP2026,302.4,303.3,301.35,302.0,34
2026-08-20 13:03:00,BANKNIFTY29SEP2656700PE,56700.0,PE,29SEP2026,343.65,343.65,343.6,343.6,3
2026-08-20 13:03:00,BANKNIFTY29SEP2656900PE,56900.0,PE,29SEP2026,398.75,398.75,398.75,398.75,1
2026-08-20 13:03:00,BANKNIFTY29SEP2657000PE,57000.0,PE,29SEP2026,421.65,422.7,420.35,421.45,39
2026-08-20 13:03:00,BANKNIFTY29SEP2657200PE,57200.0,PE,29SEP2026,482.05,482.05,482.05,482.05,1
2026-08-20 13:03:00,BANKNIFTY29SEP2657500CE,57500.0,CE,29SEP2026,1178.5,1180.0,1178.0,1178.0,14
2026-08-20 13:03:00,BANKNIFTY29SEP2657500PE,57500.0,PE,29SEP2026,574.1,576.0,573.6,573.75,28
2026-08-20 13:04:00,BANKNIFTY29SEP2655500PE,55500.0,PE,29SEP2026,156.65,158.0,156.65,158.0,6
2026-08-20 13:04:00,BANKNIFTY29SEP2656000CE,56000.0,CE,29SEP2026,2287.55,2287.55,2287.55,2287.55,1
2026-08-20 13:04:00,BANKNIFTY29SEP2656000PE,56000.0,PE,29SEP2026,218.6,219.5,218.6,219.5,5
2026-08-20 13:04:00,BANKNIFTY29SEP2656500PE,56500.0,PE,29SEP2026,306.35,306.85,306.35,306.85,1
2026-08-20 13:04:00,BANKNIFTY29SEP2656800PE,56800.0,PE,29SEP2026,373.35,373.35,373.35,373.35,2
2026-08-20 13:04:00,BANKNIFTY29SEP2657000CE,57000.0,CE,29SEP2026,1508.25,1510.0,1507.25,1510.0,6
2026-08-20 13:04:00,BANKNIFTY29SEP2657000PE,57000.0,PE,29SEP2026,422.3,423.6,422.3,423.6,8
2026-08-20 13:04:00,BANKNIFTY29SEP2657200PE,57200.0,PE,29SEP2026,483.5,483.6,483.5,483.6,4
2026-08-20 13:04:00,BANKNIFTY29SEP2657300PE,57300.0,PE,29SEP2026,515.65,515.65,515.65,515.65,1
2026-08-20 13:04:00,BANKNIFTY29SEP2657400CE,57400.0,CE,29SEP2026,1245.0,1245.0,1245.0,1245.0,7
2026-08-20 13:04:00,BANKNIFTY29SEP2657500CE,57500.0,CE,29SEP2026,1171.75,1171.75,1168.0,1168.0,13
2026-08-20 13:04:00,BANKNIFTY29SEP2657500PE,57500.0,PE,29SEP2026,574.3,577.3,574.3,577.3,9
2026-08-20 13:05:00,BANKNIFTY29SEP2655500PE,55500.0,PE,29SEP2026,155.1,155.1,155.1,155.1,1
2026-08-20 13:05:00,BANKNIFTY29SEP2656000PE,56000.0,PE,29SEP2026,218.2,218.2,218.15,218.15,3
2026-08-20 13:05:00,BANKNIFTY29SEP2656300PE,56300.0,PE,29SEP2026,264.35,264.35,264.0,264.0,12
2026-08-20 13:05:00,BANKNIFTY29SEP2656500CE,56500.0,CE,29SEP2026,1889.7,1889.7,1889.7,1889.7,5
2026-08-20 13:05:00,BANKNIFTY29SEP2656500PE,56500.0,PE,29SEP2026,304.65,304.65,302.8,302.8,15
2026-08-20 13:05:00,BANKNIFTY29SEP2657000CE,57000.0,CE,29SEP2026,1527.65,1528.1,1527.65,1528.1,5
2026-08-20 13:05:00,BANKNIFTY29SEP2657000PE,57000.0,PE,29SEP2026,422.8,422.8,421.1,421.1,16
2026-08-20 13:05:00,BANKNIFTY29SEP2657200PE,57200.0,PE,29SEP2026,483.6,483.6,483.6,483.6,1
2026-08-20 13:05:00,BANKNIFTY29SEP2657500CE,57500.0,CE,29SEP2026,1175.0,1175.0,1175.0,1175.0,1
2026-08-20 13:05:00,BANKNIFTY29SEP2657500PE,57500.0,PE,29SEP2026,576.65,576.65,572.7,573.4,23
2026-08-20 13:06:00,BANKNIFTY29SEP2655500PE,55500.0,PE,29SEP2026,155.15,155.15,155.1,155.1,6
2026-08-20 13:06:00,BANKNIFTY29SEP2656500PE,56500.0,PE,29SEP2026,301.35,301.35,301.25,301.25,5
2026-08-20 13:06:00,BANKNIFTY29SEP2656700PE,56700.0,PE,29SEP2026,348.55,349.95,348.55,349.95,4
2026-08-20 13:06:00,BANKNIFTY29SEP2657000PE,57000.0,PE,29SEP2026,420.6,422.45,420.6,422.45,2
2026-08-20 13:06:00,BANKNIFTY29SEP2657500CE,57500.0,CE,29SEP2026,1176.7,1180.0,1176.45,1180.0,7
2026-08-20 13:06:00,BANKNIFTY29SEP2657500PE,57500.0,PE,29SEP2026,570.65,570.65,570.55,570.55,5
2026-08-20 13:07:00,BANKNIFTY29SEP2655500PE,55500.0,PE,29SEP2026,154.4,155.7,154.4,155.7,5
2026-08-20 13:07:00,BANKNIFTY29SEP2656300PE,56300.0,PE,29SEP2026,264.15,264.15,264.15,264.15,1
2026-08-20 13:07:00,BANKNIFTY29SEP2656500CE,56500.0,CE,29SEP2026,1884.85,1890.9,1884.85,1888.95,11
2026-08-20 13:07:00,BANKNIFTY29SEP2656500PE,56500.0,PE,29SEP2026,301.55,303.55,301.0,303.55,7
2026-08-20 13:07:00,BANKNIFTY29SEP2657000CE,57000.0,CE,29SEP2026,1520.7,1520.7,1520.7,1520.7,1
2026-08-20 13:07:00,BANKNIFTY29SEP2657000PE,57000.0,PE,29SEP2026,420.8,422.7,420.6,422.7,6
2026-08-20 13:07:00,BANKNIFTY29SEP2657100CE,57100.0,CE,29SEP2026,1460.35,1460.4,1460.35,1460.4,3
2026-08-20 13:07:00,BANKNIFTY29SEP2657100PE,57100.0,PE,29SEP2026,451.8,452.3,451.8,452.3,2
2026-08-20 13:07:00,BANKNIFTY29SEP2657300CE,57300.0,CE,29SEP2026,1319.9,1323.85,1306.35,1306.35,16
2026-08-20 13:07:00,BANKNIFTY29SEP2657300PE,57300.0,PE,29SEP2026,513.35,516.0,512.85,516.0,16
2026-08-20 13:07:00,BANKNIFTY29SEP2657500CE,57500.0,CE,29SEP2026,1180.15,1183.0,1180.15,1182.3,19
2026-08-20 13:07:00,BANKNIFTY29SEP2657500PE,57500.0,PE,29SEP2026,573.5,575.55,573.5,575.55,15
2026-08-20 13:08:00,BANKNIFTY29SEP2655500PE,55500.0,PE,29SEP2026,155.55,155.6,154.75,154.75,10
2026-08-20 13:08:00,BANKNIFTY29SEP2656000PE,56000.0,PE,29SEP2026,217.8,217.8,217.8,217.8,1
2026-08-20 13:08:00,BANKNIFTY29SEP2656500CE,56500.0,CE,29SEP2026,1894.9,1894.9,1894.9,1894.9,2
2026-08-20 13:08:00,BANKNIFTY29SEP2656500PE,56500.0,PE,29SEP2026,301.65,303.8,301.5,302.65,13
2026-08-20 13:08:00,BANKNIFTY29SEP2657000PE,57000.0,PE,29SEP2026,421.0,422.15,420.0,422.15,21
2026-08-20 13:08:00,BANKNIFTY29SEP2657200PE,57200.0,PE,29SEP2026,479.2,479.2,479.2,479.2,5
2026-08-20 13:08:00,BANKNIFTY29SEP2657300PE,57300.0,PE,29SEP2026,511.05,511.05,510.75,510.75,2
2026-08-20 13:08:00,BANKNIFTY29SEP2657400PE,57400.0,PE,29SEP2026,541.6,541.6,540.5,540.5,2
2026-08-20 13:08:00,BANKNIFTY29SEP2657500CE,57500.0,CE,29SEP2026,1177.15,1178.0,1177.15,1178.0,12
2026-08-20 13:08:00,BANKNIFTY29SEP2657500PE,57500.0,PE,29SEP2026,573.85,573.85,570.9,572.4,5
2026-08-20 13:09:00,BANKNIFTY29SEP2656500PE,56500.0,PE,29SEP2026,304.0,304.9,304.0,304.85,12
2026-08-20 13:09:00,BANKNIFTY29SEP2656800PE,56800.0,PE,29SEP2026,372.95,372.95,372.0,372.0,2
2026-08-20 13:09:00,BANKNIFTY29SEP2657000CE,57000.0,CE,29SEP2026,1520.0,1531.0,1520.0,1525.7,51
2026-08-20 13:09:00,BANKNIFTY29SEP2657000PE,57000.0,PE,29SEP2026,422.0,423.2,422.0,423.2,12
2026-08-20 13:09:00,BANKNIFTY29SEP2657100PE,57100.0,PE,29SEP2026,453.45,453.45,453.45,453.45,1
2026-08-20 13:09:00,BANKNIFTY29SEP2657300PE,57300.0,PE,29SEP2026,510.6,510.6,510.6,510.6,1
2026-08-20 13:09:00,BANKNIFTY29SEP2657400PE,57400.0,PE,29SEP2026,546.45,546.75,546.45,546.75,3
2026-08-20 13:09:00,BANKNIFTY29SEP2657500CE,57500.0,CE,29SEP2026,1174.45,1180.85,1174.25,1180.85,9
2026-08-20 13:09:00,BANKNIFTY29SEP2657500PE,57500.0,PE,29SEP2026,573.25,574.2,572.95,573.7,12
2026-08-20 13:10:00,BANKNIFTY29SEP2656000PE,56000.0,PE,29SEP2026,216.7,216.7,216.7,216.7,2
2026-08-20 13:10:00,BANKNIFTY29SEP2656500PE,56500.0,PE,29SEP2026,303.05,303.65,302.0,302.0,6
2026-08-20 13:10:00,BANKNIFTY29SEP2656700PE,56700.0,PE,29SEP2026,343.8,343.8,341.75,341.75,5
2026-08-20 13:10:00,BANKNIFTY29SEP2657000CE,57000.0,CE,29SEP2026,1524.85,1533.7,1523.9,1533.7,4
2026-08-20 13:10:00,BANKNIFTY29SEP2657000PE,57000.0,PE,29SEP2026,422.0,422.0,422.0,422.0,1
2026-08-20 13:10:00,BANKNIFTY29SEP2657100PE,57100.0,PE,29SEP2026,450.0,450.0,450.0,450.0,3
2026-08-20 13:10:00,BANKNIFTY29SEP2657200CE,57200.0,CE,29SEP2026,1390.5,1390.55,1390.5,1390.55,5
2026-08-20 13:10:00,BANKNIFTY29SEP2657200PE,57200.0,PE,29SEP2026,480.9,482.7,480.9,482.7,5
2026-08-20 13:10:00,BANKNIFTY29SEP2657300PE,57300.0,PE,29SEP2026,510.0,510.0,510.0,510.0,2
2026-08-20 13:10:00,BANKNIFTY29SEP2657400CE,57400.0,CE,29SEP2026,1251.6,1251.65,1251.6,1251.65,2
2026-08-20 13:10:00,BANKNIFTY29SEP2657500CE,57500.0,CE,29SEP2026,1182.7,1182.7,1178.65,1178.65,5
2026-08-20 13:10:00,BANKNIFTY29SEP2657500PE,57500.0,PE,29SEP2026,571.65,573.5,570.0,570.0,60
2026-08-20 13:11:00,BANKNIFTY29SEP2655500CE,55500.0,CE,29SEP2026,2747.55,2747.55,2747.55,2747.55,1
2026-08-20 13:11:00,BANKNIFTY29SEP2655500PE,55500.0,PE,29SEP2026,154.4,154.4,154.1,154.4,7
2026-08-20 13:11:00,BANKNIFTY29SEP2656000PE,56000.0,PE,29SEP2026,216.05,216.05,216.0,216.0,2
2026-08-20 13:11:00,BANKNIFTY29SEP2656200PE,56200.0,PE,29SEP2026,248.0,248.0,248.0,248.0,6
2026-08-20 13:11:00,BANKNIFTY29SEP2656500PE,56500.0,PE,29SEP2026,302.05,302.05,302.0,302.0,6
2026-08-20 13:11:00,BANKNIFTY29SEP2656800PE,56800.0,PE,29SEP2026,370.0,370.0,370.0,370.0,6
2026-08-20 13:11:00,BANKNIFTY29SEP2657000CE,57000.0,CE,29SEP2026,1521.05,1521.05,1520.6,1520.6,5
2026-08-20 13:11:00,BANKNIFTY29SEP2657000PE,57000.0,PE,29SEP2026,420.6,421.15,420.0,420.0,29
2026-08-20 13:11:00,BANKNIFTY29SEP2657200PE,57200.0,PE,29SEP2026,479.85,480.7,478.15,480.3,7
2026-08-20 13:11:00,BANKNIFTY29SEP2657300CE,57300.0,CE,29SEP2026,1313.9,1313.9,1313.9,1313.9,1
2026-08-20 13:11:00,BANKNIFTY29SEP2657300PE,57300.0,PE,29SEP2026,510.7,511.85,510.7,511.2,3
2026-08-20 13:11:00,BANKNIFTY29SEP2657400CE,57400.0,CE,29SEP2026,1253.05,1253.05,1243.35,1243.35,2
2026-08-20 13:11:00,BANKNIFTY29SEP2657400PE,57400.0,PE,29SEP2026,540.85,543.25,540.85,542.5,15
2026-08-20 13:11:00,BANKNIFTY29SEP2657500CE,57500.0,CE,29SEP2026,1176.25,1176.25,1176.25,1176.25,1
2026-08-20 13:11:00,BANKNIFTY29SEP2657500PE,57500.0,PE,29SEP2026,568.5,574.2,567.05,574.2,32
2026-08-20 13:12:00,BANKNIFTY29SEP2655500PE,55500.0,PE,29SEP2026,154.0,154.0,153.9,153.9,2
2026-08-20 13:12:00,BANKNIFTY29SEP2656500PE,56500.0,PE,29SEP2026,304.5,304.55,302.0,302.1,9
2026-08-20 13:12:00,BANKNIFTY29SEP2656600PE,56600.0,PE,29SEP2026,325.0,325.0,325.0,325.0,1
2026-08-20 13:12:00,BANKNIFTY29SEP2656800PE,56800.0,PE,29SEP2026,369.0,369.0,369.0,369.0,1
2026-08-20 13:12:00,BANKNIFTY29SEP2657000CE,57000.0,CE,29SEP2026,1524.9,1524.9,1522.0,1522.0,2
2026-08-20 13:12:00,BANKNIFTY29SEP2657000PE,57000.0,PE,29SEP2026,423.45,423.45,419.85,420.65,6
2026-08-20 13:12:00,BANKNIFTY29SEP2657200PE,57200.0,PE,29SEP2026,480.55,482.65,478.35,479.55,18
2026-08-20 13:12:00,BANKNIFTY29SEP2657300PE,57300.0,PE,29SEP2026,513.05,513.05,511.35,511.35,2
2026-08-20 13:12:00,BANKNIFTY29SEP2657400CE,57400.0,CE,29SEP2026,1242.95,1247.65,1242.95,1247.65,3
2026-08-20 13:12:00,BANKNIFTY29SEP2657400PE,57400.0,PE,29SEP2026,545.8,545.8,540.6,541.1,9
2026-08-20 13:12:00,BANKNIFTY29SEP2657500CE,57500.0,CE,29SEP2026,1178.75,1178.75,1178.45,1178.45,2
2026-08-20 13:12:00,BANKNIFTY29SEP2657500PE,57500.0,PE,29SEP2026,573.6,574.55,568.0,570.0,54
2026-08-20 13:13:00,BANKNIFTY29SEP2655500PE,55500.0,PE,29SEP2026,154.05,155.55,154.05,155.4,3
2026-08-20 13:13:00,BANKNIFTY29SEP2656300PE,56300.0,PE,29SEP2026,264.0,264.0,264.0,264.0,9
2026-08-20 13:13:00,BANKNIFTY29SEP2656500CE,56500.0,CE,29SEP2026,1903.3,1903.7,1901.6,1903.7,4
2026-08-20 13:13:00,BANKNIFTY29SEP2656500PE,56500.0,PE,29SEP2026,302.5,302.5,302.5,302.5,5
2026-08-20 13:13:00,BANKNIFTY29SEP2656800PE,56800.0,PE,29SEP2026,370.0,370.0,370.0,370.0,1
2026-08-20 13:13:00,BANKNIFTY29SEP2657000PE,57000.0,PE,29SEP2026,420.9,421.3,420.0,420.0,7
2026-08-20 13:13:00,BANKNIFTY29SEP2657100PE,57100.0,PE,29SEP2026,450.0,450.0,450.0,450.0,2
2026-08-20 13:13:00,BANKNIFTY29SEP2657400CE,57400.0,CE,29SEP2026,1247.8,1247.8,1247.8,1247.8,1
2026-08-20 13:13:00,BANKNIFTY29SEP2657400PE,57400.0,PE,29SEP2026,540.6,540.6,540.6,540.6,1
2026-08-20 13:13:00,BANKNIFTY29SEP2657500CE,57500.0,CE,29SEP2026,1179.9,1179.9,1179.9,1179.9,1
2026-08-20 13:13:00,BANKNIFTY29SEP2657500PE,57500.0,PE,29SEP2026,571.8,571.8,571.8,571.8,1
2026-08-20 13:14:00,BANKNIFTY29SEP2656300PE,56300.0,PE,29SEP2026,264.0,264.0,264.0,264.0,1
2026-08-20 13:14:00,BANKNIFTY29SEP2656500PE,56500.0,PE,29SEP2026,303.75,303.8,303.75,303.8,8
2026-08-20 13:14:00,BANKNIFTY29SEP2657300PE,57300.0,PE,29SEP2026,510.4,512.5,509.75,511.65,7
2026-08-20 13:14:00,BANKNIFTY29SEP2657400PE,57400.0,PE,29SEP2026,544.05,544.05,542.8,543.2,3
2026-08-20 13:14:00,BANKNIFTY29SEP2657500PE,57500.0,PE,29SEP2026,572.9,574.05,572.3,574.05,4
2026-08-20 13:15:00,BANKNIFTY29SEP2655500PE,55500.0,PE,29SEP2026,155.95,156.05,155.95,156.05,10
2026-08-20 13:15:00,BANKNIFTY29SEP2656000PE,56000.0,PE,29SEP2026,217.9,217.9,217.65,217.85,6
2026-08-20 13:15:00,BANKNIFTY29SEP2656500PE,56500.0,PE,29SEP2026,302.6,302.6,302.6,302.6,1
2026-08-20 13:15:00,BANKNIFTY29SEP2657000CE,57000.0,CE,29SEP2026,1514.1,1514.1,1514.1,1514.1,1
2026-08-20 13:15:00,BANKNIFTY29SEP2657000PE,57000.0,PE,29SEP2026,422.6,422.6,421.5,421.5,3
2026-08-20 13:15:00,BANKNIFTY29SEP2657200PE,57200.0,PE,29SEP2026,481.2,481.2,481.2,481.2,1
2026-08-20 13:15:00,BANKNIFTY29SEP2657300PE,57300.0,PE,29SEP2026,511.4,513.7,511.4,513.7,2
2026-08-20 13:15:00,BANKNIFTY29SEP2657500CE,57500.0,CE,29SEP2026,1177.2,1177.2,1175.0,1175.0,3
2026-08-20 13:15:00,BANKNIFTY29SEP2657500PE,57500.0,PE,29SEP2026,569.95,569.95,569.95,569.95,1
2026-08-20 13:16:00,BANKNIFTY29SEP2655500PE,55500.0,PE,29SEP2026,155.75,155.75,155.75,155.75,1
2026-08-20 13:16:00,BANKNIFTY29SEP2656000CE,56000.0,CE,29SEP2026,2298.15,2298.15,2298.15,2298.15,1
2026-08-20 13:16:00,BANKNIFTY29SEP2656000PE,56000.0,PE,29SEP2026,216.15,217.85,216.0,217.85,12
2026-08-20 13:16:00,BANKNIFTY29SEP2656500PE,56500.0,PE,29SEP2026,302.2,302.2,301.95,301.95,2
2026-08-20 13:16:00,BANKNIFTY29SEP2656800PE,56800.0,PE,29SEP2026,370.05,370.05,370.05,370.05,1
2026-08-20 13:16:00,BANKNIFTY29SEP2657000PE,57000.0,PE,29SEP2026,421.0,421.0,421.0,421.0,2
2026-08-20 13:16:00,BANKNIFTY29SEP2657400PE,57400.0,PE,29SEP2026,543.8,544.2,542.15,542.15,5
2026-08-20 13:16:00,BANKNIFTY29SEP2657500CE,57500.0,CE,29SEP2026,1174.75,1177.55,1174.75,1177.55,2
2026-08-20 13:16:00,BANKNIFTY29SEP2657500PE,57500.0,PE,29SEP2026,572.0,572.45,569.75,570.8,6
2026-08-20 13:17:00,BANKNIFTY29SEP2655500CE,55500.0,CE,29SEP2026,2736.8,2736.8,2736.8,2736.8,3
2026-08-20 13:17:00,BANKNIFTY29SEP2655500PE,55500.0,PE,29SEP2026,154.3,154.3,153.9,153.9,3
2026-08-20 13:17:00,BANKNIFTY29SEP2656000PE,56000.0,PE,29SEP2026,217.65,218.3,216.05,218.3,5
2026-08-20 13:17:00,BANKNIFTY29SEP2656200PE,56200.0,PE,29SEP2026,248.0,248.0,248.0,248.0,1
2026-08-20 13:17:00,BANKNIFTY29SEP2656300PE,56300.0,PE,29SEP2026,264.35,264.35,264.35,264.35,1
2026-08-20 13:17:00,BANKNIFTY29SEP2656500CE,56500.0,CE,29SEP2026,1903.65,1903.65,1894.2,1898.0,22
2026-08-20 13:17:00,BANKNIFTY29SEP2656500PE,56500.0,PE,29SEP2026,301.15,303.5,301.15,303.5,3
2026-08-20 13:17:00,BANKNIFTY29SEP2656800PE,56800.0,PE,29SEP2026,370.0,370.0,370.0,370.0,1
2026-08-20 13:17:00,BANKNIFTY29SEP2657100PE,57100.0,PE,29SEP2026,450.0,450.0,450.0,450.0,2
2026-08-20 13:17:00,BANKNIFTY29SEP2657300PE,57300.0,PE,29SEP2026,509.35,509.35,507.6,507.6,2
2026-08-20 13:17:00,BANKNIFTY29SEP2657400CE,57400.0,CE,29SEP2026,1245.3,1245.3,1245.3,1245.3,1
2026-08-20 13:17:00,BANKNIFTY29SEP2657400PE,57400.0,PE,29SEP2026,540.75,543.45,540.75,543.45,3
2026-08-20 13:17:00,BANKNIFTY29SEP2657500CE,57500.0,CE,29SEP2026,1178.0,1178.0,1169.5,1169.5,5
2026-08-20 13:17:00,BANKNIFTY29SEP2657500PE,57500.0,PE,29SEP2026,570.8,572.0,570.8,572.0,10
2026-08-20 13:18:00,BANKNIFTY29SEP2655500PE,55500.0,PE,29SEP2026,155.7,155.7,154.75,154.75,3
2026-08-20 13:18:00,BANKNIFTY29SEP2656000PE,56000.0,PE,29SEP2026,218.6,219.1,218.3,218.3,7
2026-08-20 13:18:00,BANKNIFTY29SEP2656500PE,56500.0,PE,29SEP2026,303.3,304.35,303.3,304.35,2
2026-08-20 13:18:00,BANKNIFTY29SEP2657000CE,57000.0,CE,29SEP2026,1518.0,1518.0,1514.3,1514.3,5
2026-08-20 13:18:00,BANKNIFTY29SEP2657000PE,57000.0,PE,29SEP2026,423.5,423.8,423.5,423.8,2
2026-08-20 13:18:00,BANKNIFTY29SEP2657300CE,57300.0,CE,29SEP2026,1297.35,1297.35,1297.35,1297.35,1
2026-08-20 13:18:00,BANKNIFTY29SEP2657300PE,57300.0,PE,29SEP2026,513.85,513.85,513.85,513.85,1
2026-08-20 13:18:00,BANKNIFTY29SEP2657400PE,57400.0,PE,29SEP2026,543.9,545.7,543.9,545.7,2
2026-08-20 13:18:00,BANKNIFTY29SEP2657500PE,57500.0,PE,29SEP2026,574.0,574.0,574.0,574.0,1
2026-08-20 13:19:00,BANKNIFTY29SEP2655500PE,55500.0,PE,29SEP2026,156.45,156.45,156.45,156.45,1
2026-08-20 13:19:00,BANKNIFTY29SEP2656000PE,56000.0,PE,29SEP2026,219.15,219.15,218.8,218.8,2
2026-08-20 13:19:00,BANKNIFTY29SEP2656500PE,56500.0,PE,29SEP2026,303.65,304.25,303.4,303.55,11
2026-08-20 13:19:00,BANKNIFTY29SEP2656700PE,56700.0,PE,29SEP2026,343.45,343.45,341.85,341.85,6
2026-08-20 13:19:00,BANKNIFTY29SEP2656800PE,56800.0,PE,29SEP2026,370.0,370.0,370.0,370.0,1
2026-08-20 13:19:00,BANKNIFTY29SEP2657000CE,57000.0,CE,29SEP2026,1514.3,1514.3,1514.3,1514.3,3
2026-08-20 13:19:00,BANKNIFTY29SEP2657000PE,57000.0,PE,29SEP2026,423.8,423.8,419.85,419.85,5
2026-08-20 13:19:00,BANKNIFTY29SEP2657200PE,57200.0,PE,29SEP2026,482.85,482.85,482.85,482.85,1
2026-08-20 13:19:00,BANKNIFTY29SEP2657300PE,57300.0,PE,29SEP2026,513.9,513.9,513.85,513.85,5
2026-08-20 13:19:00,BANKNIFTY29SEP2657400CE,57400.0,CE,29SEP2026,1242.45,1242.45,1242.45,1242.45,1
2026-08-20 13:19:00,BANKNIFTY29SEP2657500CE,57500.0,CE,29SEP2026,1172.0,1172.0,1172.0,1172.0,2
2026-08-20 13:19:00,BANKNIFTY29SEP2657500PE,57500.0,PE,29SEP2026,574.0,575.0,574.0,575.0,7
2026-08-20 13:20:00,BANKNIFTY29SEP2655500PE,55500.0,PE,29SEP2026,156.8,156.8,156.8,156.8,1
2026-08-20 13:20:00,BANKNIFTY29SEP2656000PE,56000.0,PE,29SEP2026,219.7,219.75,219.7,219.75,2
2026-08-20 13:20:00,BANKNIFTY29SEP2656500CE,56500.0,CE,29SEP2026,1880.5,1880.5,1880.5,1880.5,2
2026-08-20 13:20:00,BANKNIFTY29SEP2656500PE,56500.0,PE,29SEP2026,304.05,304.05,304.0,304.0,3
2026-08-20 13:20:00,BANKNIFTY29SEP2656600PE,56600.0,PE,29SEP2026,321.7,321.7,321.7,321.7,1
2026-08-20 13:20:00,BANKNIFTY29SEP2657000PE,57000.0,PE,29SEP2026,422.95,422.95,422.95,422.95,1
2026-08-20 13:20:00,BANKNIFTY29SEP2657300PE,57300.0,PE,29SEP2026,513.25,513.25,513.25,513.25,1
2026-08-20 13:20:00,BANKNIFTY29SEP2657500CE,57500.0,CE,29SEP2026,1171.2,1175.35,1171.2,1175.35,4
2026-08-20 13:20:00,BANKNIFTY29SEP2657500PE,57500.0,PE,29SEP2026,575.0,575.7,574.0,575.7,6
2026-08-20 13:21:00,BANKNIFTY29SEP2655500PE,55500.0,PE,29SEP2026,157.2,157.2,156.45,156.45,2
2026-08-20 13:21:00,BANKNIFTY29SEP2656200PE,56200.0,PE,29SEP2026,252.7,252.7,252.7,252.7,1
2026-08-20 13:21:00,BANKNIFTY29SEP2656300PE,56300.0,PE,29SEP2026,264.95,265.0,264.95,265.0,7
2026-08-20 13:21:00,BANKNIFTY29SEP2656500PE,56500.0,PE,29SEP2026,304.05,304.05,304.0,304.0,9
2026-08-20 13:21:00,BANKNIFTY29SEP2656600PE,56600.0,PE,29SEP2026,330.4,330.4,330.4,330.4,1
2026-08-20 13:21:00,BANKNIFTY29SEP2657000CE,57000.0,CE,29SEP2026,1523.25,1523.3,1523.25,1523.3,2
2026-08-20 13:21:00,BANKNIFTY29SEP2657000PE,57000.0,PE,29SEP2026,423.0,423.0,420.45,420.45,6
2026-08-20 13:21:00,BANKNIFTY29SEP2657100PE,57100.0,PE,29SEP2026,449.65,449.65,449.65,449.65,1
2026-08-20 13:21:00,BANKNIFTY29SEP2657200PE,57200.0,PE,29SEP2026,481.0,481.0,481.0,481.0,1
2026-08-20 13:21:00,BANKNIFTY29SEP2657300PE,57300.0,PE,29SEP2026,515.0,515.0,515.0,515.0,1
2026-08-20 13:21:00,BANKNIFTY29SEP2657400CE,57400.0,CE,29SEP2026,1243.45,1243.45,1241.3,1241.3,2
2026-08-20 13:22:00,BANKNIFTY29SEP2655500PE,55500.0,PE,29SEP2026,156.25,156.25,156.25,156.25,1
2026-08-20 13:22:00,BANKNIFTY29SEP2656000PE,56000.0,PE,29SEP2026,218.55,218.55,218.55,218.55,1
2026-08-20 13:22:00,BANKNIFTY29SEP2656300PE,56300.0,PE,29SEP2026,265.0,265.0,265.0,265.0,4
2026-08-20 13:22:00,BANKNIFTY29SEP2657000CE,57000.0,CE,29SEP2026,1522.55,1522.55,1522.55,1522.55,1
2026-08-20 13:22:00,BANKNIFTY29SEP2657000PE,57000.0,PE,29SEP2026,420.95,422.7,417.9,418.05,53
2026-08-20 13:22:00,BANKNIFTY29SEP2657200PE,57200.0,PE,29SEP2026,481.0,481.35,480.35,480.35,3
2026-08-20 13:22:00,BANKNIFTY29SEP2657300PE,57300.0,PE,29SEP2026,512.2,512.2,511.4,511.4,4
2026-08-20 13:22:00,BANKNIFTY29SEP2657400CE,57400.0,CE,29SEP2026,1247.2,1247.2,1247.2,1247.2,1
2026-08-20 13:22:00,BANKNIFTY29SEP2657400PE,57400.0,PE,29SEP2026,545.0,545.0,545.0,545.0,1
2026-08-20 13:22:00,BANKNIFTY29SEP2657500PE,57500.0,PE,29SEP2026,573.15,573.15,573.15,573.15,1
2026-08-20 13:23:00,BANKNIFTY29SEP2655500PE,55500.0,PE,29SEP2026,156.7,156.7,155.2,156.6,11
2026-08-20 13:23:00,BANKNIFTY29SEP2655800CE,55800.0,CE,29SEP2026,2505.9,2509.6,2474.75,2474.8,0
2026-08-20 13:23:00,BANKNIFTY29SEP2656000PE,56000.0,PE,29SEP2026,217.3,219.8,216.95,218.65,10
2026-08-20 13:23:00,BANKNIFTY29SEP2656200PE,56200.0,PE,29SEP2026,252.4,252.4,252.4,252.4,1
2026-08-20 13:23:00,BANKNIFTY29SEP2656500PE,56500.0,PE,29SEP2026,302.85,305.75,300.5,302.6,28
2026-08-20 13:23:00,BANKNIFTY29SEP2656800PE,56800.0,PE,29SEP2026,373.75,373.75,373.7,373.75,5
2026-08-20 13:23:00,BANKNIFTY29SEP2657000CE,57000.0,CE,29SEP2026,1522.5,1522.5,1519.45,1519.45,3
2026-08-20 13:23:00,BANKNIFTY29SEP2657000PE,57000.0,PE,29SEP2026,420.6,424.0,419.75,424.0,20
2026-08-20 13:23:00,BANKNIFTY29SEP2657200CE,57200.0,CE,29SEP2026,1381.55,1383.05,1381.55,1383.05,8
2026-08-20 13:23:00,BANKNIFTY29SEP2657200PE,57200.0,PE,29SEP2026,480.05,483.4,480.05,480.65,12
2026-08-20 13:23:00,BANKNIFTY29SEP2657300PE,57300.0,PE,29SEP2026,512.55,513.0,512.55,513.0,8
2026-08-20 13:23:00,BANKNIFTY29SEP2657400CE,57400.0,CE,29SEP2026,1246.15,1246.2,1246.15,1246.2,2
2026-08-20 13:23:00,BANKNIFTY29SEP2657400PE,57400.0,PE,29SEP2026,545.75,545.75,544.4,544.4,3
2026-08-20 13:23:00,BANKNIFTY29SEP2657500CE,57500.0,CE,29SEP2026,1172.1,1172.1,1172.1,1172.1,1
2026-08-20 13:23:00,BANKNIFTY29SEP2657500PE,57500.0,PE,29SEP2026,574.25,574.3,574.25,574.25,4
2026-08-20 13:24:00,BANKNIFTY29SEP2655500PE,55500.0,PE,29SEP2026,156.45,156.55,156.3,156.55,3
2026-08-20 13:24:00,BANKNIFTY29SEP2656000PE,56000.0,PE,29SEP2026,217.1,217.1,216.25,216.25,6
2026-08-20 13:24:00,BANKNIFTY29SEP2656300PE,56300.0,PE,29SEP2026,265.0,265.0,265.0,265.0,1
2026-08-20 13:24:00,BANKNIFTY29SEP2656500PE,56500.0,PE,29SEP2026,302.35,302.35,302.35,302.35,1
2026-08-20 13:24:00,BANKNIFTY29SEP2656700CE,56700.0,CE,29SEP2026,1751.65,1751.65,1751.65,1751.65,1
2026-08-20 13:24:00,BANKNIFTY29SEP2657000PE,57000.0,PE,29SEP2026,421.0,421.25,421.0,421.25,2
2026-08-20 13:24:00,BANKNIFTY29SEP2657100PE,57100.0,PE,29SEP2026,449.7,449.7,449.65,449.65,2
2026-08-20 13:24:00,BANKNIFTY29SEP2657300PE,57300.0,PE,29SEP2026,512.45,512.45,512.45,512.45,1
2026-08-20 13:24:00,BANKNIFTY29SEP2657500CE,57500.0,CE,29SEP2026,1171.65,1171.65,1171.6,1171.6,2
2026-08-20 13:25:00,BANKNIFTY29SEP2655500PE,55500.0,PE,29SEP2026,155.25,155.95,155.25,155.3,5
2026-08-20 13:25:00,BANKNIFTY29SEP2656300PE,56300.0,PE,29SEP2026,265.8,265.8,265.8,265.8,3
2026-08-20 13:25:00,BANKNIFTY29SEP2656500CE,56500.0,CE,29SEP2026,1890.0,1890.0,1890.0,1890.0,1
2026-08-20 13:25:00,BANKNIFTY29SEP2656500PE,56500.0,PE,29SEP2026,304.35,305.1,302.55,305.0,12
2026-08-20 13:25:00,BANKNIFTY29SEP2656800PE,56800.0,PE,29SEP2026,370.15,370.8,370.15,370.65,6
2026-08-20 13:25:00,BANKNIFTY29SEP2657000CE,57000.0,CE,29SEP2026,1515.45,1515.45,1512.0,1512.0,9
2026-08-20 13:25:00,BANKNIFTY29SEP2657000PE,57000.0,PE,29SEP2026,421.95,422.25,420.0,422.0,206
2026-08-20 13:25:00,BANKNIFTY29SEP2657100PE,57100.0,PE,29SEP2026,451.35,451.35,450.9,450.9,2
2026-08-20 13:25:00,BANKNIFTY29SEP2657200PE,57200.0,PE,29SEP2026,479.5,482.6,479.5,479.75,17
2026-08-20 13:25:00,BANKNIFTY29SEP2657300CE,57300.0,CE,29SEP2026,1303.25,1303.25,1303.25,1303.25,1
2026-08-20 13:25:00,BANKNIFTY29SEP2657300PE,57300.0,PE,29SEP2026,512.25,512.25,510.7,510.95,20
2026-08-20 13:25:00,BANKNIFTY29SEP2657400CE,57400.0,CE,29SEP2026,1239.6,1239.6,1234.4,1237.35,5
2026-08-20 13:25:00,BANKNIFTY29SEP2657400PE,57400.0,PE,29SEP2026,542.2,544.45,542.2,544.2,12
2026-08-20 13:25:00,BANKNIFTY29SEP2657500CE,57500.0,CE,29SEP2026,1175.0,1175.0,1167.25,1167.25,8
2026-08-20 13:25:00,BANKNIFTY29SEP2657500PE,57500.0,PE,29SEP2026,574.0,574.55,572.9,572.9,5
2026-08-20 13:26:00,BANKNIFTY29SEP2655500PE,55500.0,PE,29SEP2026,155.3,157.6,155.0,157.6,20
2026-08-20 13:26:00,BANKNIFTY29SEP2656300PE,56300.0,PE,29SEP2026,266.25,267.0,266.2,266.2,12
2026-08-20 13:26:00,BANKNIFTY29SEP2656500CE,56500.0,CE,29SEP2026,1884.0,1884.0,1884.0,1884.0,1
2026-08-20 13:26:00,BANKNIFTY29SEP2656500PE,56500.0,PE,29SEP2026,302.35,304.6,302.2,304.6,9
2026-08-20 13:26:00,BANKNIFTY29SEP2656600PE,56600.0,PE,29SEP2026,322.85,322.85,322.85,322.85,1
2026-08-20 13:26:00,BANKNIFTY29SEP2656800PE,56800.0,PE,29SEP2026,370.35,370.35,370.35,370.35,1
2026-08-20 13:26:00,BANKNIFTY29SEP2657000CE,57000.0,CE,29SEP2026,1513.25,1513.25,1510.0,1510.0,6
2026-08-20 13:26:00,BANKNIFTY29SEP2657000PE,57000.0,PE,29SEP2026,420.25,423.8,420.2,420.9,9
2026-08-20 13:26:00,BANKNIFTY29SEP2657100PE,57100.0,PE,29SEP2026,449.7,451.3,449.65,451.3,3
2026-08-20 13:26:00,BANKNIFTY29SEP2657200PE,57200.0,PE,29SEP2026,479.1,483.3,479.0,483.3,21
2026-08-20 13:26:00,BANKNIFTY29SEP2657300PE,57300.0,PE,29SEP2026,510.85,514.8,510.8,514.35,23
2026-08-20 13:26:00,BANKNIFTY29SEP2657400CE,57400.0,CE,29SEP2026,1233.85,1236.25,1229.2,1229.2,8
2026-08-20 13:26:00,BANKNIFTY29SEP2657400PE,57400.0,PE,29SEP2026,542.6,547.25,542.55,547.0,64
2026-08-20 13:26:00,BANKNIFTY29SEP2657500CE,57500.0,CE,29SEP2026,1170.25,1170.25,1163.6,1165.15,9
2026-08-20 13:26:00,BANKNIFTY29SEP2657500PE,57500.0,PE,29SEP2026,571.75,576.7,571.75,576.7,10
2026-08-20 13:27:00,BANKNIFTY29SEP2655500PE,55500.0,PE,29SEP2026,157.45,157.45,157.45,157.45,1
2026-08-20 13:27:00,BANKNIFTY29SEP2656000PE,56000.0,PE,29SEP2026,218.75,220.0,217.65,220.0,12
2026-08-20 13:27:00,BANKNIFTY29SEP2656500CE,56500.0,CE,29SEP2026,1878.0,1878.0,1878.0,1878.0,2
2026-08-20 13:27:00,BANKNIFTY29SEP2656500PE,56500.0,PE,29SEP2026,304.05,304.05,304.0,304.05,4
2026-08-20 13:27:00,BANKNIFTY29SEP2656700PE,56700.0,PE,29SEP2026,348.85,349.0,348.85,349.0,3
2026-08-20 13:27:00,BANKNIFTY29SEP2656800PE,56800.0,PE,29SEP2026,374.95,375.0,374.95,375.0,22
2026-08-20 13:27:00,BANKNIFTY29SEP2657000CE,57000.0,CE,29SEP2026,1504.0,1504.0,1504.0,1504.0,3
2026-08-20 13:27:00,BANKNIFTY29SEP2657000PE,57000.0,PE,29SEP2026,422.2,426.25,422.2,426.15,6
2026-08-20 13:27:00,BANKNIFTY29SEP2657200PE,57200.0,PE,29SEP2026,483.0,483.0,483.0,483.0,1
2026-08-20 13:27:00,BANKNIFTY29SEP2657300CE,57300.0,CE,29SEP2026,1301.4,1301.4,1301.4,1301.4,1
2026-08-20 13:27:00,BANKNIFTY29SEP2657300PE,57300.0,PE,29SEP2026,517.8,517.8,517.6,517.6,4
2026-08-20 13:27:00,BANKNIFTY29SEP2657400CE,57400.0,CE,29SEP2026,1229.2,1229.2,1229.2,1229.2,1
2026-08-20 13:27:00,BANKNIFTY29SEP2657400PE,57400.0,PE,29SEP2026,549.3,549.3,549.3,549.3,1
2026-08-20 13:27:00,BANKNIFTY29SEP2657500CE,57500.0,CE,29SEP2026,1169.1,1169.1,1160.1,1161.0,23
2026-08-20 13:27:00,BANKNIFTY29SEP2657500PE,57500.0,PE,29SEP2026,576.7,576.7,576.7,576.7,1
2026-08-20 13:28:00,BANKNIFTY29SEP2655500PE,55500.0,PE,29SEP2026,157.45,157.45,157.45,157.45,1
2026-08-20 13:28:00,BANKNIFTY29SEP2656000PE,56000.0,PE,29SEP2026,219.9,220.55,218.25,218.25,18
2026-08-20 13:28:00,BANKNIFTY29SEP2656300PE,56300.0,PE,29SEP2026,267.0,267.0,267.0,267.0,3
2026-08-20 13:28:00,BANKNIFTY29SEP2656500PE,56500.0,PE,29SEP2026,305.0,305.0,305.0,305.0,1
2026-08-20 13:28:00,BANKNIFTY29SEP2657400PE,57400.0,PE,29SEP2026,548.9,548.9,548.9,548.9,1
2026-08-20 13:28:00,BANKNIFTY29SEP2657500CE,57500.0,CE,29SEP2026,1164.1,1165.65,1164.1,1165.65,7
2026-08-20 13:28:00,BANKNIFTY29SEP2657500PE,57500.0,PE,29SEP2026,579.0,579.25,579.0,579.0,12
2026-08-20 13:29:00,BANKNIFTY29SEP2655500CE,55500.0,CE,29SEP2026,2720.0,2720.0,2720.0,2720.0,1
2026-08-20 13:29:00,BANKNIFTY29SEP2656300PE,56300.0,PE,29SEP2026,267.0,267.0,267.0,267.0,2
2026-08-20 13:29:00,BANKNIFTY29SEP2656500PE,56500.0,PE,29SEP2026,306.0,306.0,305.1,305.1,4
2026-08-20 13:29:00,BANKNIFTY29SEP2657000CE,57000.0,CE,29SEP2026,1511.55,1511.55,1511.55,1511.55,2
2026-08-20 13:29:00,BANKNIFTY29SEP2657000PE,57000.0,PE,29SEP2026,424.65,424.85,424.65,424.85,3
2026-08-20 13:29:00,BANKNIFTY29SEP2657200PE,57200.0,PE,29SEP2026,483.25,483.25,483.25,483.25,1
2026-08-20 13:29:00,BANKNIFTY29SEP2657400PE,57400.0,PE,29SEP2026,547.5,547.5,547.5,547.5,1
2026-08-20 13:29:00,BANKNIFTY29SEP2657500CE,57500.0,CE,29SEP2026,1164.85,1164.85,1164.85,1164.85,1
2026-08-20 13:29:00,BANKNIFTY29SEP2657500PE,57500.0,PE,29SEP2026,578.65,579.05,576.65,576.65,69
2026-08-20 13:30:00,BANKNIFTY29SEP2655500PE,55500.0,PE,29SEP2026,156.25,156.25,155.2,156.25,34
2026-08-20 13:30:00,BANKNIFTY29SEP2656000PE,56000.0,PE,29SEP2026,218.95,220.0,217.5,218.9,49
2026-08-20 13:30:00,BANKNIFTY29SEP2656500PE,56500.0,PE,29SEP2026,305.0,305.3,305.0,305.3,5
2026-08-20 13:30:00,BANKNIFTY29SEP2657000CE,57000.0,CE,29SEP2026,1508.0,1508.0,1500.0,1500.3,10
2026-08-20 13:30:00,BANKNIFTY29SEP2657000PE,57000.0,PE,29SEP2026,425.0,427.8,424.5,425.8,14
2026-08-20 13:30:00,BANKNIFTY29SEP2657100PE,57100.0,PE,29SEP2026,454.9,454.9,454.75,454.75,4
2026-08-20 13:30:00,BANKNIFTY29SEP2657200PE,57200.0,PE,29SEP2026,485.85,486.0,485.5,485.5,5
2026-08-20 13:30:00,BANKNIFTY29SEP2657300PE,57300.0,PE,29SEP2026,517.45,517.55,517.4,517.55,5
2026-08-20 13:30:00,BANKNIFTY29SEP2657400PE,57400.0,PE,29SEP2026,547.8,550.1,547.75,549.75,8
2026-08-20 13:30:00,BANKNIFTY29SEP2657500CE,57500.0,CE,29SEP2026,1164.1,1166.35,1159.6,1159.6,79
2026-08-20 13:30:00,BANKNIFTY29SEP2657500PE,57500.0,PE,29SEP2026,577.65,580.0,575.6,579.85,22
2026-08-20 13:31:00,BANKNIFTY29SEP2655500PE,55500.0,PE,29SEP2026,156.45,156.5,156.3,156.3,7
2026-08-20 13:31:00,BANKNIFTY29SEP2656000PE,56000.0,PE,29SEP2026,219.9,219.9,219.9,219.9,1
2026-08-20 13:31:00,BANKNIFTY29SEP2656300PE,56300.0,PE,29SEP2026,268.4,270.0,268.0,268.0,13
2026-08-20 13:31:00,BANKNIFTY29SEP2656500PE,56500.0,PE,29SEP2026,305.05,308.35,305.0,306.0,17
2026-08-20 13:31:00,BANKNIFTY29SEP2657000CE,57000.0,CE,29SEP2026,1501.45,1501.45,1501.45,1501.45,1
2026-08-20 13:31:00,BANKNIFTY29SEP2657000PE,57000.0,PE,29SEP2026,423.55,427.65,423.55,425.9,11
2026-08-20 13:31:00,BANKNIFTY29SEP2657300PE,57300.0,PE,29SEP2026,517.1,517.1,517.1,517.1,1
2026-08-20 13:31:00,BANKNIFTY29SEP2657500CE,57500.0,CE,29SEP2026,1159.6,1161.9,1159.35,1161.9,4
2026-08-20 13:31:00,BANKNIFTY29SEP2657500PE,57500.0,PE,29SEP2026,576.4,580.0,576.4,577.65,11
2026-08-20 13:32:00,BANKNIFTY29SEP2655500PE,55500.0,PE,29SEP2026,156.65,156.65,156.05,156.15,7
2026-08-20 13:32:00,BANKNIFTY29SEP2656000PE,56000.0,PE,29SEP2026,219.0,219.0,219.0,219.0,8
2026-08-20 13:32:00,BANKNIFTY29SEP2656200PE,56200.0,PE,29SEP2026,252.4,252.4,252.4,252.4,1
2026-08-20 13:32:00,BANKNIFTY29SEP2656300PE,56300.0,PE,29SEP2026,270.0,270.0,270.0,270.0,1
2026-08-20 13:32:00,BANKNIFTY29SEP2656500CE,56500.0,CE,29SEP2026,1872.0,1872.0,1870.0,1870.0,2
2026-08-20 13:32:00,BANKNIFTY29SEP2656500PE,56500.0,PE,29SEP2026,309.8,309.8,305.4,308.3,4
2026-08-20 13:32:00,BANKNIFTY29SEP2657000CE,57000.0,CE,29SEP2026,1505.5,1505.5,1497.5,1497.5,7
2026-08-20 13:32:00,BANKNIFTY29SEP2657000PE,57000.0,PE,29SEP2026,428.0,428.95,426.5,426.5,14
2026-08-20 13:32:00,BANKNIFTY29SEP2657100PE,57100.0,PE,29SEP2026,457.6,457.6,454.6,454.6,2
2026-08-20 13:32:00,BANKNIFTY29SEP2657200PE,57200.0,PE,29SEP2026,487.8,487.8,487.8,487.8,2
2026-08-20 13:32:00,BANKNIFTY29SEP2657400CE,57400.0,CE,29SEP2026,1229.9,1229.95,1229.9,1229.95,2
2026-08-20 13:32:00,BANKNIFTY29SEP2657400PE,57400.0,PE,29SEP2026,551.45,551.5,551.45,551.5,2
2026-08-20 13:32:00,BANKNIFTY29SEP2657500CE,57500.0,CE,29SEP2026,1159.05,1159.5,1152.05,1159.5,5
2026-08-20 13:32:00,BANKNIFTY29SEP2657500PE,57500.0,PE,29SEP2026,580.0,585.4,579.9,580.0,64
2026-08-20 13:33:00,BANKNIFTY29SEP2655500PE,55500.0,PE,29SEP2026,155.4,155.4,155.4,155.4,1
2026-08-20 13:33:00,BANKNIFTY29SEP2656000PE,56000.0,PE,29SEP2026,220.4,220.45,220.4,220.45,2
2026-08-20 13:33:00,BANKNIFTY29SEP2656500PE,56500.0,PE,29SEP2026,307.0,307.0,305.8,305.8,9
2026-08-20 13:33:00,BANKNIFTY29SEP2657000CE,57000.0,CE,29SEP2026,1503.0,1503.0,1503.0,1503.0,2
2026-08-20 13:33:00,BANKNIFTY29SEP2657000PE,57000.0,PE,29SEP2026,426.55,427.95,425.0,425.0,8
2026-08-20 13:33:00,BANKNIFTY29SEP2657100PE,57100.0,PE,29SEP2026,455.95,455.95,455.95,455.95,1
2026-08-20 13:33:00,BANKNIFTY29SEP2657400PE,57400.0,PE,29SEP2026,550.1,550.1,550.1,550.1,1
2026-08-20 13:33:00,BANKNIFTY29SEP2657500CE,57500.0,CE,29SEP2026,1160.45,1160.45,1160.4,1160.4,2
2026-08-20 13:33:00,BANKNIFTY29SEP2657500PE,57500.0,PE,29SEP2026,578.9,578.9,577.0,577.0,4
2026-08-20 13:34:00,BANKNIFTY29SEP2655500PE,55500.0,PE,29SEP2026,157.1,159.0,154.85,157.55,28
2026-08-20 13:34:00,BANKNIFTY29SEP2657000PE,57000.0,PE,29SEP2026,425.95,426.75,425.55,425.55,28
2026-08-20 13:34:00,BANKNIFTY29SEP2657500PE,57500.0,PE,29SEP2026,577.0,580.9,577.0,580.9,157
2026-08-20 13:35:00,BANKNIFTY29SEP2655500PE,55500.0,PE,29SEP2026,157.7,157.7,157.55,157.55,2
2026-08-20 13:35:00,BANKNIFTY29SEP2656000PE,56000.0,PE,29SEP2026,219.25,219.25,218.2,218.2,6
2026-08-20 13:35:00,BANKNIFTY29SEP2656500PE,56500.0,PE,29SEP2026,305.4,306.5,305.4,306.5,2
2026-08-20 13:35:00,BANKNIFTY29SEP2656700PE,56700.0,PE,29SEP2026,349.0,349.0,349.0,349.0,1
2026-08-20 13:35:00,BANKNIFTY29SEP2657000CE,57000.0,CE,29SEP2026,1504.3,1504.3,1504.3,1504.3,1
2026-08-20 13:35:00,BANKNIFTY29SEP2657000PE,57000.0,PE,29SEP2026,425.95,425.95,425.95,425.95,2
2026-08-20 13:35:00,BANKNIFTY29SEP2657500CE,57500.0,CE,29SEP2026,1163.7,1163.7,1163.7,1163.7,2
2026-08-20 13:35:00,BANKNIFTY29SEP2657500PE,57500.0,PE,29SEP2026,578.4,581.1,577.3,577.3,111
2026-08-20 13:36:00,BANKNIFTY29SEP2656000PE,56000.0,PE,29SEP2026,218.45,218.5,218.45,218.5,4
2026-08-20 13:36:00,BANKNIFTY29SEP2656500PE,56500.0,PE,29SEP2026,304.7,306.45,304.7,306.45,7
2026-08-20 13:36:00,BANKNIFTY29SEP2657000CE,57000.0,CE,29SEP2026,1506.35,1506.35,1506.35,1506.35,3
2026-08-20 13:36:00,BANKNIFTY29SEP2657000PE,57000.0,PE,29SEP2026,425.55,425.55,423.1,424.65,10
2026-08-20 13:36:00,BANKNIFTY29SEP2657100CE,57100.0,CE,29SEP2026,1440.0,1440.0,1440.0,1440.0,1
2026-08-20 13:36:00,BANKNIFTY29SEP2657200PE,57200.0,PE,29SEP2026,483.0,484.95,483.0,484.95,2
2026-08-20 13:36:00,BANKNIFTY29SEP2657400PE,57400.0,PE,29SEP2026,546.45,546.45,546.45,546.45,1
2026-08-20 13:36:00,BANKNIFTY29SEP2657500CE,57500.0,CE,29SEP2026,1164.9,1164.9,1164.9,1164.9,1
2026-08-20 13:36:00,BANKNIFTY29SEP2657500PE,57500.0,PE,29SEP2026,577.6,579.65,576.7,576.8,11
2026-08-20 13:37:00,BANKNIFTY29SEP2655500PE,55500.0,PE,29SEP2026,156.35,156.35,155.9,155.9,7
2026-08-20 13:37:00,BANKNIFTY29SEP2656000PE,56000.0,PE,29SEP2026,221.05,221.1,221.05,221.1,3
2026-08-20 13:37:00,BANKNIFTY29SEP2656500PE,56500.0,PE,29SEP2026,306.45,308.9,306.45,307.05,7
2026-08-20 13:37:00,BANKNIFTY29SEP2656800PE,56800.0,PE,29SEP2026,376.0,376.0,376.0,376.0,3
2026-08-20 13:37:00,BANKNIFTY29SEP2657000PE,57000.0,PE,29SEP2026,427.3,427.6,427.3,427.6,2
2026-08-20 13:37:00,BANKNIFTY29SEP2657300CE,57300.0,CE,29SEP2026,1292.0,1292.0,1292.0,1292.0,1
2026-08-20 13:37:00,BANKNIFTY29SEP2657300PE,57300.0,PE,29SEP2026,519.8,519.8,519.8,519.8,1
2026-08-20 13:37:00,BANKNIFTY29SEP2657400CE,57400.0,CE,29SEP2026,1215.35,1215.35,1215.15,1215.15,5
2026-08-20 13:37:00,BANKNIFTY29SEP2657500CE,57500.0,CE,29SEP2026,1160.0,1160.25,1160.0,1160.25,2
2026-08-20 13:37:00,BANKNIFTY29SEP2657500PE,57500.0,PE,29SEP2026,580.0,580.0,580.0,580.0,7
2026-08-20 13:38:00,BANKNIFTY29SEP2655500PE,55500.0,PE,29SEP2026,158.5,158.5,157.3,157.3,2
2026-08-20 13:38:00,BANKNIFTY29SEP2656500CE,56500.0,CE,29SEP2026,1865.0,1869.55,1860.0,1869.55,3
2026-08-20 13:38:00,BANKNIFTY29SEP2656500PE,56500.0,PE,29SEP2026,306.45,310.0,306.45,310.0,6
2026-08-20 13:38:00,BANKNIFTY29SEP2656700PE,56700.0,PE,29SEP2026,355.55,355.55,355.55,355.55,1
2026-08-20 13:38:00,BANKNIFTY29SEP2656800PE,56800.0,PE,29SEP2026,379.0,379.0,379.0,379.0,10
2026-08-20 13:38:00,BANKNIFTY29SEP2657000CE,57000.0,CE,29SEP2026,1495.9,1495.9,1490.0,1490.0,2
2026-08-20 13:38:00,BANKNIFTY29SEP2657000PE,57000.0,PE,29SEP2026,428.8,431.25,428.8,431.25,11
2026-08-20 13:38:00,BANKNIFTY29SEP2657300PE,57300.0,PE,29SEP2026,525.0,525.0,525.0,525.0,1
2026-08-20 13:38:00,BANKNIFTY29SEP2657500CE,57500.0,CE,29SEP2026,1159.15,1160.85,1146.3,1146.3,66
2026-08-20 13:38:00,BANKNIFTY29SEP2657500PE,57500.0,PE,29SEP2026,583.45,588.0,580.6,586.45,73
2026-08-20 13:39:00,BANKNIFTY29SEP2655500PE,55500.0,PE,29SEP2026,160.65,161.0,160.45,160.45,8
2026-08-20 13:39:00,BANKNIFTY29SEP2656500CE,56500.0,CE,29SEP2026,1860.0,1860.0,1855.0,1855.0,3
2026-08-20 13:39:00,BANKNIFTY29SEP2656500PE,56500.0,PE,29SEP2026,310.05,312.55,310.05,311.5,9
2026-08-20 13:39:00,BANKNIFTY29SEP2656800PE,56800.0,PE,29SEP2026,380.2,380.2,380.2,380.2,19
2026-08-20 13:39:00,BANKNIFTY29SEP2657000CE,57000.0,CE,29SEP2026,1486.0,1486.0,1486.0,1486.0,1
2026-08-20 13:39:00,BANKNIFTY29SEP2657000PE,57000.0,PE,29SEP2026,433.0,435.15,433.0,435.0,27
2026-08-20 13:39:00,BANKNIFTY29SEP2657400CE,57400.0,CE,29SEP2026,1215.15,1215.15,1215.15,1215.15,5
2026-08-20 13:39:00,BANKNIFTY29SEP2657400PE,57400.0,PE,29SEP2026,558.5,562.15,557.9,557.9,4
2026-08-20 13:39:00,BANKNIFTY29SEP2657500CE,57500.0,CE,29SEP2026,1149.35,1152.0,1147.05,1152.0,13
2026-08-20 13:39:00,BANKNIFTY29SEP2657500PE,57500.0,PE,29SEP2026,588.0,593.0,588.0,590.25,37
2026-08-20 13:40:00,BANKNIFTY29SEP2655500PE,55500.0,PE,29SEP2026,162.3,162.3,162.3,162.3,1
2026-08-20 13:40:00,BANKNIFTY29SEP2656000PE,56000.0,PE,29SEP2026,224.95,225.0,224.95,225.0,6
2026-08-20 13:40:00,BANKNIFTY29SEP2656300PE,56300.0,PE,29SEP2026,275.05,275.05,275.05,275.05,1
2026-08-20 13:40:00,BANKNIFTY29SEP2656500CE,56500.0,CE,29SEP2026,1862.0,1862.0,1852.0,1852.0,11
2026-08-20 13:40:00,BANKNIFTY29SEP2656500PE,56500.0,PE,29SEP2026,311.15,315.4,311.15,315.4,10
2026-08-20 13:40:00,BANKNIFTY29SEP2656700PE,56700.0,PE,29SEP2026,359.0,359.0,359.0,359.0,1
2026-08-20 13:40:00,BANKNIFTY29SEP2657000CE,57000.0,CE,29SEP2026,1487.95,1493.0,1486.0,1486.0,13
2026-08-20 13:40:00,BANKNIFTY29SEP2657000PE,57000.0,PE,29SEP2026,435.0,435.8,435.0,435.8,4
2026-08-20 13:40:00,BANKNIFTY29SEP2657100CE,57100.0,CE,29SEP2026,1410.0,1410.0,1410.0,1410.0,1
2026-08-20 13:40:00,BANKNIFTY29SEP2657300CE,57300.0,CE,29SEP2026,1283.9,1283.9,1283.9,1283.9,1
2026-08-20 13:40:00,BANKNIFTY29SEP2657300PE,57300.0,PE,29SEP2026,526.55,529.5,525.45,525.45,10
2026-08-20 13:40:00,BANKNIFTY29SEP2657400CE,57400.0,CE,29SEP2026,1208.0,1208.0,1208.0,1208.0,1
2026-08-20 13:40:00,BANKNIFTY29SEP2657500CE,57500.0,CE,29SEP2026,1150.75,1150.75,1139.35,1140.0,22
2026-08-20 13:40:00,BANKNIFTY29SEP2657500PE,57500.0,PE,29SEP2026,589.0,595.0,589.0,595.0,16
2026-08-20 13:41:00,BANKNIFTY29SEP2655500PE,55500.0,PE,29SEP2026,160.85,160.85,160.85,160.85,2
2026-08-20 13:41:00,BANKNIFTY29SEP2656000CE,56000.0,CE,29SEP2026,2247.1,2247.1,2247.1,2247.1,1
2026-08-20 13:41:00,BANKNIFTY29SEP2656000PE,56000.0,PE,29SEP2026,225.9,226.0,224.0,224.2,18
2026-08-20 13:41:00,BANKNIFTY29SEP2656500CE,56500.0,CE,29SEP2026,1850.0,1857.7,1850.0,1857.6,7
2026-08-20 13:41:00,BANKNIFTY29SEP2656500PE,56500.0,PE,29SEP2026,314.8,314.8,314.8,314.8,1
2026-08-20 13:41:00,BANKNIFTY29SEP2657000CE,57000.0,CE,29SEP2026,1480.0,1488.8,1480.0,1488.8,7
2026-08-20 13:41:00,BANKNIFTY29SEP2657000PE,57000.0,PE,29SEP2026,439.05,439.35,432.3,432.3,22
2026-08-20 13:41:00,BANKNIFTY29SEP2657100PE,57100.0,PE,29SEP2026,464.0,464.0,464.0,464.0,2
2026-08-20 13:41:00,BANKNIFTY29SEP2657200PE,57200.0,PE,29SEP2026,492.95,495.95,492.95,495.95,2
2026-08-20 13:41:00,BANKNIFTY29SEP2657300PE,57300.0,PE,29SEP2026,531.0,531.0,530.8,530.8,3
2026-08-20 13:41:00,BANKNIFTY29SEP2657400PE,57400.0,PE,29SEP2026,563.65,564.9,557.65,557.65,3
2026-08-20 13:41:00,BANKNIFTY29SEP2657500CE,57500.0,CE,29SEP2026,1138.15,1145.0,1138.15,1145.0,31
2026-08-20 13:41:00,BANKNIFTY29SEP2657500PE,57500.0,PE,29SEP2026,595.0,596.95,590.15,592.35,26
2026-08-20 13:42:00,BANKNIFTY29SEP2655500PE,55500.0,PE,29SEP2026,160.6,160.6,160.6,160.6,1
2026-08-20 13:42:00,BANKNIFTY29SEP2656000PE,56000.0,PE,29SEP2026,224.25,224.25,224.2,224.2,2
2026-08-20 13:42:00,BANKNIFTY29SEP2656200PE,56200.0,PE,29SEP2026,255.0,255.0,254.95,254.95,2
2026-08-20 13:42:00,BANKNIFTY29SEP2656500PE,56500.0,PE,29SEP2026,312.8,313.1,311.45,312.0,46
2026-08-20 13:42:00,BANKNIFTY29SEP2657000CE,57000.0,CE,29SEP2026,1488.8,1489.95,1488.8,1489.95,2
2026-08-20 13:42:00,BANKNIFTY29SEP2657000PE,57000.0,PE,29SEP2026,434.7,434.85,433.9,433.9,4
2026-08-20 13:42:00,BANKNIFTY29SEP2657200PE,57200.0,PE,29SEP2026,496.05,496.05,495.3,495.3,3
2026-08-20 13:42:00,BANKNIFTY29SEP2657300CE,57300.0,CE,29SEP2026,1283.0,1283.0,1283.0,1283.0,1
2026-08-20 13:42:00,BANKNIFTY29SEP2657300PE,57300.0,PE,29SEP2026,525.35,526.3,525.35,526.3,2
2026-08-20 13:42:00,BANKNIFTY29SEP2657400PE,57400.0,PE,29SEP2026,560.15,560.35,560.15,560.35,2
2026-08-20 13:42:00,BANKNIFTY29SEP2657500PE,57500.0,PE,29SEP2026,592.0,593.85,590.55,592.8,14
2026-08-20 13:43:00,BANKNIFTY29SEP2655500PE,55500.0,PE,29SEP2026,159.6,159.6,158.75,158.75,11
2026-08-20 13:43:00,BANKNIFTY29SEP2656000PE,56000.0,PE,29SEP2026,224.2,224.2,220.75,221.0,37
2026-08-20 13:43:00,BANKNIFTY29SEP2656500PE,56500.0,PE,29SEP2026,311.2,311.2,311.15,311.15,3
2026-08-20 13:43:00,BANKNIFTY29SEP2657000CE,57000.0,CE,29SEP2026,1485.35,1485.35,1481.35,1481.35,3
2026-08-20 13:43:00,BANKNIFTY29SEP2657000PE,57000.0,PE,29SEP2026,432.85,435.6,432.85,433.2,17
2026-08-20 13:43:00,BANKNIFTY29SEP2657200CE,57200.0,CE,29SEP2026,1345.25,1352.45,1345.25,1352.45,2
2026-08-20 13:43:00,BANKNIFTY29SEP2657300PE,57300.0,PE,29SEP2026,527.45,527.45,527.45,527.45,1
2026-08-20 13:43:00,BANKNIFTY29SEP2657400CE,57400.0,CE,29SEP2026,1209.3,1209.3,1209.3,1209.3,1
2026-08-20 13:43:00,BANKNIFTY29SEP2657400PE,57400.0,PE,29SEP2026,560.1,560.1,560.1,560.1,1
2026-08-20 13:43:00,BANKNIFTY29SEP2657500CE,57500.0,CE,29SEP2026,1146.05,1146.05,1146.05,1146.05,1
2026-08-20 13:43:00,BANKNIFTY29SEP2657500PE,57500.0,PE,29SEP2026,590.0,590.0,590.0,590.0,1
2026-08-20 13:44:00,BANKNIFTY29SEP2655500PE,55500.0,PE,29SEP2026,157.15,157.15,157.15,157.15,1
2026-08-20 13:44:00,BANKNIFTY29SEP2656000PE,56000.0,PE,29SEP2026,222.05,222.25,220.3,222.25,7
2026-08-20 13:44:00,BANKNIFTY29SEP2656200PE,56200.0,PE,29SEP2026,251.7,253.65,251.7,253.65,2
2026-08-20 13:44:00,BANKNIFTY29SEP2656500PE,56500.0,PE,29SEP2026,308.6,309.95,308.6,309.0,122
2026-08-20 13:44:00,BANKNIFTY29SEP2656900PE,56900.0,PE,29SEP2026,404.85,404.85,404.8,404.8,2
2026-08-20 13:44:00,BANKNIFTY29SEP2657000CE,57000.0,CE,29SEP2026,1489.3,1489.3,1489.3,1489.3,5
2026-08-20 13:44:00,BANKNIFTY29SEP2657000PE,57000.0,PE,29SEP2026,430.35,432.0,430.35,432.0,6
2026-08-20 13:44:00,BANKNIFTY29SEP2657200PE,57200.0,PE,29SEP2026,491.5,491.5,491.5,491.5,1
2026-08-20 13:44:00,BANKNIFTY29SEP2657300PE,57300.0,PE,29SEP2026,524.35,524.35,521.75,522.65,13
2026-08-20 13:44:00,BANKNIFTY29SEP2657400CE,57400.0,CE,29SEP2026,1220.3,1221.3,1220.3,1221.3,4
2026-08-20 13:44:00,BANKNIFTY29SEP2657400PE,57400.0,PE,29SEP2026,556.55,556.55,554.2,554.2,10
2026-08-20 13:44:00,BANKNIFTY29SEP2657500CE,57500.0,CE,29SEP2026,1152.55,1152.6,1148.0,1152.0,5
2026-08-20 13:44:00,BANKNIFTY29SEP2657500PE,57500.0,PE,29SEP2026,586.0,587.6,584.6,587.6,6
2026-08-20 13:45:00,BANKNIFTY29SEP2655500PE,55500.0,PE,29SEP2026,157.35,158.8,157.35,158.8,3
2026-08-20 13:45:00,BANKNIFTY29SEP2656000PE,56000.0,PE,29SEP2026,222.45,222.45,222.45,222.45,2
2026-08-20 13:45:00,BANKNIFTY29SEP2656500PE,56500.0,PE,29SEP2026,309.95,309.95,308.1,308.3,5
2026-08-20 13:45:00,BANKNIFTY29SEP2657000CE,57000.0,CE,29SEP2026,1496.5,1496.5,1489.55,1489.55,6
2026-08-20 13:45:00,BANKNIFTY29SEP2657000PE,57000.0,PE,29SEP2026,432.45,432.45,432.4,432.4,6
2026-08-20 13:45:00,BANKNIFTY29SEP2657500CE,57500.0,CE,29SEP2026,1150.0,1153.1,1148.0,1148.0,13
2026-08-20 13:45:00,BANKNIFTY29SEP2657500PE,57500.0,PE,29SEP2026,586.15,588.0,586.0,588.0,9
2026-08-20 13:46:00,BANKNIFTY29SEP2655500PE,55500.0,PE,29SEP2026,159.85,159.9,159.85,159.9,2
2026-08-20 13:46:00,BANKNIFTY29SEP2656000PE,56000.0,PE,29SEP2026,223.1,223.1,222.8,223.05,21
2026-08-20 13:46:00,BANKNIFTY29SEP2656500PE,56500.0,PE,29SEP2026,312.15,312.4,310.45,310.45,18
2026-08-20 13:46:00,BANKNIFTY29SEP2657000PE,57000.0,PE,29SEP2026,435.35,435.6,431.0,431.0,8
2026-08-20 13:46:00,BANKNIFTY29SEP2657300PE,57300.0,PE,29SEP2026,525.0,525.0,524.15,524.15,2
2026-08-20 13:46:00,BANKNIFTY29SEP2657400PE,57400.0,PE,29SEP2026,558.5,558.5,555.05,555.05,2
2026-08-20 13:46:00,BANKNIFTY29SEP2657500CE,57500.0,CE,29SEP2026,1143.3,1151.7,1143.3,1151.7,3
2026-08-20 13:47:00,BANKNIFTY29SEP2655500PE,55500.0,PE,29SEP2026,158.8,158.8,158.8,158.8,2
2026-08-20 13:47:00,BANKNIFTY29SEP2656500PE,56500.0,PE,29SEP2026,309.35,309.35,309.35,309.35,1
2026-08-20 13:47:00,BANKNIFTY29SEP2657000CE,57000.0,CE,29SEP2026,1494.2,1495.1,1494.15,1495.1,7
2026-08-20 13:47:00,BANKNIFTY29SEP2657000PE,57000.0,PE,29SEP2026,431.95,431.95,430.9,430.9,5
2026-08-20 13:47:00,BANKNIFTY29SEP2657100CE,57100.0,CE,29SEP2026,1414.1,1414.1,1414.1,1414.1,1
2026-08-20 13:47:00,BANKNIFTY29SEP2657300PE,57300.0,PE,29SEP2026,521.4,521.4,521.25,521.25,7
2026-08-20 13:47:00,BANKNIFTY29SEP2657400CE,57400.0,CE,29SEP2026,1231.15,1231.15,1231.15,1231.15,1
2026-08-20 13:47:00,BANKNIFTY29SEP2657500CE,57500.0,CE,29SEP2026,1158.8,1158.8,1156.2,1156.2,2
2026-08-20 13:47:00,BANKNIFTY29SEP2657500PE,57500.0,PE,29SEP2026,580.8,580.8,580.8,580.8,1
2026-08-20 13:48:00,BANKNIFTY29SEP2656000PE,56000.0,PE,29SEP2026,220.05,220.35,219.9,220.35,6
2026-08-20 13:48:00,BANKNIFTY29SEP2656500PE,56500.0,PE,29SEP2026,305.55,307.95,305.55,307.0,13
2026-08-20 13:48:00,BANKNIFTY29SEP2657000CE,57000.0,CE,29SEP2026,1506.55,1506.6,1506.55,1506.6,3
2026-08-20 13:48:00,BANKNIFTY29SEP2657000PE,57000.0,PE,29SEP2026,429.2,430.1,427.3,427.35,6
2026-08-20 13:48:00,BANKNIFTY29SEP2657100PE,57100.0,PE,29SEP2026,459.35,461.25,459.35,461.25,6
2026-08-20 13:48:00,BANKNIFTY29SEP2657300PE,57300.0,PE,29SEP2026,518.55,518.55,518.55,518.55,1
2026-08-20 13:48:00,BANKNIFTY29SEP2657500CE,57500.0,CE,29SEP2026,1158.0,1164.2,1156.2,1159.25,8
2026-08-20 13:48:00,BANKNIFTY29SEP2657500PE,57500.0,PE,29SEP2026,584.45,584.65,580.9,582.45,9
2026-08-20 13:49:00,BANKNIFTY29SEP2655500PE,55500.0,PE,29SEP2026,156.85,156.9,155.9,155.9,30
2026-08-20 13:49:00,BANKNIFTY29SEP2656500PE,56500.0,PE,29SEP2026,306.7,306.85,303.45,306.05,28
2026-08-20 13:49:00,BANKNIFTY29SEP2657000CE,57000.0,CE,29SEP2026,1507.0,1510.2,1507.0,1510.2,6
2026-08-20 13:49:00,BANKNIFTY29SEP2657000PE,57000.0,PE,29SEP2026,424.55,426.45,424.45,426.45,4
2026-08-20 13:49:00,BANKNIFTY29SEP2657100PE,57100.0,PE,29SEP2026,454.3,454.3,454.25,454.25,2
2026-08-20 13:49:00,BANKNIFTY29SEP2657200PE,57200.0,PE,29SEP2026,484.45,484.45,484.35,484.35,4
2026-08-20 13:49:00,BANKNIFTY29SEP2657300PE,57300.0,PE,29SEP2026,512.75,512.75,512.75,512.75,1
2026-08-20 13:49:00,BANKNIFTY29SEP2657400PE,57400.0,PE,29SEP2026,546.5,550.4,546.2,550.4,3
2026-08-20 13:49:00,BANKNIFTY29SEP2657500CE,57500.0,CE,29SEP2026,1166.25,1166.25,1158.2,1158.2,10
2026-08-20 13:49:00,BANKNIFTY29SEP2657500PE,57500.0,PE,29SEP2026,578.05,578.65,577.0,577.0,69
2026-08-20 13:50:00,BANKNIFTY29SEP2655500PE,55500.0,PE,29SEP2026,156.85,156.9,155.9,155.95,21
2026-08-20 13:50:00,BANKNIFTY29SEP2656500PE,56500.0,PE,29SEP2026,304.45,306.0,304.45,306.0,16
2026-08-20 13:50:00,BANKNIFTY29SEP2657000CE,57000.0,CE,29SEP2026,1503.0,1503.0,1503.0,1503.0,1
2026-08-20 13:50:00,BANKNIFTY29SEP2657100PE,57100.0,PE,29SEP2026,455.75,455.75,455.75,455.75,1
2026-08-20 13:50:00,BANKNIFTY29SEP2657300PE,57300.0,PE,29SEP2026,517.35,517.35,517.35,517.35,1
2026-08-20 13:50:00,BANKNIFTY29SEP2657500CE,57500.0,CE,29SEP2026,1163.0,1163.05,1163.0,1163.05,2
2026-08-20 13:50:00,BANKNIFTY29SEP2657500PE,57500.0,PE,29SEP2026,577.7,581.0,577.7,581.0,6
2026-08-20 13:51:00,BANKNIFTY29SEP2655500PE,55500.0,PE,29SEP2026,156.95,156.95,156.95,156.95,2
2026-08-20 13:51:00,BANKNIFTY29SEP2656000CE,56000.0,CE,29SEP2026,2280.0,2280.0,2280.0,2280.0,1
2026-08-20 13:51:00,BANKNIFTY29SEP2656500PE,56500.0,PE,29SEP2026,305.5,305.5,305.0,305.0,22
2026-08-20 13:51:00,BANKNIFTY29SEP2656800PE,56800.0,PE,29SEP2026,371.5,371.5,371.45,371.45,2
2026-08-20 13:51:00,BANKNIFTY29SEP2656900PE,56900.0,PE,29SEP2026,396.4,396.4,396.4,396.4,1
2026-08-20 13:51:00,BANKNIFTY29SEP2657000CE,57000.0,CE,29SEP2026,1500.1,1500.1,1500.1,1500.1,1
2026-08-20 13:51:00,BANKNIFTY29SEP2657000PE,57000.0,PE,29SEP2026,424.5,425.0,424.5,425.0,11
2026-08-20 13:51:00,BANKNIFTY29SEP2657100PE,57100.0,PE,29SEP2026,457.0,457.0,457.0,457.0,1
2026-08-20 13:51:00,BANKNIFTY29SEP2657200CE,57200.0,CE,29SEP2026,1362.3,1368.25,1362.3,1368.25,2
2026-08-20 13:51:00,BANKNIFTY29SEP2657200PE,57200.0,PE,29SEP2026,485.15,486.35,485.05,486.35,5
2026-08-20 13:51:00,BANKNIFTY29SEP2657400CE,57400.0,CE,29SEP2026,1226.45,1226.45,1226.45,1226.45,1
2026-08-20 13:51:00,BANKNIFTY29SEP2657400PE,57400.0,PE,29SEP2026,548.6,548.6,547.65,548.0,3
2026-08-20 13:51:00,BANKNIFTY29SEP2657500CE,57500.0,CE,29SEP2026,1163.65,1163.65,1158.05,1161.3,11
2026-08-20 13:51:00,BANKNIFTY29SEP2657500PE,57500.0,PE,29SEP2026,581.0,582.1,580.0,581.6,21
2026-08-20 13:52:00,BANKNIFTY29SEP2655500PE,55500.0,PE,29SEP2026,156.95,157.5,156.95,157.5,20
2026-08-20 13:52:00,BANKNIFTY29SEP2656000PE,56000.0,PE,29SEP2026,221.55,221.55,221.55,221.55,41
2026-08-20 13:52:00,BANKNIFTY29SEP2656500PE,56500.0,PE,29SEP2026,306.35,307.75,305.55,307.75,20
2026-08-20 13:52:00,BANKNIFTY29SEP2656800PE,56800.0,PE,29SEP2026,376.95,379.05,376.95,379.05,3
2026-08-20 13:52:00,BANKNIFTY29SEP2657000PE,57000.0,PE,29SEP2026,426.25,430.5,425.2,430.5,24
2026-08-20 13:52:00,BANKNIFTY29SEP2657200PE,57200.0,PE,29SEP2026,488.5,490.7,488.4,490.7,3
2026-08-20 13:52:00,BANKNIFTY29SEP2657500CE,57500.0,CE,29SEP2026,1158.75,1158.75,1154.6,1154.6,6
2026-08-20 13:52:00,BANKNIFTY29SEP2657500PE,57500.0,PE,29SEP2026,583.65,585.0,580.8,584.9,7
2026-08-20 13:53:00,BANKNIFTY29SEP2655500PE,55500.0,PE,29SEP2026,158.95,159.0,158.95,159.0,23
2026-08-20 13:53:00,BANKNIFTY29SEP2656000PE,56000.0,PE,29SEP2026,224.05,225.0,224.05,225.0,19
2026-08-20 13:53:00,BANKNIFTY29SEP2656500PE,56500.0,PE,29SEP2026,308.75,312.1,308.75,312.1,14
2026-08-20 13:53:00,BANKNIFTY29SEP2657000PE,57000.0,PE,29SEP2026,430.5,432.6,430.5,432.6,10
2026-08-20 13:53:00,BANKNIFTY29SEP2657200PE,57200.0,PE,29SEP2026,493.8,497.1,492.3,497.1,11
2026-08-20 13:53:00,BANKNIFTY29SEP2657300PE,57300.0,PE,29SEP2026,525.0,525.0,525.0,525.0,1
2026-08-20 13:53:00,BANKNIFTY29SEP2657400PE,57400.0,PE,29SEP2026,555.05,556.4,554.4,556.4,10
2026-08-20 13:53:00,BANKNIFTY29SEP2657500CE,57500.0,CE,29SEP2026,1150.8,1151.7,1144.15,1144.15,9
2026-08-20 13:53:00,BANKNIFTY29SEP2657500PE,57500.0,PE,29SEP2026,585.95,587.0,584.1,587.0,15
2026-08-20 13:54:00,BANKNIFTY29SEP2655500PE,55500.0,PE,29SEP2026,160.2,160.3,159.9,159.9,7
2026-08-20 13:54:00,BANKNIFTY29SEP2656000PE,56000.0,PE,29SEP2026,225.0,225.0,225.0,225.0,22
2026-08-20 13:54:00,BANKNIFTY29SEP2656500CE,56500.0,CE,29SEP2026,1870.65,1870.65,1855.0,1855.0,2
2026-08-20 13:54:00,BANKNIFTY29SEP2656500PE,56500.0,PE,29SEP2026,310.55,310.55,310.55,310.55,1
2026-08-20 13:54:00,BANKNIFTY29SEP2657000CE,57000.0,CE,29SEP2026,1481.3,1481.3,1481.3,1481.3,1
2026-08-20 13:54:00,BANKNIFTY29SEP2657000PE,57000.0,PE,29SEP2026,433.0,434.55,432.4,432.4,4
2026-08-20 13:54:00,BANKNIFTY29SEP2657200PE,57200.0,PE,29SEP2026,493.25,493.25,493.25,493.25,2
2026-08-20 13:54:00,BANKNIFTY29SEP2657300CE,57300.0,CE,29SEP2026,1288.85,1288.85,1288.85,1288.85,1
2026-08-20 13:54:00,BANKNIFTY29SEP2657400PE,57400.0,PE,29SEP2026,556.5,556.5,556.5,556.5,1
2026-08-20 13:54:00,BANKNIFTY29SEP2657500CE,57500.0,CE,29SEP2026,1148.75,1148.75,1140.55,1143.8,7
2026-08-20 13:54:00,BANKNIFTY29SEP2657500PE,57500.0,PE,29SEP2026,587.25,594.35,586.85,593.0,10
2026-08-20 13:55:00,BANKNIFTY29SEP2655500PE,55500.0,PE,29SEP2026,161.7,161.7,161.7,161.7,1
2026-08-20 13:55:00,BANKNIFTY29SEP2656000PE,56000.0,PE,29SEP2026,226.0,226.0,226.0,226.0,1
2026-08-20 13:55:00,BANKNIFTY29SEP2656500PE,56500.0,PE,29SEP2026,313.1,315.0,313.1,314.0,10
2026-08-20 13:55:00,BANKNIFTY29SEP2656700PE,56700.0,PE,29SEP2026,359.0,359.0,353.25,353.25,13
2026-08-20 13:55:00,BANKNIFTY29SEP2656800PE,56800.0,PE,29SEP2026,385.0,385.0,385.0,385.0,1
2026-08-20 13:55:00,BANKNIFTY29SEP2657000CE,57000.0,CE,29SEP2026,1480.0,1484.95,1479.2,1484.95,5
2026-08-20 13:55:00,BANKNIFTY29SEP2657000PE,57000.0,PE,29SEP2026,434.4,438.9,434.4,438.9,8
2026-08-20 13:55:00,BANKNIFTY29SEP2657200PE,57200.0,PE,29SEP2026,497.5,501.05,497.5,501.05,6
2026-08-20 13:55:00,BANKNIFTY29SEP2657300PE,57300.0,PE,29SEP2026,530.0,530.35,528.0,528.0,13
2026-08-20 13:55:00,BANKNIFTY29SEP2657400PE,57400.0,PE,29SEP2026,562.15,567.55,561.3,567.55,26
2026-08-20 13:55:00,BANKNIFTY29SEP2657500CE,57500.0,CE,29SEP2026,1140.2,1142.1,1134.6,1141.3,37
2026-08-20 13:55:00,BANKNIFTY29SEP2657500PE,57500.0,PE,29SEP2026,589.95,595.0,588.9,594.55,53
2026-08-20 13:56:00,BANKNIFTY29SEP2656000PE,56000.0,PE,29SEP2026,226.0,226.0,222.7,222.7,16
2026-08-20 13:56:00,BANKNIFTY29SEP2656200PE,56200.0,PE,29SEP2026,259.95,259.95,259.95,259.95,2
2026-08-20 13:56:00,BANKNIFTY29SEP2656500PE,56500.0,PE,29SEP2026,312.45,312.45,312.45,312.45,7
2026-08-20 13:56:00,BANKNIFTY29SEP2656700PE,56700.0,PE,29SEP2026,355.85,355.85,353.35,353.35,4
2026-08-20 13:56:00,BANKNIFTY29SEP2657000CE,57000.0,CE,29SEP2026,1490.0,1490.0,1490.0,1490.0,1
2026-08-20 13:56:00,BANKNIFTY29SEP2657300PE,57300.0,PE,29SEP2026,528.1,528.1,524.8,524.8,2
2026-08-20 13:56:00,BANKNIFTY29SEP2657400PE,57400.0,PE,29SEP2026,561.1,564.25,561.1,564.25,5
2026-08-20 13:56:00,BANKNIFTY29SEP2657500CE,57500.0,CE,29SEP2026,1141.3,1153.5,1141.3,1153.5,29
2026-08-20 13:56:00,BANKNIFTY29SEP2657500PE,57500.0,PE,29SEP2026,594.9,594.9,585.5,588.3,62
2026-08-20 13:57:00,BANKNIFTY29SEP2655500PE,55500.0,PE,29SEP2026,161.65,162.85,160.4,162.85,23
2026-08-20 13:57:00,BANKNIFTY29SEP2656000CE,56000.0,CE,29SEP2026,2265.0,2265.0,2265.0,2265.0,1
2026-08-20 13:57:00,BANKNIFTY29SEP2656000PE,56000.0,PE,29SEP2026,226.1,226.1,225.35,225.35,2
2026-08-20 13:57:00,BANKNIFTY29SEP2656200PE,56200.0,PE,29SEP2026,260.0,260.0,260.0,260.0,1
2026-08-20 13:57:00,BANKNIFTY29SEP2656500CE,56500.0,CE,29SEP2026,1855.0,1855.0,1847.0,1847.0,25
2026-08-20 13:57:00,BANKNIFTY29SEP2656500PE,56500.0,PE,29SEP2026,313.0,316.15,311.1,316.15,10
2026-08-20 13:57:00,BANKNIFTY29SEP2657000CE,57000.0,CE,29SEP2026,1490.9,1490.9,1471.0,1471.0,15
2026-08-20 13:57:00,BANKNIFTY29SEP2657000PE,57000.0,PE,29SEP2026,437.8,440.0,437.8,440.0,4
2026-08-20 13:57:00,BANKNIFTY29SEP2657300PE,57300.0,PE,29SEP2026,531.0,531.0,531.0,531.0,1
2026-08-20 13:57:00,BANKNIFTY29SEP2657400PE,57400.0,PE,29SEP2026,564.1,564.15,563.15,563.15,3
2026-08-20 13:57:00,BANKNIFTY29SEP2657500CE,57500.0,CE,29SEP2026,1146.0,1146.25,1131.5,1131.5,40
2026-08-20 13:57:00,BANKNIFTY29SEP2657500PE,57500.0,PE,29SEP2026,588.6,599.0,588.0,598.05,59
2026-08-20 13:58:00,BANKNIFTY29SEP2655500PE,55500.0,PE,29SEP2026,162.4,163.35,162.4,163.35,7
2026-08-20 13:58:00,BANKNIFTY29SEP2656000PE,56000.0,PE,29SEP2026,227.0,227.7,227.0,227.7,25
2026-08-20 13:58:00,BANKNIFTY29SEP2656500CE,56500.0,CE,29SEP2026,1847.0,1847.0,1840.25,1840.25,19
2026-08-20 13:58:00,BANKNIFTY29SEP2656700CE,56700.0,CE,29SEP2026,1676.25,1676.25,1676.25,1676.25,1
2026-08-20 13:58:00,BANKNIFTY29SEP2657000CE,57000.0,CE,29SEP2026,1486.35,1486.4,1480.0,1480.0,4
2026-08-20 13:58:00,BANKNIFTY29SEP2657000PE,57000.0,PE,29SEP2026,436.05,438.1,436.05,437.45,3
2026-08-20 13:58:00,BANKNIFTY29SEP2657200CE,57200.0,CE,29SEP2026,1346.6,1346.6,1346.6,1346.6,1
2026-08-20 13:58:00,BANKNIFTY29SEP2657200PE,57200.0,PE,29SEP2026,500.8,500.8,500.8,500.8,2
2026-08-20 13:58:00,BANKNIFTY29SEP2657400PE,57400.0,PE,29SEP2026,566.1,568.5,563.7,564.1,14
2026-08-20 13:58:00,BANKNIFTY29SEP2657500CE,57500.0,CE,29SEP2026,1138.05,1140.1,1136.0,1137.1,8
2026-08-20 13:58:00,BANKNIFTY29SEP2657500PE,57500.0,PE,29SEP2026,595.85,595.85,592.3,594.0,12
2026-08-20 13:59:00,BANKNIFTY29SEP2655500PE,55500.0,PE,29SEP2026,163.0,163.5,163.0,163.5,19
2026-08-20 13:59:00,BANKNIFTY29SEP2656000CE,56000.0,CE,29SEP2026,2247.1,2247.1,2247.1,2247.1,1
2026-08-20 13:59:00,BANKNIFTY29SEP2656000PE,56000.0,PE,29SEP2026,228.35,228.4,227.1,227.1,13
2026-08-20 13:59:00,BANKNIFTY29SEP2656300PE,56300.0,PE,29SEP2026,275.05,275.05,275.05,275.05,1
2026-08-20 13:59:00,BANKNIFTY29SEP2656500PE,56500.0,PE,29SEP2026,314.7,315.25,314.7,315.2,5
2026-08-20 13:59:00,BANKNIFTY29SEP2657000CE,57000.0,CE,29SEP2026,1480.0,1480.0,1478.0,1478.0,2
2026-08-20 13:59:00,BANKNIFTY29SEP2657000PE,57000.0,PE,29SEP2026,440.0,440.7,436.2,436.2,7
2026-08-20 13:59:00,BANKNIFTY29SEP2657100PE,57100.0,PE,29SEP2026,468.4,468.4,468.4,468.4,2
2026-08-20 13:59:00,BANKNIFTY29SEP2657200PE,57200.0,PE,29SEP2026,498.75,498.75,498.75,498.75,2
2026-08-20 13:59:00,BANKNIFTY29SEP2657300PE,57300.0,PE,29SEP2026,534.4,534.4,534.4,534.4,1
2026-08-20 13:59:00,BANKNIFTY29SEP2657400CE,57400.0,CE,29SEP2026,1200.0,1204.9,1200.0,1204.9,3
2026-08-20 13:59:00,BANKNIFTY29SEP2657400PE,57400.0,PE,29SEP2026,567.45,567.5,563.95,563.95,4
2026-08-20 13:59:00,BANKNIFTY29SEP2657500CE,57500.0,CE,29SEP2026,1136.3,1136.3,1131.2,1131.2,8
2026-08-20 13:59:00,BANKNIFTY29SEP2657500PE,57500.0,PE,29SEP2026,594.0,596.0,594.0,594.0,8
2026-08-20 14:00:00,BANKNIFTY29SEP2655500PE,55500.0,PE,29SEP2026,161.45,162.35,160.7,162.05,6
2026-08-20 14:00:00,BANKNIFTY29SEP2656000PE,56000.0,PE,29SEP2026,226.5,226.5,225.05,225.05,13
2026-08-20 14:00:00,BANKNIFTY29SEP2656500CE,56500.0,CE,29SEP2026,1849.0,1853.95,1849.0,1853.95,11
2026-08-20 14:00:00,BANKNIFTY29SEP2656500PE,56500.0,PE,29SEP2026,315.45,315.45,313.2,313.2,3
2026-08-20 14:00:00,BANKNIFTY29SEP2657000CE,57000.0,CE,29SEP2026,1490.9,1490.9,1490.9,1490.9,1
2026-08-20 14:00:00,BANKNIFTY29SEP2657000PE,57000.0,PE,29SEP2026,434.6,436.5,434.6,436.5,11
2026-08-20 14:00:00,BANKNIFTY29SEP2657200CE,57200.0,CE,29SEP2026,1344.05,1344.45,1342.9,1344.45,3
2026-08-20 14:00:00,BANKNIFTY29SEP2657200PE,57200.0,PE,29SEP2026,495.0,498.5,495.0,498.5,3
2026-08-20 14:00:00,BANKNIFTY29SEP2657300PE,57300.0,PE,29SEP2026,526.2,529.05,526.2,529.05,6
2026-08-20 14:00:00,BANKNIFTY29SEP2657400PE,57400.0,PE,29SEP2026,562.1,562.1,559.85,560.9,5
2026-08-20 14:00:00,BANKNIFTY29SEP2657500CE,57500.0,CE,29SEP2026,1141.0,1141.0,1139.35,1139.35,6
2026-08-20 14:00:00,BANKNIFTY29SEP2657500PE,57500.0,PE,29SEP2026,592.7,592.7,589.95,592.1,13
2026-08-20 14:01:00,BANKNIFTY29SEP2655500PE,55500.0,PE,29SEP2026,161.25,161.25,161.25,161.25,1
2026-08-20 14:01:00,BANKNIFTY29SEP2656000PE,56000.0,PE,29SEP2026,225.15,226.0,225.05,226.0,16
2026-08-20 14:01:00,BANKNIFTY29SEP2656500CE,56500.0,CE,29SEP2026,1850.0,1850.0,1848.0,1848.0,2
2026-08-20 14:01:00,BANKNIFTY29SEP2656500PE,56500.0,PE,29SEP2026,315.95,315.95,314.0,314.95,10
2026-08-20 14:01:00,BANKNIFTY29SEP2657000CE,57000.0,CE,29SEP2026,1473.15,1477.8,1473.15,1477.8,2
2026-08-20 14:01:00,BANKNIFTY29SEP2657000PE,57000.0,PE,29SEP2026,436.8,436.8,436.8,436.8,1
2026-08-20 14:01:00,BANKNIFTY29SEP2657200CE,57200.0,CE,29SEP2026,1340.0,1346.7,1340.0,1346.7,2
2026-08-20 14:01:00,BANKNIFTY29SEP2657200PE,57200.0,PE,29SEP2026,498.85,498.85,498.85,498.85,1
2026-08-20 14:01:00,BANKNIFTY29SEP2657300PE,57300.0,PE,29SEP2026,528.0,528.0,528.0,528.0,1
2026-08-20 14:01:00,BANKNIFTY29SEP2657400CE,57400.0,CE,29SEP2026,1204.5,1211.7,1204.5,1211.7,2
2026-08-20 14:01:00,BANKNIFTY29SEP2657500CE,57500.0,CE,29SEP2026,1139.35,1140.0,1133.05,1140.0,3
2026-08-20 14:01:00,BANKNIFTY29SEP2657500PE,57500.0,PE,29SEP2026,594.9,594.95,593.3,593.4,22
2026-08-20 14:02:00,BANKNIFTY29SEP2655500PE,55500.0,PE,29SEP2026,162.0,162.0,162.0,162.0,1
2026-08-20 14:02:00,BANKNIFTY29SEP2656000PE,56000.0,PE,29SEP2026,226.0,226.0,225.05,225.05,5
2026-08-20 14:02:00,BANKNIFTY29SEP2656300PE,56300.0,PE,29SEP2026,274.35,274.35,274.35,274.35,1
2026-08-20 14:02:00,BANKNIFTY29SEP2656500CE,56500.0,CE,29SEP2026,1850.9,1850.9,1850.9,1850.9,1
2026-08-20 14:02:00,BANKNIFTY29SEP2656500PE,56500.0,PE,29SEP2026,315.85,315.85,315.0,315.0,3
2026-08-20 14:02:00,BANKNIFTY29SEP2656900PE,56900.0,PE,29SEP2026,405.7,405.7,405.7,405.7,1
2026-08-20 14:02:00,BANKNIFTY29SEP2657000CE,57000.0,CE,29SEP2026,1480.15,1485.95,1480.0,1480.0,7
2026-08-20 14:02:00,BANKNIFTY29SEP2657000PE,57000.0,PE,29SEP2026,437.65,437.65,436.45,436.45,3
2026-08-20 14:02:00,BANKNIFTY29SEP2657200CE,57200.0,CE,29SEP2026,1341.4,1348.4,1341.4,1348.4,2
2026-08-20 14:02:00,BANKNIFTY29SEP2657200PE,57200.0,PE,29SEP2026,498.55,498.55,498.5,498.5,8
2026-08-20 14:02:00,BANKNIFTY29SEP2657400CE,57400.0,CE,29SEP2026,1204.85,1204.85,1204.85,1204.85,1
2026-08-20 14:02:00,BANKNIFTY29SEP2657500PE,57500.0,PE,29SEP2026,593.75,595.0,593.75,595.0,7
2026-08-20 14:03:00,BANKNIFTY29SEP2656000PE,56000.0,PE,29SEP2026,225.05,225.05,225.05,225.05,1
2026-08-20 14:03:00,BANKNIFTY29SEP2656500CE,56500.0,CE,29SEP2026,1848.0,1849.8,1848.0,1848.0,11
2026-08-20 14:03:00,BANKNIFTY29SEP2656500PE,56500.0,PE,29SEP2026,315.0,316.0,315.0,316.0,2
2026-08-20 14:03:00,BANKNIFTY29SEP2657000PE,57000.0,PE,29SEP2026,436.0,436.0,436.0,436.0,13
2026-08-20 14:03:00,BANKNIFTY29SEP2657200PE,57200.0,PE,29SEP2026,498.5,498.5,498.5,498.5,1
2026-08-20 14:03:00,BANKNIFTY29SEP2657500CE,57500.0,CE,29SEP2026,1138.15,1140.35,1138.0,1140.0,12
2026-08-20 14:03:00,BANKNIFTY29SEP2657500PE,57500.0,PE,29SEP2026,594.65,596.15,593.95,596.15,10
2026-08-20 14:04:00,BANKNIFTY29SEP2655500PE,55500.0,PE,29SEP2026,161.45,165.3,161.3,162.75,24
2026-08-20 14:04:00,BANKNIFTY29SEP2656000CE,56000.0,CE,29SEP2026,2250.0,2250.0,2250.0,2250.0,1
2026-08-20 14:04:00,BANKNIFTY29SEP2656000PE,56000.0,PE,29SEP2026,225.15,226.6,225.15,226.6,3
2026-08-20 14:04:00,BANKNIFTY29SEP2656500PE,56500.0,PE,29SEP2026,312.9,313.3,312.9,313.3,3
2026-08-20 14:04:00,BANKNIFTY29SEP2657000PE,57000.0,PE,29SEP2026,437.35,437.5,436.0,436.0,25
2026-08-20 14:04:00,BANKNIFTY29SEP2657300PE,57300.0,PE,29SEP2026,530.55,530.55,530.0,530.0,2
2026-08-20 14:04:00,BANKNIFTY29SEP2657400CE,57400.0,CE,29SEP2026,1209.4,1210.0,1209.4,1210.0,10
2026-08-20 14:04:00,BANKNIFTY29SEP2657500CE,57500.0,CE,29SEP2026,1137.75,1139.3,1134.35,1134.35,11
2026-08-20 14:04:00,BANKNIFTY29SEP2657500PE,57500.0,PE,29SEP2026,595.75,595.75,594.5,595.45,16
2026-08-20 14:05:00,BANKNIFTY29SEP2655500PE,55500.0,PE,29SEP2026,162.9,164.4,162.9,164.05,6
2026-08-20 14:05:00,BANKNIFTY29SEP2656000PE,56000.0,PE,29SEP2026,228.0,228.0,228.0,228.0,1
2026-08-20 14:05:00,BANKNIFTY29SEP2656300PE,56300.0,PE,29SEP2026,276.0,276.0,276.0,276.0,1
2026-08-20 14:05:00,BANKNIFTY29SEP2656500CE,56500.0,CE,29SEP2026,1848.0,1848.0,1838.0,1838.0,7
2026-08-20 14:05:00,BANKNIFTY29SEP2656500PE,56500.0,PE,29SEP2026,316.15,316.15,316.15,316.15,1
2026-08-20 14:05:00,BANKNIFTY29SEP2656700PE,56700.0,PE,29SEP2026,362.8,365.0,362.8,365.0,3
2026-08-20 14:05:00,BANKNIFTY29SEP2657000CE,57000.0,CE,29SEP2026,1468.0,1468.0,1468.0,1468.0,2
2026-08-20 14:05:00,BANKNIFTY29SEP2657000PE,57000.0,PE,29SEP2026,439.0,443.45,439.0,442.6,5
2026-08-20 14:05:00,BANKNIFTY29SEP2657200PE,57200.0,PE,29SEP2026,502.75,504.95,502.75,504.95,2
2026-08-20 14:05:00,BANKNIFTY29SEP2657300PE,57300.0,PE,29SEP2026,535.0,535.0,535.0,535.0,1
2026-08-20 14:05:00,BANKNIFTY29SEP2657400PE,57400.0,PE,29SEP2026,565.0,568.8,565.0,568.8,6
2026-08-20 14:05:00,BANKNIFTY29SEP2657500CE,57500.0,CE,29SEP2026,1132.0,1132.0,1130.0,1130.0,26
2026-08-20 14:05:00,BANKNIFTY29SEP2657500PE,57500.0,PE,29SEP2026,596.0,603.0,596.0,600.7,24
2026-08-20 14:06:00,BANKNIFTY29SEP2655500PE,55500.0,PE,29SEP2026,164.4,164.4,163.95,164.15,3
2026-08-20 14:06:00,BANKNIFTY29SEP2656000CE,56000.0,CE,29SEP2026,2240.0,2240.0,2240.0,2240.0,1
2026-08-20 14:06:00,BANKNIFTY29SEP2656000PE,56000.0,PE,29SEP2026,228.25,228.25,225.6,227.05,21
2026-08-20 14:06:00,BANKNIFTY29SEP2656500CE,56500.0,CE,29SEP2026,1835.05,1835.05,1835.0,1835.0,10
2026-08-20 14:06:00,BANKNIFTY29SEP2656500PE,56500.0,PE,29SEP2026,317.45,318.8,317.4,317.95,7
2026-08-20 14:06:00,BANKNIFTY29SEP2657000CE,57000.0,CE,29SEP2026,1468.05,1468.05,1464.0,1464.0,20
2026-08-20 14:06:00,BANKNIFTY29SEP2657000PE,57000.0,PE,29SEP2026,440.75,440.75,440.75,440.75,1
2026-08-20 14:06:00,BANKNIFTY29SEP2657200PE,57200.0,PE,29SEP2026,504.0,504.0,504.0,504.0,1
2026-08-20 14:06:00,BANKNIFTY29SEP2657300PE,57300.0,PE,29SEP2026,534.9,535.0,534.9,535.0,2
2026-08-20 14:06:00,BANKNIFTY29SEP2657400PE,57400.0,PE,29SEP2026,568.8,569.95,568.8,569.95,2
2026-08-20 14:06:00,BANKNIFTY29SEP2657500CE,57500.0,CE,29SEP2026,1133.4,1133.45,1125.75,1125.75,3
2026-08-20 14:06:00,BANKNIFTY29SEP2657500PE,57500.0,PE,29SEP2026,600.8,600.8,598.3,600.0,5
2026-08-20 14:07:00,BANKNIFTY29SEP2655500PE,55500.0,PE,29SEP2026,163.05,163.05,162.0,162.0,18
2026-08-20 14:07:00,BANKNIFTY29SEP2656000PE,56000.0,PE,29SEP2026,225.3,225.3,225.3,225.3,1
2026-08-20 14:07:00,BANKNIFTY29SEP2656500CE,56500.0,CE,29SEP2026,1837.85,1838.9,1837.85,1838.9,18
2026-08-20 14:07:00,BANKNIFTY29SEP2656500PE,56500.0,PE,29SEP2026,312.75,312.75,312.75,312.75,1
2026-08-20 14:07:00,BANKNIFTY29SEP2657000CE,57000.0,CE,29SEP2026,1483.75,1484.95,1483.75,1484.95,11
2026-08-20 14:07:00,BANKNIFTY29SEP2657000PE,57000.0,PE,29SEP2026,440.85,441.05,434.75,434.75,13
2026-08-20 14:07:00,BANKNIFTY29SEP2657200CE,57200.0,CE,29SEP2026,1330.0,1330.0,1330.0,1330.0,2
2026-08-20 14:07:00,BANKNIFTY29SEP2657500CE,57500.0,CE,29SEP2026,1134.0,1142.0,1132.35,1142.0,16
2026-08-20 14:07:00,BANKNIFTY29SEP2657500PE,57500.0,PE,29SEP2026,595.0,597.1,590.4,590.4,4
2026-08-20 14:08:00,BANKNIFTY29SEP2656000PE,56000.0,PE,29SEP2026,226.0,226.0,224.45,224.45,2
2026-08-20 14:08:00,BANKNIFTY29SEP2656200PE,56200.0,PE,29SEP2026,254.9,254.9,254.9,254.9,1
2026-08-20 14:08:00,BANKNIFTY29SEP2656500PE,56500.0,PE,29SEP2026,313.6,314.25,313.6,314.25,2
2026-08-20 14:08:00,BANKNIFTY29SEP2656800PE,56800.0,PE,29SEP2026,385.0,385.0,385.0,385.0,2
2026-08-20 14:08:00,BANKNIFTY29SEP2657000CE,57000.0,CE,29SEP2026,1485.95,1485.95,1485.95,1485.95,1
2026-08-20 14:08:00,BANKNIFTY29SEP2657000PE,57000.0,PE,29SEP2026,436.0,437.5,436.0,437.5,3
2026-08-20 14:08:00,BANKNIFTY29SEP2657400PE,57400.0,PE,29SEP2026,564.3,564.3,564.3,564.3,1
2026-08-20 14:08:00,BANKNIFTY29SEP2657500CE,57500.0,CE,29SEP2026,1140.0,1141.5,1135.0,1135.0,13
2026-08-20 14:08:00,BANKNIFTY29SEP2657500PE,57500.0,PE,29SEP2026,596.75,597.0,592.3,595.25,12
2026-08-20 14:09:00,BANKNIFTY29SEP2655500PE,55500.0,PE,29SEP2026,162.4,162.5,162.4,162.5,4
2026-08-20 14:09:00,BANKNIFTY29SEP2656000PE,56000.0,PE,29SEP2026,226.6,226.6,225.05,225.05,3
2026-08-20 14:09:00,BANKNIFTY29SEP2656500CE,56500.0,CE,29SEP2026,1843.0,1843.0,1842.9,1842.95,3
2026-08-20 14:09:00,BANKNIFTY29SEP2656900PE,56900.0,PE,29SEP2026,407.25,407.25,407.25,407.25,1
2026-08-20 14:09:00,BANKNIFTY29SEP2657000CE,57000.0,CE,29SEP2026,1477.0,1480.4,1477.0,1480.4,5
2026-08-20 14:09:00,BANKNIFTY29SEP2657000PE,57000.0,PE,29SEP2026,437.0,437.75,437.0,437.35,4
2026-08-20 14:09:00,BANKNIFTY29SEP2657100PE,57100.0,PE,29SEP2026,470.4,470.45,470.4,470.45,2
2026-08-20 14:09:00,BANKNIFTY29SEP2657300PE,57300.0,PE,29SEP2026,533.1,533.1,533.1,533.1,1
2026-08-20 14:09:00,BANKNIFTY29SEP2657400CE,57400.0,CE,29SEP2026,1200.0,1200.0,1200.0,1200.0,1
2026-08-20 14:09:00,BANKNIFTY29SEP2657500CE,57500.0,CE,29SEP2026,1135.0,1137.2,1133.9,1134.75,8
2026-08-20 14:10:00,BANKNIFTY29SEP2656000PE,56000.0,PE,29SEP2026,224.15,224.15,224.1,224.1,2
2026-08-20 14:10:00,BANKNIFTY29SEP2656500CE,56500.0,CE,29SEP2026,1843.0,1843.0,1843.0,1843.0,9
2026-08-20 14:10:00,BANKNIFTY29SEP2656500PE,56500.0,PE,29SEP2026,314.0,314.0,314.0,314.0,2
2026-08-20 14:10:00,BANKNIFTY29SEP2656700PE,56700.0,PE,29SEP2026,361.2,361.2,361.2,361.2,1
2026-08-20 14:10:00,BANKNIFTY29SEP2657000PE,57000.0,PE,29SEP2026,436.85,436.85,433.95,433.95,2
2026-08-20 14:10:00,BANKNIFTY29SEP2657200PE,57200.0,PE,29SEP2026,499.7,499.7,499.7,499.7,1
2026-08-20 14:10:00,BANKNIFTY29SEP2657500CE,57500.0,CE,29SEP2026,1135.0,1138.3,1135.0,1135.55,3
2026-08-20 14:10:00,BANKNIFTY29SEP2657500PE,57500.0,PE,29SEP2026,591.6,595.05,591.5,592.0,14
2026-08-20 14:11:00,BANKNIFTY29SEP2655500PE,55500.0,PE,29SEP2026,161.7,161.75,160.0,160.0,7
2026-08-20 14:11:00,BANKNIFTY29SEP2656000PE,56000.0,PE,29SEP2026,224.1,224.4,223.9,224.0,4
2026-08-20 14:11:00,BANKNIFTY29SEP2656500CE,56500.0,CE,29SEP2026,1849.9,1849.9,1849.9,1849.9,3
2026-08-20 14:11:00,BANKNIFTY29SEP2656500PE,56500.0,PE,29SEP2026,311.8,314.15,311.3,314.15,10
2026-08-20 14:11:00,BANKNIFTY29SEP2657000CE,57000.0,CE,29SEP2026,1479.0,1479.0,1479.0,1479.0,1
2026-08-20 14:11:00,BANKNIFTY29SEP2657000PE,57000.0,PE,29SEP2026,433.95,433.95,432.35,432.4,3
2026-08-20 14:11:00,BANKNIFTY29SEP2657300PE,57300.0,PE,29SEP2026,526.5,526.5,526.5,526.5,1
2026-08-20 14:11:00,BANKNIFTY29SEP2657400PE,57400.0,PE,29SEP2026,560.0,560.0,560.0,560.0,1
2026-08-20 14:11:00,BANKNIFTY29SEP2657500CE,57500.0,CE,29SEP2026,1141.5,1141.5,1136.2,1136.2,10
2026-08-20 14:11:00,BANKNIFTY29SEP2657500PE,57500.0,PE,29SEP2026,590.6,590.6,590.0,590.0,8
2026-08-20 14:12:00,BANKNIFTY29SEP2655500PE,55500.0,PE,29SEP2026,161.8,161.8,161.8,161.8,1
2026-08-20 14:12:00,BANKNIFTY29SEP2657000CE,57000.0,CE,29SEP2026,1479.0,1479.0,1479.0,1479.0,1
2026-08-20 14:12:00,BANKNIFTY29SEP2657000PE,57000.0,PE,29SEP2026,435.0,435.0,435.0,435.0,1
2026-08-20 14:12:00,BANKNIFTY29SEP2657500CE,57500.0,CE,29SEP2026,1140.9,1140.9,1136.2,1136.2,2
2026-08-20 14:12:00,BANKNIFTY29SEP2657500PE,57500.0,PE,29SEP2026,591.0,594.4,590.85,594.4,6
2026-08-20 14:13:00,BANKNIFTY29SEP2655500PE,55500.0,PE,29SEP2026,161.8,161.8,161.8,161.8,1
2026-08-20 14:13:00,BANKNIFTY29SEP2656500PE,56500.0,PE,29SEP2026,312.55,313.8,312.55,313.8,3
2026-08-20 14:13:00,BANKNIFTY29SEP2656900PE,56900.0,PE,29SEP2026,413.25,413.25,413.25,413.25,1
2026-08-20 14:13:00,BANKNIFTY29SEP2657000CE,57000.0,CE,29SEP2026,1476.15,1476.15,1476.15,1476.15,6
2026-08-20 14:13:00,BANKNIFTY29SEP2657000PE,57000.0,PE,29SEP2026,435.95,436.7,435.95,436.7,7
2026-08-20 14:13:00,BANKNIFTY29SEP2657200PE,57200.0,PE,29SEP2026,499.0,499.0,499.0,499.0,5
2026-08-20 14:13:00,BANKNIFTY29SEP2657500CE,57500.0,CE,29SEP2026,1140.35,1140.35,1140.35,1140.35,1
2026-08-20 14:13:00,BANKNIFTY29SEP2657500PE,57500.0,PE,29SEP2026,594.4,594.75,594.4,594.75,3
2026-08-20 14:14:00,BANKNIFTY29SEP2656000PE,56000.0,PE,29SEP2026,223.95,224.95,223.6,223.6,8
2026-08-20 14:14:00,BANKNIFTY29SEP2656500PE,56500.0,PE,29SEP2026,314.45,314.5,314.45,314.5,12
2026-08-20 14:14:00,BANKNIFTY29SEP2657000CE,57000.0,CE,29SEP2026,1475.0,1480.15,1475.0,1480.15,2
2026-08-20 14:14:00,BANKNIFTY29SEP2657000PE,57000.0,PE,29SEP2026,436.75,437.55,436.5,437.55,12
2026-08-20 14:14:00,BANKNIFTY29SEP2657200PE,57200.0,PE,29SEP2026,499.0,499.0,499.0,499.0,1
2026-08-20 14:14:00,BANKNIFTY29SEP2657300CE,57300.0,CE,29SEP2026,1258.6,1258.6,1258.55,1258.55,4
2026-08-20 14:14:00,BANKNIFTY29SEP2657500CE,57500.0,CE,29SEP2026,1136.2,1137.3,1135.85,1135.85,8
2026-08-20 14:14:00,BANKNIFTY29SEP2657500PE,57500.0,PE,29SEP2026,594.7,596.3,594.7,595.75,44
2026-08-20 14:15:00,BANKNIFTY29SEP2656000PE,56000.0,PE,29SEP2026,226.1,226.4,224.4,226.4,6
2026-08-20 14:15:00,BANKNIFTY29SEP2657000PE,57000.0,PE,29SEP2026,437.2,437.3,434.0,434.0,5
2026-08-20 14:15:00,BANKNIFTY29SEP2657300CE,57300.0,CE,29SEP2026,1260.2,1260.2,1260.1,1260.1,4
2026-08-20 14:15:00,BANKNIFTY29SEP2657400CE,57400.0,CE,29SEP2026,1195.05,1195.05,1195.05,1195.05,1
2026-08-20 14:15:00,BANKNIFTY29SEP2657500CE,57500.0,CE,29SEP2026,1135.8,1135.85,1135.8,1135.85,2
2026-08-20 14:15:00,BANKNIFTY29SEP2657500PE,57500.0,PE,29SEP2026,595.75,595.75,592.0,592.0,4
2026-08-20 14:16:00,BANKNIFTY29SEP2655500PE,55500.0,PE,29SEP2026,162.35,162.35,162.25,162.35,6
2026-08-20 14:16:00,BANKNIFTY29SEP2656000PE,56000.0,PE,29SEP2026,229.7,233.0,229.7,233.0,7
2026-08-20 14:16:00,BANKNIFTY29SEP2656500CE,56500.0,CE,29SEP2026,1840.0,1840.0,1830.0,1830.0,5
2026-08-20 14:16:00,BANKNIFTY29SEP2656500PE,56500.0,PE,29SEP2026,316.65,325.05,316.65,325.05,27
2026-08-20 14:16:00,BANKNIFTY29SEP2656700PE,56700.0,PE,29SEP2026,369.0,369.0,369.0,369.0,1
2026-08-20 14:16:00,BANKNIFTY29SEP2656800PE,56800.0,PE,29SEP2026,399.9,399.9,399.9,399.9,1
2026-08-20 14:16:00,BANKNIFTY29SEP2657000CE,57000.0,CE,29SEP2026,1473.0,1473.0,1438.1,1438.1,25
2026-08-20 14:16:00,BANKNIFTY29SEP2657000PE,57000.0,PE,29SEP2026,438.0,452.45,438.0,452.45,88
2026-08-20 14:16:00,BANKNIFTY29SEP2657100PE,57100.0,PE,29SEP2026,470.0,473.0,470.0,472.55,29
2026-08-20 14:16:00,BANKNIFTY29SEP2657200CE,57200.0,CE,29SEP2026,1322.0,1322.0,1296.9,1296.9,4
2026-08-20 14:16:00,BANKNIFTY29SEP2657200PE,57200.0,PE,29SEP2026,502.0,514.8,502.0,514.8,11
2026-08-20 14:16:00,BANKNIFTY29SEP2657300CE,57300.0,CE,29SEP2026,1251.0,1251.0,1240.0,1240.0,8
2026-08-20 14:16:00,BANKNIFTY29SEP2657300PE,57300.0,PE,29SEP2026,535.0,541.0,535.0,541.0,11
2026-08-20 14:16:00,BANKNIFTY29SEP2657400CE,57400.0,CE,29SEP2026,1191.15,1191.15,1185.6,1186.35,6
2026-08-20 14:16:00,BANKNIFTY29SEP2657400PE,57400.0,PE,29SEP2026,572.75,578.0,569.9,578.0,39
2026-08-20 14:16:00,BANKNIFTY29SEP2657500CE,57500.0,CE,29SEP2026,1132.0,1132.0,1102.75,1104.1,95
2026-08-20 14:16:00,BANKNIFTY29SEP2657500PE,57500.0,PE,29SEP2026,596.8,614.9,596.8,613.5,120
2026-08-20 14:17:00,BANKNIFTY29SEP2655500PE,55500.0,PE,29SEP2026,163.9,165.0,162.5,165.0,7
2026-08-20 14:17:00,BANKNIFTY29SEP2656000PE,56000.0,PE,29SEP2026,227.2,231.25,227.2,231.2,11
2026-08-20 14:17:00,BANKNIFTY29SEP2656500PE,56500.0,PE,29SEP2026,321.0,321.0,321.0,321.0,1
2026-08-20 14:17:00,BANKNIFTY29SEP2656600PE,56600.0,PE,29SEP2026,341.0,341.0,341.0,341.0,1
2026-08-20 14:17:00,BANKNIFTY29SEP2656800PE,56800.0,PE,29SEP2026,390.0,390.0,390.0,390.0,1
2026-08-20 14:17:00,BANKNIFTY29SEP2657000CE,57000.0,CE,29SEP2026,1439.9,1439.9,1439.9,1439.9,1
2026-08-20 14:17:00,BANKNIFTY29SEP2657000PE,57000.0,PE,29SEP2026,449.5,449.5,442.3,445.15,29
2026-08-20 14:17:00,BANKNIFTY29SEP2657200PE,57200.0,PE,29SEP2026,508.95,508.95,508.95,508.95,1
2026-08-20 14:17:00,BANKNIFTY29SEP2657300CE,57300.0,CE,29SEP2026,1249.9,1250.0,1249.9,1250.0,3
2026-08-20 14:17:00,BANKNIFTY29SEP2657300PE,57300.0,PE,29SEP2026,541.1,541.1,537.0,537.5,4
2026-08-20 14:17:00,BANKNIFTY29SEP2657400PE,57400.0,PE,29SEP2026,569.2,575.55,569.1,574.65,23
2026-08-20 14:17:00,BANKNIFTY29SEP2657500CE,57500.0,CE,29SEP2026,1105.6,1120.0,1104.25,1115.05,49
2026-08-20 14:17:00,BANKNIFTY29SEP2657500PE,57500.0,PE,29SEP2026,609.5,609.5,599.5,604.0,72
2026-08-20 14:18:00,BANKNIFTY29SEP2656000CE,56000.0,CE,29SEP2026,2245.75,2245.75,2245.75,2245.75,1
2026-08-20 14:18:00,BANKNIFTY29SEP2656000PE,56000.0,PE,29SEP2026,231.0,231.0,228.6,228.8,13
2026-08-20 14:18:00,BANKNIFTY29SEP2656500CE,56500.0,CE,29SEP2026,1829.9,1832.0,1820.65,1832.0,9
2026-08-20 14:18:00,BANKNIFTY29SEP2656500PE,56500.0,PE,29SEP2026,318.0,318.4,318.0,318.4,3
2026-08-20 14:18:00,BANKNIFTY29SEP2656800PE,56800.0,PE,29SEP2026,389.25,389.25,389.25,389.25,1
2026-08-20 14:18:00,BANKNIFTY29SEP2657000CE,57000.0,CE,29SEP2026,1460.0,1468.0,1460.0,1468.0,4
2026-08-20 14:18:00,BANKNIFTY29SEP2657000PE,57000.0,PE,29SEP2026,446.6,446.6,441.6,441.6,14
2026-08-20 14:18:00,BANKNIFTY29SEP2657100PE,57100.0,PE,29SEP2026,471.6,471.6,471.6,471.6,1
2026-08-20 14:18:00,BANKNIFTY29SEP2657200PE,57200.0,PE,29SEP2026,508.35,509.8,508.35,509.8,3
2026-08-20 14:18:00,BANKNIFTY29SEP2657300PE,57300.0,PE,29SEP2026,541.05,541.05,541.05,541.05,1
2026-08-20 14:18:00,BANKNIFTY29SEP2657400PE,57400.0,PE,29SEP2026,574.9,576.0,574.9,576.0,15
2026-08-20 14:18:00,BANKNIFTY29SEP2657500CE,57500.0,CE,29SEP2026,1118.75,1130.65,1118.75,1130.65,19
2026-08-20 14:18:00,BANKNIFTY29SEP2657500PE,57500.0,PE,29SEP2026,596.1,596.1,596.05,596.05,2
2026-08-20 14:19:00,BANKNIFTY29SEP2656000CE,56000.0,CE,29SEP2026,2230.8,2230.8,2229.25,2229.25,5
2026-08-20 14:19:00,BANKNIFTY29SEP2656000PE,56000.0,PE,29SEP2026,228.8,230.05,228.55,229.0,17
2026-08-20 14:19:00,BANKNIFTY29SEP2656500PE,56500.0,PE,29SEP2026,320.5,320.5,316.7,316.7,6
2026-08-20 14:19:00,BANKNIFTY29SEP2657000CE,57000.0,CE,29SEP2026,1472.95,1472.95,1461.65,1461.65,7
2026-08-20 14:19:00,BANKNIFTY29SEP2657000PE,57000.0,PE,29SEP2026,442.05,442.7,440.3,440.3,5
2026-08-20 14:19:00,BANKNIFTY29SEP2657200PE,57200.0,PE,29SEP2026,505.05,505.05,505.05,505.05,1
2026-08-20 14:19:00,BANKNIFTY29SEP2657500CE,57500.0,CE,29SEP2026,1129.35,1132.2,1127.15,1132.2,3
2026-08-20 14:19:00,BANKNIFTY29SEP2657500PE,57500.0,PE,29SEP2026,601.25,601.35,597.4,597.4,5
2026-08-20 14:20:00,BANKNIFTY29SEP2655500PE,55500.0,PE,29SEP2026,164.25,165.55,164.25,165.55,6
2026-08-20 14:20:00,BANKNIFTY29SEP2656000CE,56000.0,CE,29SEP2026,2229.25,2229.25,2220.3,2220.3,10
2026-08-20 14:20:00,BANKNIFTY29SEP2656000PE,56000.0,PE,29SEP2026,229.0,231.0,228.5,229.95,27
2026-08-20 14:20:00,BANKNIFTY29SEP2656500PE,56500.0,PE,29SEP2026,318.7,320.7,316.5,319.7,19
2026-08-20 14:20:00,BANKNIFTY29SEP2656700PE,56700.0,PE,29SEP2026,366.0,366.0,366.0,366.0,4
2026-08-20 14:20:00,BANKNIFTY29SEP2657000CE,57000.0,CE,29SEP2026,1461.7,1468.0,1460.0,1468.0,28
2026-08-20 14:20:00,BANKNIFTY29SEP2657000PE,57000.0,PE,29SEP2026,441.95,446.4,441.6,446.4,15
2026-08-20 14:20:00,BANKNIFTY29SEP2657200PE,57200.0,PE,29SEP2026,505.05,508.55,505.05,508.45,4
2026-08-20 14:20:00,BANKNIFTY29SEP2657300CE,57300.0,CE,29SEP2026,1262.0,1262.0,1262.0,1262.0,1
2026-08-20 14:20:00,BANKNIFTY29SEP2657300PE,57300.0,PE,29SEP2026,538.75,540.1,536.65,538.1,18
2026-08-20 14:20:00,BANKNIFTY29SEP2657400PE,57400.0,PE,29SEP2026,573.9,573.9,573.9,573.9,1
2026-08-20 14:20:00,BANKNIFTY29SEP2657500CE,57500.0,CE,29SEP2026,1130.55,1130.55,1122.0,1122.0,25
2026-08-20 14:20:00,BANKNIFTY29SEP2657500PE,57500.0,PE,29SEP2026,600.0,607.4,600.0,604.1,18
2026-08-20 14:21:00,BANKNIFTY29SEP2655500PE,55500.0,PE,29SEP2026,164.35,164.35,164.35,164.35,2
2026-08-20 14:21:00,BANKNIFTY29SEP2656000CE,56000.0,CE,29SEP2026,2226.35,2226.35,2221.1,2221.1,10
2026-08-20 14:21:00,BANKNIFTY29SEP2656000PE,56000.0,PE,29SEP2026,230.85,230.85,230.85,230.85,1
2026-08-20 14:21:00,BANKNIFTY29SEP2657000CE,57000.0,CE,29SEP2026,1463.25,1470.95,1457.35,1470.95,22
2026-08-20 14:21:00,BANKNIFTY29SEP2657000PE,57000.0,PE,29SEP2026,443.3,445.95,443.3,443.5,9
2026-08-20 14:21:00,BANKNIFTY29SEP2657400PE,57400.0,PE,29SEP2026,574.0,574.0,574.0,574.0,4
2026-08-20 14:21:00,BANKNIFTY29SEP2657500CE,57500.0,CE,29SEP2026,1123.65,1127.0,1123.65,1127.0,3
2026-08-20 14:21:00,BANKNIFTY29SEP2657500PE,57500.0,PE,29SEP2026,600.0,602.75,600.0,602.75,2
2026-08-20 14:22:00,BANKNIFTY29SEP2655500PE,55500.0,PE,29SEP2026,164.8,165.1,164.8,165.1,7
2026-08-20 14:22:00,BANKNIFTY29SEP2656000CE,56000.0,CE,29SEP2026,2218.25,2218.25,2218.25,2218.25,5
2026-08-20 14:22:00,BANKNIFTY29SEP2656000PE,56000.0,PE,29SEP2026,230.0,230.5,229.15,230.5,8
2026-08-20 14:22:00,BANKNIFTY29SEP2656500PE,56500.0,PE,29SEP2026,321.0,321.05,319.0,319.3,8
2026-08-20 14:22:00,BANKNIFTY29SEP2657000CE,57000.0,CE,29SEP2026,1456.3,1456.3,1456.15,1456.15,5
2026-08-20 14:22:00,BANKNIFTY29SEP2657000PE,57000.0,PE,29SEP2026,444.0,446.6,443.1,445.0,5
2026-08-20 14:22:00,BANKNIFTY29SEP2657300PE,57300.0,PE,29SEP2026,538.35,538.35,538.3,538.3,2
2026-08-20 14:22:00,BANKNIFTY29SEP2657500CE,57500.0,CE,29SEP2026,1123.9,1127.0,1122.0,1122.0,7
2026-08-20 14:22:00,BANKNIFTY29SEP2657500PE,57500.0,PE,29SEP2026,605.0,605.1,605.0,605.0,5
2026-08-20 14:23:00,BANKNIFTY29SEP2655500PE,55500.0,PE,29SEP2026,165.1,165.1,164.4,164.4,15
2026-08-20 14:23:00,BANKNIFTY29SEP2656000PE,56000.0,PE,29SEP2026,231.3,231.45,229.0,229.0,18
2026-08-20 14:23:00,BANKNIFTY29SEP2656800PE,56800.0,PE,29SEP2026,391.7,391.7,391.7,391.7,2
2026-08-20 14:23:00,BANKNIFTY29SEP2657000CE,57000.0,CE,29SEP2026,1460.0,1467.65,1460.0,1467.65,3
2026-08-20 14:23:00,BANKNIFTY29SEP2657000PE,57000.0,PE,29SEP2026,445.0,445.95,444.8,444.8,9
2026-08-20 14:23:00,BANKNIFTY29SEP2657200PE,57200.0,PE,29SEP2026,509.95,509.95,509.95,509.95,4
2026-08-20 14:23:00,BANKNIFTY29SEP2657300CE,57300.0,CE,29SEP2026,1262.0,1262.0,1262.0,1262.0,1
2026-08-20 14:23:00,BANKNIFTY29SEP2657300PE,57300.0,PE,29SEP2026,540.0,540.0,540.0,540.0,1
2026-08-20 14:23:00,BANKNIFTY29SEP2657400PE,57400.0,PE,29SEP2026,574.5,574.5,574.45,574.45,2
2026-08-20 14:23:00,BANKNIFTY29SEP2657500CE,57500.0,CE,29SEP2026,1122.0,1129.65,1122.0,1129.65,10
2026-08-20 14:23:00,BANKNIFTY29SEP2657500PE,57500.0,PE,29SEP2026,605.1,606.55,604.8,604.8,8
2026-08-20 14:24:00,BANKNIFTY29SEP2655500PE,55500.0,PE,29SEP2026,164.8,164.8,164.0,164.0,6
2026-08-20 14:24:00,BANKNIFTY29SEP2656000PE,56000.0,PE,29SEP2026,228.25,228.25,228.05,228.05,2
2026-08-20 14:24:00,BANKNIFTY29SEP2656500PE,56500.0,PE,29SEP2026,319.3,319.3,317.75,317.75,4
2026-08-20 14:24:00,BANKNIFTY29SEP2656800PE,56800.0,PE,29SEP2026,389.7,389.7,389.7,389.7,1
2026-08-20 14:24:00,BANKNIFTY29SEP2657000CE,57000.0,CE,29SEP2026,1463.25,1470.55,1459.1,1459.1,6
2026-08-20 14:24:00,BANKNIFTY29SEP2657000PE,57000.0,PE,29SEP2026,444.0,444.0,442.85,442.85,7
2026-08-20 14:24:00,BANKNIFTY29SEP2657100CE,57100.0,CE,29SEP2026,1377.9,1377.9,1377.9,1377.9,1
2026-08-20 14:24:00,BANKNIFTY29SEP2657400PE,57400.0,PE,29SEP2026,570.1,570.1,570.0,570.0,3
2026-08-20 14:24:00,BANKNIFTY29SEP2657500CE,57500.0,CE,29SEP2026,1129.0,1130.3,1129.0,1129.95,4
2026-08-20 14:24:00,BANKNIFTY29SEP2657500PE,57500.0,PE,29SEP2026,602.7,602.7,600.0,600.35,5
2026-08-20 14:25:00,BANKNIFTY29SEP2655500PE,55500.0,PE,29SEP2026,163.2,163.2,163.2,163.2,1
2026-08-20 14:25:00,BANKNIFTY29SEP2656000PE,56000.0,PE,29SEP2026,229.0,229.0,228.05,228.05,3
2026-08-20 14:25:00,BANKNIFTY29SEP2656500CE,56500.0,CE,29SEP2026,1832.0,1832.0,1832.0,1832.0,4
2026-08-20 14:25:00,BANKNIFTY29SEP2656500PE,56500.0,PE,29SEP2026,318.9,320.0,318.05,320.0,8
2026-08-20 14:25:00,BANKNIFTY29SEP2657000CE,57000.0,CE,29SEP2026,1464.15,1469.65,1455.0,1455.0,6
2026-08-20 14:25:00,BANKNIFTY29SEP2657000PE,57000.0,PE,29SEP2026,442.85,444.95,440.15,443.5,25
2026-08-20 14:25:00,BANKNIFTY29SEP2657100PE,57100.0,PE,29SEP2026,469.95,469.95,469.95,469.95,1
2026-08-20 14:25:00,BANKNIFTY29SEP2657300PE,57300.0,PE,29SEP2026,540.0,540.0,540.0,540.0,2
2026-08-20 14:25:00,BANKNIFTY29SEP2657500CE,57500.0,CE,29SEP2026,1126.0,1126.0,1121.0,1121.0,8
2026-08-20 14:25:00,BANKNIFTY29SEP2657500PE,57500.0,PE,29SEP2026,600.35,606.0,600.05,606.0,18
2026-08-20 14:26:00,BANKNIFTY29SEP2655500PE,55500.0,PE,29SEP2026,164.4,164.4,164.4,164.4,1
2026-08-20 14:26:00,BANKNIFTY29SEP2656000CE,56000.0,CE,29SEP2026,2216.45,2224.4,2216.45,2223.4,11
2026-08-20 14:26:00,BANKNIFTY29SEP2656000PE,56000.0,PE,29SEP2026,230.0,231.2,228.8,228.8,31
2026-08-20 14:26:00,BANKNIFTY29SEP2656500PE,56500.0,PE,29SEP2026,320.2,322.4,320.0,322.4,9
2026-08-20 14:26:00,BANKNIFTY29SEP2656800PE,56800.0,PE,29SEP2026,395.0,395.0,395.0,395.0,1
2026-08-20 14:26:00,BANKNIFTY29SEP2656900PE,56900.0,PE,29SEP2026,413.05,413.05,412.95,412.95,2
2026-08-20 14:26:00,BANKNIFTY29SEP2657000CE,57000.0,CE,29SEP2026,1455.0,1459.15,1449.2,1459.15,16
2026-08-20 14:26:00,BANKNIFTY29SEP2657000PE,57000.0,PE,29SEP2026,444.95,449.2,443.8,443.8,28
2026-08-20 14:26:00,BANKNIFTY29SEP2657200PE,57200.0,PE,29SEP2026,511.6,511.65,511.6,511.65,2
2026-08-20 14:26:00,BANKNIFTY29SEP2657300CE,57300.0,CE,29SEP2026,1250.0,1250.0,1240.05,1240.05,4
2026-08-20 14:26:00,BANKNIFTY29SEP2657300PE,57300.0,PE,29SEP2026,541.0,541.0,541.0,541.0,1
2026-08-20 14:26:00,BANKNIFTY29SEP2657400PE,57400.0,PE,29SEP2026,577.8,577.85,577.8,577.85,3
2026-08-20 14:26:00,BANKNIFTY29SEP2657500CE,57500.0,CE,29SEP2026,1120.0,1125.0,1118.3,1125.0,13
2026-08-20 14:26:00,BANKNIFTY29SEP2657500PE,57500.0,PE,29SEP2026,603.3,608.2,603.3,604.0,14
2026-08-20 14:27:00,BANKNIFTY29SEP2655500PE,55500.0,PE,29SEP2026,165.05,165.05,164.45,164.45,2
2026-08-20 14:27:00,BANKNIFTY29SEP2656000CE,56000.0,CE,29SEP2026,2221.2,2221.2,2221.2,2221.2,3
2026-08-20 14:27:00,BANKNIFTY29SEP2656000PE,56000.0,PE,29SEP2026,231.0,231.0,228.0,228.0,4
2026-08-20 14:27:00,BANKNIFTY29SEP2656200PE,56200.0,PE,29SEP2026,260.45,260.45,260.45,260.45,1
2026-08-20 14:27:00,BANKNIFTY29SEP2656500PE,56500.0,PE,29SEP2026,320.1,320.45,319.0,319.9,18
2026-08-20 14:27:00,BANKNIFTY29SEP2656800PE,56800.0,PE,29SEP2026,393.95,393.95,390.75,390.75,2
2026-08-20 14:27:00,BANKNIFTY29SEP2657000CE,57000.0,CE,29SEP2026,1459.95,1463.3,1459.95,1460.05,8
2026-08-20 14:27:00,BANKNIFTY29SEP2657000PE,57000.0,PE,29SEP2026,446.2,446.6,443.7,443.7,7
2026-08-20 14:27:00,BANKNIFTY29SEP2657200PE,57200.0,PE,29SEP2026,509.9,509.9,503.7,503.7,2
2026-08-20 14:27:00,BANKNIFTY29SEP2657300PE,57300.0,PE,29SEP2026,538.4,538.4,538.4,538.4,1
2026-08-20 14:27:00,BANKNIFTY29SEP2657400CE,57400.0,CE,29SEP2026,1191.8,1192.75,1191.8,1192.75,2
2026-08-20 14:27:00,BANKNIFTY29SEP2657500PE,57500.0,PE,29SEP2026,603.1,603.1,601.0,601.0,3
2026-08-20 14:28:00,BANKNIFTY29SEP2655500PE,55500.0,PE,29SEP2026,164.25,164.25,164.0,164.0,2
2026-08-20 14:28:00,BANKNIFTY29SEP2656000PE,56000.0,PE,29SEP2026,229.7,229.7,229.7,229.7,1
2026-08-20 14:28:00,BANKNIFTY29SEP2656500PE,56500.0,PE,29SEP2026,319.6,320.0,316.75,316.75,53
2026-08-20 14:28:00,BANKNIFTY29SEP2657000PE,57000.0,PE,29SEP2026,443.5,443.5,441.0,441.35,57
2026-08-20 14:28:00,BANKNIFTY29SEP2657100PE,57100.0,PE,29SEP2026,475.4,475.45,475.4,475.45,2
2026-08-20 14:28:00,BANKNIFTY29SEP2657300PE,57300.0,PE,29SEP2026,535.2,535.2,535.2,535.2,4
2026-08-20 14:28:00,BANKNIFTY29SEP2657500PE,57500.0,PE,29SEP2026,603.05,603.95,602.45,602.45,5
2026-08-20 14:29:00,BANKNIFTY29SEP2655500PE,55500.0,PE,29SEP2026,163.2,163.2,163.2,163.2,1
2026-08-20 14:29:00,BANKNIFTY29SEP2656200PE,56200.0,PE,29SEP2026,260.45,260.45,260.45,260.45,1
2026-08-20 14:29:00,BANKNIFTY29SEP2656500PE,56500.0,PE,29SEP2026,316.3,316.3,316.2,316.2,7
2026-08-20 14:29:00,BANKNIFTY29SEP2657000PE,57000.0,PE,29SEP2026,440.1,440.1,440.0,440.0,2
2026-08-20 14:29:00,BANKNIFTY29SEP2657100PE,57100.0,PE,29SEP2026,473.0,473.0,473.0,473.0,1
2026-08-20 14:29:00,BANKNIFTY29SEP2657500CE,57500.0,CE,29SEP2026,1125.0,1128.95,1125.0,1128.95,4
2026-08-20 14:29:00,BANKNIFTY29SEP2657500PE,57500.0,PE,29SEP2026,602.05,603.2,600.0,601.45,49
2026-08-20 14:30:00,BANKNIFTY29SEP2655500PE,55500.0,PE,29SEP2026,163.25,164.0,162.8,163.8,13
2026-08-20 14:30:00,BANKNIFTY29SEP2656000PE,56000.0,PE,29SEP2026,229.15,230.0,229.05,229.05,5
2026-08-20 14:30:00,BANKNIFTY29SEP2656200PE,56200.0,PE,29SEP2026,263.0,263.0,263.0,263.0,1
2026-08-20 14:30:00,BANKNIFTY29SEP2656500CE,56500.0,CE,29SEP2026,1832.0,1832.0,1832.0,1832.0,1
2026-08-20 14:30:00,BANKNIFTY29SEP2656500PE,56500.0,PE,29SEP2026,318.65,320.0,317.1,317.3,29
2026-08-20 14:30:00,BANKNIFTY29SEP2656600PE,56600.0,PE,29SEP2026,341.0,341.0,341.0,341.0,1
2026-08-20 14:30:00,BANKNIFTY29SEP2656800PE,56800.0,PE,29SEP2026,390.0,390.0,390.0,390.0,1
2026-08-20 14:30:00,BANKNIFTY29SEP2657000CE,57000.0,CE,29SEP2026,1460.05,1460.05,1460.0,1460.0,2
2026-08-20 14:30:00,BANKNIFTY29SEP2657000PE,57000.0,PE,29SEP2026,442.45,445.0,441.25,441.25,36
2026-08-20 14:30:00,BANKNIFTY29SEP2657100PE,57100.0,PE,29SEP2026,472.95,475.35,472.95,475.3,3
2026-08-20 14:30:00,BANKNIFTY29SEP2657200PE,57200.0,PE,29SEP2026,507.2,507.2,507.2,507.2,1
2026-08-20 14:30:00,BANKNIFTY29SEP2657300PE,57300.0,PE,29SEP2026,536.7,538.95,536.7,538.35,4
2026-08-20 14:30:00,BANKNIFTY29SEP2657400PE,57400.0,PE,29SEP2026,570.1,571.25,570.1,571.25,3
2026-08-20 14:30:00,BANKNIFTY29SEP2657500CE,57500.0,CE,29SEP2026,1126.0,1128.85,1120.0,1128.85,20
2026-08-20 14:30:00,BANKNIFTY29SEP2657500PE,57500.0,PE,29SEP2026,604.15,605.45,601.05,602.95,41
2026-08-20 14:31:00,BANKNIFTY29SEP2655500PE,55500.0,PE,29SEP2026,163.75,163.75,163.45,163.5,4
2026-08-20 14:31:00,BANKNIFTY29SEP2656000PE,56000.0,PE,29SEP2026,229.7,229.7,229.45,229.5,6
2026-08-20 14:31:00,BANKNIFTY29SEP2657000PE,57000.0,PE,29SEP2026,440.5,442.6,440.35,442.4,5
2026-08-20 14:31:00,BANKNIFTY29SEP2657100PE,57100.0,PE,29SEP2026,471.5,471.5,469.8,469.8,3
2026-08-20 14:31:00,BANKNIFTY29SEP2657200PE,57200.0,PE,29SEP2026,503.65,503.65,503.65,503.65,1
2026-08-20 14:31:00,BANKNIFTY29SEP2657300PE,57300.0,PE,29SEP2026,535.65,539.3,535.1,536.35,18
2026-08-20 14:31:00,BANKNIFTY29SEP2657500CE,57500.0,CE,29SEP2026,1125.0,1129.85,1124.3,1129.5,43
2026-08-20 14:31:00,BANKNIFTY29SEP2657500PE,57500.0,PE,29SEP2026,603.05,604.35,599.15,603.0,37
2026-08-20 14:32:00,BANKNIFTY29SEP2655500PE,55500.0,PE,29SEP2026,163.7,163.95,163.45,163.95,8
2026-08-20 14:32:00,BANKNIFTY29SEP2656000PE,56000.0,PE,29SEP2026,229.5,229.6,228.6,228.6,5
2026-08-20 14:32:00,BANKNIFTY29SEP2656500PE,56500.0,PE,29SEP2026,319.9,320.0,319.7,320.0,60
2026-08-20 14:32:00,BANKNIFTY29SEP2657000PE,57000.0,PE,29SEP2026,441.45,441.45,440.0,440.0,8
2026-08-20 14:32:00,BANKNIFTY29SEP2657300PE,57300.0,PE,29SEP2026,534.5,534.95,534.3,534.95,10
2026-08-20 14:32:00,BANKNIFTY29SEP2657400CE,57400.0,CE,29SEP2026,1196.45,1199.75,1196.45,1199.75,2
2026-08-20 14:32:00,BANKNIFTY29SEP2657500CE,57500.0,CE,29SEP2026,1128.0,1132.2,1125.45,1132.2,36
2026-08-20 14:32:00,BANKNIFTY29SEP2657500PE,57500.0,PE,29SEP2026,600.05,601.95,598.2,598.2,30
2026-08-20 14:33:00,BANKNIFTY29SEP2655500PE,55500.0,PE,29SEP2026,163.85,163.85,162.5,162.6,13
2026-08-20 14:33:00,BANKNIFTY29SEP2656000PE,56000.0,PE,29SEP2026,228.0,228.0,228.0,228.0,2
2026-08-20 14:33:00,BANKNIFTY29SEP2656500PE,56500.0,PE,29SEP2026,318.0,318.0,316.3,316.3,4
2026-08-20 14:33:00,BANKNIFTY29SEP2656700PE,56700.0,PE,29SEP2026,362.0,362.0,362.0,362.0,2
2026-08-20 14:33:00,BANKNIFTY29SEP2657000CE,57000.0,CE,29SEP2026,1470.95,1470.95,1470.95,1470.95,6
2026-08-20 14:33:00,BANKNIFTY29SEP2657000PE,57000.0,PE,29SEP2026,438.05,440.4,438.05,440.4,32
2026-08-20 14:33:00,BANKNIFTY29SEP2657200PE,57200.0,PE,29SEP2026,499.3,499.3,499.3,499.3,1
2026-08-20 14:33:00,BANKNIFTY29SEP2657400CE,57400.0,CE,29SEP2026,1198.0,1198.0,1198.0,1198.0,1
2026-08-20 14:33:00,BANKNIFTY29SEP2657500CE,57500.0,CE,29SEP2026,1132.0,1135.55,1128.7,1129.45,9
2026-08-20 14:33:00,BANKNIFTY29SEP2657500PE,57500.0,PE,29SEP2026,598.4,600.0,596.9,600.0,16
2026-08-20 14:34:00,BANKNIFTY29SEP2655500PE,55500.0,PE,29SEP2026,162.95,164.65,162.95,164.65,6
2026-08-20 14:34:00,BANKNIFTY29SEP2656000PE,56000.0,PE,29SEP2026,226.6,229.9,226.4,229.0,14
2026-08-20 14:34:00,BANKNIFTY29SEP2656500PE,56500.0,PE,29SEP2026,317.9,318.6,316.3,316.8,14
2026-08-20 14:34:00,BANKNIFTY29SEP2657000CE,57000.0,CE,29SEP2026,1466.0,1466.0,1462.1,1462.1,2
2026-08-20 14:34:00,BANKNIFTY29SEP2657000PE,57000.0,PE,29SEP2026,441.0,442.0,440.45,440.45,6
2026-08-20 14:34:00,BANKNIFTY29SEP2657200PE,57200.0,PE,29SEP2026,503.15,503.15,502.25,502.25,10
2026-08-20 14:34:00,BANKNIFTY29SEP2657400CE,57400.0,CE,29SEP2026,1194.2,1194.2,1194.2,1194.2,1
2026-08-20 14:34:00,BANKNIFTY29SEP2657400PE,57400.0,PE,29SEP2026,569.05,569.05,569.05,569.05,2
2026-08-20 14:34:00,BANKNIFTY29SEP2657500CE,57500.0,CE,29SEP2026,1129.45,1131.65,1124.85,1125.05,14
2026-08-20 14:34:00,BANKNIFTY29SEP2657500PE,57500.0,PE,29SEP2026,600.0,600.0,599.95,600.0,43
2026-08-20 14:35:00,BANKNIFTY29SEP2655500PE,55500.0,PE,29SEP2026,163.6,164.5,163.55,164.5,4
2026-08-20 14:35:00,BANKNIFTY29SEP2656000PE,56000.0,PE,29SEP2026,230.0,230.0,230.0,230.0,1
2026-08-20 14:35:00,BANKNIFTY29SEP2656500PE,56500.0,PE,29SEP2026,316.25,318.75,316.25,317.8,10
2026-08-20 14:35:00,BANKNIFTY29SEP2657000PE,57000.0,PE,29SEP2026,438.1,441.0,438.05,441.0,24
2026-08-20 14:35:00,BANKNIFTY29SEP2657400CE,57400.0,CE,29SEP2026,1193.35,1193.35,1193.35,1193.35,1
2026-08-20 14:35:00,BANKNIFTY29SEP2657400PE,57400.0,PE,29SEP2026,566.05,566.05,566.05,566.05,1
2026-08-20 14:35:00,BANKNIFTY29SEP2657500CE,57500.0,CE,29SEP2026,1128.4,1129.0,1121.0,1121.0,22
2026-08-20 14:35:00,BANKNIFTY29SEP2657500PE,57500.0,PE,29SEP2026,599.85,601.0,595.0,601.0,38
2026-08-20 14:36:00,BANKNIFTY29SEP2655500PE,55500.0,PE,29SEP2026,163.9,163.9,163.0,163.0,4
2026-08-20 14:36:00,BANKNIFTY29SEP2656000PE,56000.0,PE,29SEP2026,227.7,228.3,227.7,228.15,29
2026-08-20 14:36:00,BANKNIFTY29SEP2656500PE,56500.0,PE,29SEP2026,318.7,318.75,316.1,316.1,6
2026-08-20 14:36:00,BANKNIFTY29SEP2657000CE,57000.0,CE,29SEP2026,1460.05,1462.5,1460.05,1462.5,2
2026-08-20 14:36:00,BANKNIFTY29SEP2657000PE,57000.0,PE,29SEP2026,442.3,442.3,440.0,440.0,4
2026-08-20 14:36:00,BANKNIFTY29SEP2657200CE,57200.0,CE,29SEP2026,1334.75,1334.8,1334.75,1334.8,2
2026-08-20 14:36:00,BANKNIFTY29SEP2657200PE,57200.0,PE,29SEP2026,499.2,499.2,499.15,499.15,2
2026-08-20 14:36:00,BANKNIFTY29SEP2657400CE,57400.0,CE,29SEP2026,1202.1,1202.1,1202.1,1202.1,1
2026-08-20 14:36:00,BANKNIFTY29SEP2657500CE,57500.0,CE,29SEP2026,1122.65,1131.0,1122.65,1131.0,5
2026-08-20 14:36:00,BANKNIFTY29SEP2657500PE,57500.0,PE,29SEP2026,600.0,602.9,593.05,593.05,12
2026-08-20 14:37:00,BANKNIFTY29SEP2655500PE,55500.0,PE,29SEP2026,161.85,163.25,161.85,162.45,7
2026-08-20 14:37:00,BANKNIFTY29SEP2656000PE,56000.0,PE,29SEP2026,227.7,228.6,227.7,228.6,5
2026-08-20 14:37:00,BANKNIFTY29SEP2656500PE,56500.0,PE,29SEP2026,315.0,317.1,315.0,316.1,6
2026-08-20 14:37:00,BANKNIFTY29SEP2657000CE,57000.0,CE,29SEP2026,1470.9,1472.55,1460.3,1472.55,10
2026-08-20 14:37:00,BANKNIFTY29SEP2657000PE,57000.0,PE,29SEP2026,440.0,443.1,439.15,439.15,4
2026-08-20 14:37:00,BANKNIFTY29SEP2657200CE,57200.0,CE,29SEP2026,1328.7,1328.7,1328.7,1328.7,1
2026-08-20 14:37:00,BANKNIFTY29SEP2657400CE,57400.0,CE,29SEP2026,1194.1,1194.1,1180.2,1180.2,2
2026-08-20 14:37:00,BANKNIFTY29SEP2657400PE,57400.0,PE,29SEP2026,567.3,567.3,567.2,567.2,3
2026-08-20 14:37:00,BANKNIFTY29SEP2657500CE,57500.0,CE,29SEP2026,1131.0,1131.0,1121.1,1121.1,5
2026-08-20 14:37:00,BANKNIFTY29SEP2657500PE,57500.0,PE,29SEP2026,596.8,602.5,596.8,602.5,5
2026-08-20 14:38:00,BANKNIFTY29SEP2655500PE,55500.0,PE,29SEP2026,162.5,162.5,162.5,162.5,1
2026-08-20 14:38:00,BANKNIFTY29SEP2656000CE,56000.0,CE,29SEP2026,2232.0,2232.0,2232.0,2232.0,1
2026-08-20 14:38:00,BANKNIFTY29SEP2656000PE,56000.0,PE,29SEP2026,227.25,227.55,226.3,227.55,4
2026-08-20 14:38:00,BANKNIFTY29SEP2656300PE,56300.0,PE,29SEP2026,277.85,277.85,275.05,275.05,2
2026-08-20 14:38:00,BANKNIFTY29SEP2656500PE,56500.0,PE,29SEP2026,317.65,317.7,315.8,315.8,4
2026-08-20 14:38:00,BANKNIFTY29SEP2656800PE,56800.0,PE,29SEP2026,386.9,386.9,386.9,386.9,1
2026-08-20 14:38:00,BANKNIFTY29SEP2657000PE,57000.0,PE,29SEP2026,439.1,439.1,439.1,439.1,2
2026-08-20 14:38:00,BANKNIFTY29SEP2657200PE,57200.0,PE,29SEP2026,501.1,501.1,501.1,501.1,1
2026-08-20 14:38:00,BANKNIFTY29SEP2657300PE,57300.0,PE,29SEP2026,532.05,534.6,531.2,534.6,4
2026-08-20 14:38:00,BANKNIFTY29SEP2657400CE,57400.0,CE,29SEP2026,1193.65,1193.65,1193.65,1193.65,1
2026-08-20 14:38:00,BANKNIFTY29SEP2657400PE,57400.0,PE,29SEP2026,567.75,567.8,567.75,567.8,2
2026-08-20 14:38:00,BANKNIFTY29SEP2657500CE,57500.0,CE,29SEP2026,1126.0,1131.75,1125.0,1131.75,3
2026-08-20 14:38:00,BANKNIFTY29SEP2657500PE,57500.0,PE,29SEP2026,599.3,601.5,598.25,601.1,65
2026-08-20 14:39:00,BANKNIFTY29SEP2655500PE,55500.0,PE,29SEP2026,161.9,161.9,160.65,160.65,2
2026-08-20 14:39:00,BANKNIFTY29SEP2656000PE,56000.0,PE,29SEP2026,226.2,226.2,224.8,224.8,8
2026-08-20 14:39:00,BANKNIFTY29SEP2656500PE,56500.0,PE,29SEP2026,315.3,317.25,313.05,314.6,10
2026-08-20 14:39:00,BANKNIFTY29SEP2656600PE,56600.0,PE,29SEP2026,336.0,336.0,336.0,336.0,4
2026-08-20 14:39:00,BANKNIFTY29SEP2656700PE,56700.0,PE,29SEP2026,357.0,357.0,357.0,357.0,1
2026-08-20 14:39:00,BANKNIFTY29SEP2656900CE,56900.0,CE,29SEP2026,1552.0,1552.0,1552.0,1552.0,1
2026-08-20 14:39:00,BANKNIFTY29SEP2657000CE,57000.0,CE,29SEP2026,1471.95,1478.0,1470.0,1478.0,6
2026-08-20 14:39:00,BANKNIFTY29SEP2657000PE,57000.0,PE,29SEP2026,436.25,436.25,433.3,433.9,9
2026-08-20 14:39:00,BANKNIFTY29SEP2657200CE,57200.0,CE,29SEP2026,1327.5,1327.5,1327.45,1327.45,2
2026-08-20 14:39:00,BANKNIFTY29SEP2657500CE,57500.0,CE,29SEP2026,1139.0,1142.2,1137.05,1142.2,12
2026-08-20 14:39:00,BANKNIFTY29SEP2657500PE,57500.0,PE,29SEP2026,597.25,597.25,590.0,592.85,95
2026-08-20 14:40:00,BANKNIFTY29SEP2655500PE,55500.0,PE,29SEP2026,160.1,160.7,160.05,160.7,11
2026-08-20 14:40:00,BANKNIFTY29SEP2656000PE,56000.0,PE,29SEP2026,225.0,225.0,224.75,224.85,5
2026-08-20 14:40:00,BANKNIFTY29SEP2656500PE,56500.0,PE,29SEP2026,312.0,312.0,311.65,311.65,2
2026-08-20 14:40:00,BANKNIFTY29SEP2657000CE,57000.0,CE,29SEP2026,1480.0,1480.05,1480.0,1480.05,6
2026-08-20 14:40:00,BANKNIFTY29SEP2657000PE,57000.0,PE,29SEP2026,433.55,434.0,432.2,434.0,5
2026-08-20 14:40:00,BANKNIFTY29SEP2657200PE,57200.0,PE,29SEP2026,497.0,497.0,494.6,494.6,2
2026-08-20 14:40:00,BANKNIFTY29SEP2657400CE,57400.0,CE,29SEP2026,1205.0,1205.0,1205.0,1205.0,1
2026-08-20 14:40:00,BANKNIFTY29SEP2657400PE,57400.0,PE,29SEP2026,561.95,564.5,560.9,560.9,15
2026-08-20 14:40:00,BANKNIFTY29SEP2657500CE,57500.0,CE,29SEP2026,1142.15,1143.0,1138.9,1140.0,32
2026-08-20 14:40:00,BANKNIFTY29SEP2657500PE,57500.0,PE,29SEP2026,589.35,593.0,589.35,593.0,6
2026-08-20 14:41:00,BANKNIFTY29SEP2655500PE,55500.0,PE,29SEP2026,161.2,161.2,161.2,161.2,1
2026-08-20 14:41:00,BANKNIFTY29SEP2656000PE,56000.0,PE,29SEP2026,224.95,225.8,224.8,225.7,13
2026-08-20 14:41:00,BANKNIFTY29SEP2656500CE,56500.0,CE,29SEP2026,1840.0,1840.0,1840.0,1840.0,1
2026-08-20 14:41:00,BANKNIFTY29SEP2656700PE,56700.0,PE,29SEP2026,360.0,360.0,360.0,360.0,2
2026-08-20 14:41:00,BANKNIFTY29SEP2656800PE,56800.0,PE,29SEP2026,380.05,380.05,380.0,380.0,3
2026-08-20 14:41:00,BANKNIFTY29SEP2657000CE,57000.0,CE,29SEP2026,1464.25,1470.85,1464.25,1470.85,2
2026-08-20 14:41:00,BANKNIFTY29SEP2657000PE,57000.0,PE,29SEP2026,434.25,439.0,434.25,438.5,21
2026-08-20 14:41:00,BANKNIFTY29SEP2657200PE,57200.0,PE,29SEP2026,502.9,502.9,502.9,502.9,1
2026-08-20 14:41:00,BANKNIFTY29SEP2657400PE,57400.0,PE,29SEP2026,568.35,568.4,568.35,568.4,2
2026-08-20 14:41:00,BANKNIFTY29SEP2657500CE,57500.0,CE,29SEP2026,1137.1,1137.1,1126.8,1126.8,18
2026-08-20 14:41:00,BANKNIFTY29SEP2657500PE,57500.0,PE,29SEP2026,595.0,600.0,594.85,598.3,16
2026-08-20 14:42:00,BANKNIFTY29SEP2655500PE,55500.0,PE,29SEP2026,162.45,162.45,162.3,162.3,5
2026-08-20 14:42:00,BANKNIFTY29SEP2656000PE,56000.0,PE,29SEP2026,227.95,228.05,226.25,226.3,10
2026-08-20 14:42:00,BANKNIFTY29SEP2656200CE,56200.0,CE,29SEP2026,2058.7,2058.7,2058.7,2058.7,1
2026-08-20 14:42:00,BANKNIFTY29SEP2656500PE,56500.0,PE,29SEP2026,315.35,319.45,315.35,319.45,10
2026-08-20 14:42:00,BANKNIFTY29SEP2656600PE,56600.0,PE,29SEP2026,333.45,333.45,332.25,332.25,6
2026-08-20 14:42:00,BANKNIFTY29SEP2656700PE,56700.0,PE,29SEP2026,356.1,356.1,356.1,356.1,1
2026-08-20 14:42:00,BANKNIFTY29SEP2657000PE,57000.0,PE,29SEP2026,438.9,441.0,437.8,441.0,12
2026-08-20 14:42:00,BANKNIFTY29SEP2657300PE,57300.0,PE,29SEP2026,534.0,534.0,534.0,534.0,2
2026-08-20 14:42:00,BANKNIFTY29SEP2657500CE,57500.0,CE,29SEP2026,1128.65,1129.6,1125.0,1125.0,9
2026-08-20 14:42:00,BANKNIFTY29SEP2657500PE,57500.0,PE,29SEP2026,598.25,602.5,598.0,602.5,9
2026-08-20 14:43:00,BANKNIFTY29SEP2655500PE,55500.0,PE,29SEP2026,163.25,163.65,160.05,163.65,74
2026-08-20 14:43:00,BANKNIFTY29SEP2656000PE,56000.0,PE,29SEP2026,227.25,227.45,226.0,227.45,25
2026-08-20 14:43:00,BANKNIFTY29SEP2656500CE,56500.0,CE,29SEP2026,1835.0,1835.0,1835.0,1835.0,3
2026-08-20 14:43:00,BANKNIFTY29SEP2656500PE,56500.0,PE,29SEP2026,319.95,320.0,317.1,320.0,28
2026-08-20 14:43:00,BANKNIFTY29SEP2657000CE,57000.0,CE,29SEP2026,1460.0,1467.15,1460.0,1467.15,2
2026-08-20 14:43:00,BANKNIFTY29SEP2657000PE,57000.0,PE,29SEP2026,441.25,442.0,438.95,439.55,43
2026-08-20 14:43:00,BANKNIFTY29SEP2657500CE,57500.0,CE,29SEP2026,1122.45,1127.2,1121.0,1127.2,11
2026-08-20 14:43:00,BANKNIFTY29SEP2657500PE,57500.0,PE,29SEP2026,602.5,603.0,598.65,598.65,19
2026-08-20 14:44:00,BANKNIFTY29SEP2655500PE,55500.0,PE,29SEP2026,162.35,163.85,160.9,163.85,8
2026-08-20 14:44:00,BANKNIFTY29SEP2656000CE,56000.0,CE,29SEP2026,2226.05,2226.05,2226.05,2226.05,1
2026-08-20 14:44:00,BANKNIFTY29SEP2656000PE,56000.0,PE,29SEP2026,228.0,228.0,226.65,227.0,14
2026-08-20 14:44:00,BANKNIFTY29SEP2656200PE,56200.0,PE,29SEP2026,261.35,261.4,261.35,261.35,3
2026-08-20 14:44:00,BANKNIFTY29SEP2656500PE,56500.0,PE,29SEP2026,318.75,320.25,316.6,320.1,26
2026-08-20 14:44:00,BANKNIFTY29SEP2656800PE,56800.0,PE,29SEP2026,384.0,384.0,384.0,384.0,10
2026-08-20 14:44:00,BANKNIFTY29SEP2657000PE,57000.0,PE,29SEP2026,439.75,441.45,436.9,439.0,37
2026-08-20 14:44:00,BANKNIFTY29SEP2657300PE,57300.0,PE,29SEP2026,538.1,538.1,538.1,538.1,1
2026-08-20 14:44:00,BANKNIFTY29SEP2657500CE,57500.0,CE,29SEP2026,1129.75,1130.0,1124.2,1124.2,10
2026-08-20 14:44:00,BANKNIFTY29SEP2657500PE,57500.0,PE,29SEP2026,595.9,602.3,595.85,602.3,7
2026-08-20 14:45:00,BANKNIFTY29SEP2655500PE,55500.0,PE,29SEP2026,163.45,163.95,162.15,163.95,29
2026-08-20 14:45:00,BANKNIFTY29SEP2656000PE,56000.0,PE,29SEP2026,227.65,229.5,226.85,229.5,26
2026-08-20 14:45:00,BANKNIFTY29SEP2656200PE,56200.0,PE,29SEP2026,263.1,263.1,263.1,263.1,1
2026-08-20 14:45:00,BANKNIFTY29SEP2656300PE,56300.0,PE,29SEP2026,280.0,280.0,280.0,280.0,5
2026-08-20 14:45:00,BANKNIFTY29SEP2656500CE,56500.0,CE,29SEP2026,1826.0,1826.0,1826.0,1826.0,1
2026-08-20 14:45:00,BANKNIFTY29SEP2656500PE,56500.0,PE,29SEP2026,318.7,321.8,318.15,321.8,26
2026-08-20 14:45:00,BANKNIFTY29SEP2656600PE,56600.0,PE,29SEP2026,343.9,343.9,343.9,343.9,1
2026-08-20 14:45:00,BANKNIFTY29SEP2656800PE,56800.0,PE,29SEP2026,390.9,391.0,390.9,391.0,14
2026-08-20 14:45:00,BANKNIFTY29SEP2657000CE,57000.0,CE,29SEP2026,1453.15,1453.15,1446.55,1446.55,6
2026-08-20 14:45:00,BANKNIFTY29SEP2657000PE,57000.0,PE,29SEP2026,442.2,444.0,440.75,444.0,13
2026-08-20 14:45:00,BANKNIFTY29SEP2657200CE,57200.0,CE,29SEP2026,1320.8,1320.8,1320.8,1320.8,1
2026-08-20 14:45:00,BANKNIFTY29SEP2657200PE,57200.0,PE,29SEP2026,507.4,507.4,507.0,507.0,2
2026-08-20 14:45:00,BANKNIFTY29SEP2657400CE,57400.0,CE,29SEP2026,1187.9,1190.85,1187.9,1190.85,5
2026-08-20 14:45:00,BANKNIFTY29SEP2657500CE,57500.0,CE,29SEP2026,1121.0,1122.2,1111.0,1111.0,77
2026-08-20 14:45:00,BANKNIFTY29SEP2657500PE,57500.0,PE,29SEP2026,603.0,605.0,601.7,605.0,49
2026-08-20 14:46:00,BANKNIFTY29SEP2655500PE,55500.0,PE,29SEP2026,164.3,164.3,163.5,163.5,9
2026-08-20 14:46:00,BANKNIFTY29SEP2656000CE,56000.0,CE,29SEP2026,2225.0,2225.0,2225.0,2225.0,1
2026-08-20 14:46:00,BANKNIFTY29SEP2656000PE,56000.0,PE,29SEP2026,229.75,229.75,226.65,226.65,9
2026-08-20 14:46:00,BANKNIFTY29SEP2656500PE,56500.0,PE,29SEP2026,320.05,320.05,316.5,316.5,6
2026-08-20 14:46:00,BANKNIFTY29SEP2656800PE,56800.0,PE,29SEP2026,391.0,392.0,388.5,392.0,13
2026-08-20 14:46:00,BANKNIFTY29SEP2657000CE,57000.0,CE,29SEP2026,1452.75,1457.85,1452.4,1457.85,3
2026-08-20 14:46:00,BANKNIFTY29SEP2657000PE,57000.0,PE,29SEP2026,444.25,444.5,439.2,440.05,37
2026-08-20 14:46:00,BANKNIFTY29SEP2657100PE,57100.0,PE,29SEP2026,473.3,473.3,472.1,472.15,11
2026-08-20 14:46:00,BANKNIFTY29SEP2657200PE,57200.0,PE,29SEP2026,507.35,507.35,506.0,506.0,3
2026-08-20 14:46:00,BANKNIFTY29SEP2657300PE,57300.0,PE,29SEP2026,542.5,542.75,537.2,540.75,74
2026-08-20 14:46:00,BANKNIFTY29SEP2657400CE,57400.0,CE,29SEP2026,1193.35,1193.35,1193.35,1193.35,1
2026-08-20 14:46:00,BANKNIFTY29SEP2657500CE,57500.0,CE,29SEP2026,1114.3,1126.8,1112.05,1126.8,42
2026-08-20 14:46:00,BANKNIFTY29SEP2657500PE,57500.0,PE,29SEP2026,605.0,605.95,597.75,602.0,71
2026-08-20 14:47:00,BANKNIFTY29SEP2655500PE,55500.0,PE,29SEP2026,162.6,162.6,162.6,162.6,1
2026-08-20 14:47:00,BANKNIFTY29SEP2656000PE,56000.0,PE,29SEP2026,227.8,227.8,227.8,227.8,1
2026-08-20 14:47:00,BANKNIFTY29SEP2656500PE,56500.0,PE,29SEP2026,318.4,318.4,315.75,316.3,7
2026-08-20 14:47:00,BANKNIFTY29SEP2657000CE,57000.0,CE,29SEP2026,1465.15,1465.2,1457.5,1457.5,4
2026-08-20 14:47:00,BANKNIFTY29SEP2657000PE,57000.0,PE,29SEP2026,440.15,441.6,437.85,441.6,11
2026-08-20 14:47:00,BANKNIFTY29SEP2657100PE,57100.0,PE,29SEP2026,473.8,473.85,473.8,473.85,2
2026-08-20 14:47:00,BANKNIFTY29SEP2657200CE,57200.0,CE,29SEP2026,1330.45,1333.4,1330.45,1333.4,7
2026-08-20 14:47:00,BANKNIFTY29SEP2657400CE,57400.0,CE,29SEP2026,1198.3,1200.85,1195.0,1195.0,6
2026-08-20 14:47:00,BANKNIFTY29SEP2657500CE,57500.0,CE,29SEP2026,1121.05,1124.5,1121.05,1124.5,2
2026-08-20 14:47:00,BANKNIFTY29SEP2657500PE,57500.0,PE,29SEP2026,598.25,602.5,598.2,600.0,20
2026-08-20 14:48:00,BANKNIFTY29SEP2655500CE,55500.0,CE,29SEP2026,2646.95,2646.95,2646.95,2646.95,1
2026-08-20 14:48:00,BANKNIFTY29SEP2655500PE,55500.0,PE,29SEP2026,162.6,162.7,161.05,161.05,7
2026-08-20 14:48:00,BANKNIFTY29SEP2656000PE,56000.0,PE,29SEP2026,226.6,227.9,226.5,227.9,6
2026-08-20 14:48:00,BANKNIFTY29SEP2656200PE,56200.0,PE,29SEP2026,261.75,261.85,261.75,261.85,3
2026-08-20 14:48:00,BANKNIFTY29SEP2656500PE,56500.0,PE,29SEP2026,315.05,315.6,314.95,315.4,5
2026-08-20 14:48:00,BANKNIFTY29SEP2656900PE,56900.0,PE,29SEP2026,416.65,416.65,412.95,412.95,2
2026-08-20 14:48:00,BANKNIFTY29SEP2657000CE,57000.0,CE,29SEP2026,1462.7,1462.7,1462.7,1462.7,1
2026-08-20 14:48:00,BANKNIFTY29SEP2657000PE,57000.0,PE,29SEP2026,437.55,440.2,437.55,440.0,5
2026-08-20 14:48:00,BANKNIFTY29SEP2657200CE,57200.0,CE,29SEP2026,1328.95,1328.95,1328.95,1328.95,1
2026-08-20 14:48:00,BANKNIFTY29SEP2657300CE,57300.0,CE,29SEP2026,1257.9,1258.0,1257.9,1258.0,4
2026-08-20 14:48:00,BANKNIFTY29SEP2657300PE,57300.0,PE,29SEP2026,533.15,533.15,533.15,533.15,1
2026-08-20 14:48:00,BANKNIFTY29SEP2657400PE,57400.0,PE,29SEP2026,568.5,568.5,568.5,568.5,2
2026-08-20 14:48:00,BANKNIFTY29SEP2657500CE,57500.0,CE,29SEP2026,1124.05,1127.0,1124.05,1127.0,6
2026-08-20 14:48:00,BANKNIFTY29SEP2657500PE,57500.0,PE,29SEP2026,600.05,601.0,597.7,600.8,13
2026-08-20 14:49:00,BANKNIFTY29SEP2655500PE,55500.0,PE,29SEP2026,160.95,163.55,160.85,161.1,37
2026-08-20 14:49:00,BANKNIFTY29SEP2656000PE,56000.0,PE,29SEP2026,225.55,225.55,225.55,225.55,1
2026-08-20 14:49:00,BANKNIFTY29SEP2656200PE,56200.0,PE,29SEP2026,261.6,261.6,261.6,261.6,1
2026-08-20 14:49:00,BANKNIFTY29SEP2656300PE,56300.0,PE,29SEP2026,279.8,279.8,279.8,279.8,1
2026-08-20 14:49:00,BANKNIFTY29SEP2656500PE,56500.0,PE,29SEP2026,315.4,315.4,314.65,314.65,3
2026-08-20 14:49:00,BANKNIFTY29SEP2656700PE,56700.0,PE,29SEP2026,365.0,365.0,365.0,365.0,4
2026-08-20 14:49:00,BANKNIFTY29SEP2656800CE,56800.0,CE,29SEP2026,1629.85,1629.85,1629.85,1629.85,1
2026-08-20 14:49:00,BANKNIFTY29SEP2657000PE,57000.0,PE,29SEP2026,438.3,438.75,438.3,438.75,2
2026-08-20 14:49:00,BANKNIFTY29SEP2657300PE,57300.0,PE,29SEP2026,532.85,532.85,532.85,532.85,1
2026-08-20 14:49:00,BANKNIFTY29SEP2657400CE,57400.0,CE,29SEP2026,1190.45,1190.45,1190.45,1190.45,1
2026-08-20 14:49:00,BANKNIFTY29SEP2657500CE,57500.0,CE,29SEP2026,1125.05,1127.8,1125.0,1127.8,4
2026-08-20 14:49:00,BANKNIFTY29SEP2657500PE,57500.0,PE,29SEP2026,597.95,599.5,596.15,599.05,34
2026-08-20 14:50:00,BANKNIFTY29SEP2655500PE,55500.0,PE,29SEP2026,160.8,161.85,160.4,160.9,26
2026-08-20 14:50:00,BANKNIFTY29SEP2656000PE,56000.0,PE,29SEP2026,226.45,226.45,225.5,225.5,19
2026-08-20 14:50:00,BANKNIFTY29SEP2656500PE,56500.0,PE,29SEP2026,315.55,315.55,315.55,315.55,3
2026-08-20 14:50:00,BANKNIFTY29SEP2657000CE,57000.0,CE,29SEP2026,1464.8,1465.0,1464.8,1465.0,3
2026-08-20 14:50:00,BANKNIFTY29SEP2657000PE,57000.0,PE,29SEP2026,438.0,440.0,437.35,439.5,37
2026-08-20 14:50:00,BANKNIFTY29SEP2657100PE,57100.0,PE,29SEP2026,468.5,468.5,468.5,468.5,1
2026-08-20 14:50:00,BANKNIFTY29SEP2657300PE,57300.0,PE,29SEP2026,532.3,534.75,531.5,534.75,3
2026-08-20 14:50:00,BANKNIFTY29SEP2657400CE,57400.0,CE,29SEP2026,1191.1,1191.1,1191.1,1191.1,1
2026-08-20 14:50:00,BANKNIFTY29SEP2657400PE,57400.0,PE,29SEP2026,568.15,568.15,567.4,567.4,4
2026-08-20 14:50:00,BANKNIFTY29SEP2657500CE,57500.0,CE,29SEP2026,1125.0,1127.4,1125.0,1125.1,8
2026-08-20 14:50:00,BANKNIFTY29SEP2657500PE,57500.0,PE,29SEP2026,599.05,600.05,596.0,599.5,10
2026-08-20 14:51:00,BANKNIFTY29SEP2655500PE,55500.0,PE,29SEP2026,161.0,162.1,159.9,161.05,24
2026-08-20 14:51:00,BANKNIFTY29SEP2656000CE,56000.0,CE,29SEP2026,2225.0,2225.0,2225.0,2225.0,1
2026-08-20 14:51:00,BANKNIFTY29SEP2656000PE,56000.0,PE,29SEP2026,225.7,227.55,225.1,225.25,16
2026-08-20 14:51:00,BANKNIFTY29SEP2656500PE,56500.0,PE,29SEP2026,315.55,317.55,315.55,317.55,5
2026-08-20 14:51:00,BANKNIFTY29SEP2657000PE,57000.0,PE,29SEP2026,439.0,441.0,439.0,441.0,3
2026-08-20 14:51:00,BANKNIFTY29SEP2657100PE,57100.0,PE,29SEP2026,472.05,472.1,470.7,470.7,3
2026-08-20 14:51:00,BANKNIFTY29SEP2657200PE,57200.0,PE,29SEP2026,504.0,504.0,504.0,504.0,2
2026-08-20 14:51:00,BANKNIFTY29SEP2657300PE,57300.0,PE,29SEP2026,534.5,536.4,534.35,536.4,3
2026-08-20 14:51:00,BANKNIFTY29SEP2657400PE,57400.0,PE,29SEP2026,569.15,569.15,569.15,569.15,2
2026-08-20 14:51:00,BANKNIFTY29SEP2657500CE,57500.0,CE,29SEP2026,1125.0,1125.75,1120.0,1125.3,61
2026-08-20 14:51:00,BANKNIFTY29SEP2657500PE,57500.0,PE,29SEP2026,599.15,604.45,598.5,602.5,27
2026-08-20 14:52:00,BANKNIFTY29SEP2655500PE,55500.0,PE,29SEP2026,161.8,162.0,161.5,161.9,12
2026-08-20 14:52:00,BANKNIFTY29SEP2656000PE,56000.0,PE,29SEP2026,227.95,228.0,226.25,227.5,35
2026-08-20 14:52:00,BANKNIFTY29SEP2656500PE,56500.0,PE,29SEP2026,317.2,317.2,317.2,317.2,1
2026-08-20 14:52:00,BANKNIFTY29SEP2657000CE,57000.0,CE,29SEP2026,1455.0,1455.55,1455.0,1455.55,2
2026-08-20 14:52:00,BANKNIFTY29SEP2657000PE,57000.0,PE,29SEP2026,442.9,442.95,442.9,442.95,2
2026-08-20 14:52:00,BANKNIFTY29SEP2657100PE,57100.0,PE,29SEP2026,472.3,472.3,472.3,472.3,1
2026-08-20 14:52:00,BANKNIFTY29SEP2657300PE,57300.0,PE,29SEP2026,535.9,538.25,535.9,538.25,2
2026-08-20 14:52:00,BANKNIFTY29SEP2657400PE,57400.0,PE,29SEP2026,571.2,571.2,571.2,571.2,2
2026-08-20 14:52:00,BANKNIFTY29SEP2657500CE,57500.0,CE,29SEP2026,1120.0,1123.2,1120.0,1123.2,13
2026-08-20 14:52:00,BANKNIFTY29SEP2657500PE,57500.0,PE,29SEP2026,602.1,604.45,600.05,602.5,15
2026-08-20 14:53:00,BANKNIFTY29SEP2655500PE,55500.0,PE,29SEP2026,162.1,163.6,161.9,161.9,13
2026-08-20 14:53:00,BANKNIFTY29SEP2656000PE,56000.0,PE,29SEP2026,227.05,228.75,227.05,228.75,16
2026-08-20 14:53:00,BANKNIFTY29SEP2656500PE,56500.0,PE,29SEP2026,318.2,319.45,317.7,319.2,8
2026-08-20 14:53:00,BANKNIFTY29SEP2656900PE,56900.0,PE,29SEP2026,418.75,418.75,418.75,418.75,1
2026-08-20 14:53:00,BANKNIFTY29SEP2657000CE,57000.0,CE,29SEP2026,1452.4,1453.4,1452.4,1453.4,2
2026-08-20 14:53:00,BANKNIFTY29SEP2657000PE,57000.0,PE,29SEP2026,442.85,444.8,442.0,442.0,81
2026-08-20 14:53:00,BANKNIFTY29SEP2657100CE,57100.0,CE,29SEP2026,1401.4,1401.4,1401.4,1401.4,1
2026-08-20 14:53:00,BANKNIFTY29SEP2657200PE,57200.0,PE,29SEP2026,506.0,506.0,506.0,506.0,1
2026-08-20 14:53:00,BANKNIFTY29SEP2657400CE,57400.0,CE,29SEP2026,1190.45,1191.1,1190.45,1191.1,2
2026-08-20 14:53:00,BANKNIFTY29SEP2657400PE,57400.0,PE,29SEP2026,572.0,572.0,572.0,572.0,1
2026-08-20 14:53:00,BANKNIFTY29SEP2657500CE,57500.0,CE,29SEP2026,1120.6,1122.8,1116.5,1120.0,51
2026-08-20 14:53:00,BANKNIFTY29SEP2657500PE,57500.0,PE,29SEP2026,601.6,604.35,600.1,600.1,16
2026-08-20 14:54:00,BANKNIFTY29SEP2655500PE,55500.0,PE,29SEP2026,161.9,162.2,161.3,162.2,12
2026-08-20 14:54:00,BANKNIFTY29SEP2656000PE,56000.0,PE,29SEP2026,228.7,228.7,226.6,226.6,8
2026-08-20 14:54:00,BANKNIFTY29SEP2656500PE,56500.0,PE,29SEP2026,317.6,318.1,317.55,318.1,7
2026-08-20 14:54:00,BANKNIFTY29SEP2656900PE,56900.0,PE,29SEP2026,420.2,420.2,420.2,420.2,1
2026-08-20 14:54:00,BANKNIFTY29SEP2657000PE,57000.0,PE,29SEP2026,440.35,440.35,440.0,440.0,6
2026-08-20 14:54:00,BANKNIFTY29SEP2657100PE,57100.0,PE,29SEP2026,472.25,472.25,472.2,472.2,2
2026-08-20 14:54:00,BANKNIFTY29SEP2657500CE,57500.0,CE,29SEP2026,1120.0,1126.4,1120.0,1123.4,35
2026-08-20 14:54:00,BANKNIFTY29SEP2657500PE,57500.0,PE,29SEP2026,600.05,603.1,598.05,603.1,14
2026-08-20 14:55:00,BANKNIFTY29SEP2655500PE,55500.0,PE,29SEP2026,162.15,162.15,162.05,162.1,3
2026-08-20 14:55:00,BANKNIFTY29SEP2656000PE,56000.0,PE,29SEP2026,226.55,227.85,225.2,227.0,17
2026-08-20 14:55:00,BANKNIFTY29SEP2656500CE,56500.0,CE,29SEP2026,1833.1,1833.15,1833.1,1833.15,2
2026-08-20 14:55:00,BANKNIFTY29SEP2656500PE,56500.0,PE,29SEP2026,317.0,317.0,315.55,315.55,3
2026-08-20 14:55:00,BANKNIFTY29SEP2657000CE,57000.0,CE,29SEP2026,1455.65,1455.65,1455.6,1455.6,2
2026-08-20 14:55:00,BANKNIFTY29SEP2657000PE,57000.0,PE,29SEP2026,441.0,441.0,440.0,440.5,7
2026-08-20 14:55:00,BANKNIFTY29SEP2657500CE,57500.0,CE,29SEP2026,1120.9,1125.4,1120.9,1124.85,13
2026-08-20 14:55:00,BANKNIFTY29SEP2657500PE,57500.0,PE,29SEP2026,599.6,602.15,599.6,599.75,11
2026-08-20 14:56:00,BANKNIFTY29SEP2655500PE,55500.0,PE,29SEP2026,162.1,162.1,162.1,162.1,1
2026-08-20 14:56:00,BANKNIFTY29SEP2656000PE,56000.0,PE,29SEP2026,226.95,226.95,226.0,226.0,5
2026-08-20 14:56:00,BANKNIFTY29SEP2656500PE,56500.0,PE,29SEP2026,317.45,317.45,315.7,317.45,3
2026-08-20 14:56:00,BANKNIFTY29SEP2657000CE,57000.0,CE,29SEP2026,1457.6,1457.6,1457.6,1457.6,1
2026-08-20 14:56:00,BANKNIFTY29SEP2657000PE,57000.0,PE,29SEP2026,440.4,440.4,440.0,440.0,7
2026-08-20 14:56:00,BANKNIFTY29SEP2657100PE,57100.0,PE,29SEP2026,472.2,472.2,472.2,472.2,1
2026-08-20 14:56:00,BANKNIFTY29SEP2657300PE,57300.0,PE,29SEP2026,535.0,535.0,535.0,535.0,1
2026-08-20 14:56:00,BANKNIFTY29SEP2657400PE,57400.0,PE,29SEP2026,566.7,566.7,566.5,566.5,5
2026-08-20 14:56:00,BANKNIFTY29SEP2657500CE,57500.0,CE,29SEP2026,1126.8,1127.0,1122.45,1124.45,21
2026-08-20 14:56:00,BANKNIFTY29SEP2657500PE,57500.0,PE,29SEP2026,599.9,602.0,598.45,598.45,9
2026-08-20 14:57:00,BANKNIFTY29SEP2655500PE,55500.0,PE,29SEP2026,161.8,162.2,161.75,162.2,19
2026-08-20 14:57:00,BANKNIFTY29SEP2656000PE,56000.0,PE,29SEP2026,226.0,229.0,226.0,229.0,18
2026-08-20 14:57:00,BANKNIFTY29SEP2656500PE,56500.0,PE,29SEP2026,317.8,317.8,317.4,317.4,2
2026-08-20 14:57:00,BANKNIFTY29SEP2657000PE,57000.0,PE,29SEP2026,440.0,441.65,440.0,441.65,15
2026-08-20 14:57:00,BANKNIFTY29SEP2657100CE,57100.0,CE,29SEP2026,1396.5,1396.5,1396.5,1396.5,1
2026-08-20 14:57:00,BANKNIFTY29SEP2657100PE,57100.0,PE,29SEP2026,474.85,474.85,472.9,472.95,4
2026-08-20 14:57:00,BANKNIFTY29SEP2657200PE,57200.0,PE,29SEP2026,505.0,505.0,505.0,505.0,2
2026-08-20 14:57:00,BANKNIFTY29SEP2657400CE,57400.0,CE,29SEP2026,1191.1,1191.1,1191.1,1191.1,9
2026-08-20 14:57:00,BANKNIFTY29SEP2657500CE,57500.0,CE,29SEP2026,1125.1,1125.1,1118.45,1121.9,13
2026-08-20 14:57:00,BANKNIFTY29SEP2657500PE,57500.0,PE,29SEP2026,600.0,603.75,599.75,600.95,58
2026-08-20 14:58:00,BANKNIFTY29SEP2655500PE,55500.0,PE,29SEP2026,162.95,162.95,162.95,162.95,1
2026-08-20 14:58:00,BANKNIFTY29SEP2656000PE,56000.0,PE,29SEP2026,228.7,228.95,228.2,228.95,10
2026-08-20 14:58:00,BANKNIFTY29SEP2656500PE,56500.0,PE,29SEP2026,316.7,319.0,316.7,319.0,3
2026-08-20 14:58:00,BANKNIFTY29SEP2656600PE,56600.0,PE,29SEP2026,336.35,336.35,336.3,336.3,2
2026-08-20 14:58:00,BANKNIFTY29SEP2657000CE,57000.0,CE,29SEP2026,1457.6,1457.6,1457.6,1457.6,1
2026-08-20 14:58:00,BANKNIFTY29SEP2657000PE,57000.0,PE,29SEP2026,439.9,441.75,439.9,441.7,5
2026-08-20 14:58:00,BANKNIFTY29SEP2657200PE,57200.0,PE,29SEP2026,501.65,501.65,501.6,501.6,2
2026-08-20 14:58:00,BANKNIFTY29SEP2657400PE,57400.0,PE,29SEP2026,568.1,569.85,565.05,569.85,16
2026-08-20 14:58:00,BANKNIFTY29SEP2657500CE,57500.0,CE,29SEP2026,1122.0,1125.0,1122.0,1125.0,35
2026-08-20 14:58:00,BANKNIFTY29SEP2657500PE,57500.0,PE,29SEP2026,601.0,601.9,600.95,601.9,27
2026-08-20 14:59:00,BANKNIFTY29SEP2655500PE,55500.0,PE,29SEP2026,162.8,162.95,161.55,161.7,31
2026-08-20 14:59:00,BANKNIFTY29SEP2656000CE,56000.0,CE,29SEP2026,2232.0,2232.0,2232.0,2232.0,1
2026-08-20 14:59:00,BANKNIFTY29SEP2656000PE,56000.0,PE,29SEP2026,227.7,227.7,226.0,226.0,10
2026-08-20 14:59:00,BANKNIFTY29SEP2656500PE,56500.0,PE,29SEP2026,318.85,319.0,318.85,319.0,100
2026-08-20 14:59:00,BANKNIFTY29SEP2657000PE,57000.0,PE,29SEP2026,441.7,442.9,441.7,442.35,31
2026-08-20 14:59:00,BANKNIFTY29SEP2657300CE,57300.0,CE,29SEP2026,1258.0,1258.0,1258.0,1258.0,1
2026-08-20 14:59:00,BANKNIFTY29SEP2657500CE,57500.0,CE,29SEP2026,1121.85,1130.65,1121.85,1130.65,16
2026-08-20 14:59:00,BANKNIFTY29SEP2657500PE,57500.0,PE,29SEP2026,601.95,601.95,595.0,595.0,60
2026-08-20 15:00:00,BANKNIFTY29SEP2655500PE,55500.0,PE,29SEP2026,161.5,163.0,161.5,162.5,4
2026-08-20 15:00:00,BANKNIFTY29SEP2656000PE,56000.0,PE,29SEP2026,225.55,227.55,225.4,226.65,22
2026-08-20 15:00:00,BANKNIFTY29SEP2656500PE,56500.0,PE,29SEP2026,316.7,317.95,316.7,317.95,6
2026-08-20 15:00:00,BANKNIFTY29SEP2657000PE,57000.0,PE,29SEP2026,440.0,442.5,440.0,442.5,11
2026-08-20 15:00:00,BANKNIFTY29SEP2657100CE,57100.0,CE,29SEP2026,1381.2,1381.2,1381.2,1381.2,1
2026-08-20 15:00:00,BANKNIFTY29SEP2657100PE,57100.0,PE,29SEP2026,474.35,475.75,474.35,475.75,8
2026-08-20 15:00:00,BANKNIFTY29SEP2657200CE,57200.0,CE,29SEP2026,1328.95,1328.95,1328.95,1328.95,1
2026-08-20 15:00:00,BANKNIFTY29SEP2657200PE,57200.0,PE,29SEP2026,505.35,505.65,503.5,503.5,7
2026-08-20 15:00:00,BANKNIFTY29SEP2657300PE,57300.0,PE,29SEP2026,532.55,538.4,532.55,538.4,5
2026-08-20 15:00:00,BANKNIFTY29SEP2657400CE,57400.0,CE,29SEP2026,1191.15,1200.9,1191.1,1200.9,18
2026-08-20 15:00:00,BANKNIFTY29SEP2657500CE,57500.0,CE,29SEP2026,1126.9,1126.9,1120.0,1123.7,4
2026-08-20 15:00:00,BANKNIFTY29SEP2657500PE,57500.0,PE,29SEP2026,595.0,599.45,595.0,599.0,13
2026-08-20 15:01:00,BANKNIFTY29SEP2655500PE,55500.0,PE,29SEP2026,162.75,164.3,162.75,164.3,6
2026-08-20 15:01:00,BANKNIFTY29SEP2656000PE,56000.0,PE,29SEP2026,227.7,229.8,227.7,229.65,17
2026-08-20 15:01:00,BANKNIFTY29SEP2656500CE,56500.0,CE,29SEP2026,1825.0,1825.0,1825.0,1825.0,1
2026-08-20 15:01:00,BANKNIFTY29SEP2656500PE,56500.0,PE,29SEP2026,320.0,321.3,320.0,321.3,3
2026-08-20 15:01:00,BANKNIFTY29SEP2657000CE,57000.0,CE,29SEP2026,1460.75,1460.75,1460.75,1460.75,1
2026-08-20 15:01:00,BANKNIFTY29SEP2657000PE,57000.0,PE,29SEP2026,443.0,445.0,442.15,442.15,14
2026-08-20 15:01:00,BANKNIFTY29SEP2657100CE,57100.0,CE,29SEP2026,1386.1,1386.1,1386.05,1386.05,2
2026-08-20 15:01:00,BANKNIFTY29SEP2657100PE,57100.0,PE,29SEP2026,475.75,475.75,475.75,475.75,1
2026-08-20 15:01:00,BANKNIFTY29SEP2657200PE,57200.0,PE,29SEP2026,504.9,508.0,504.9,508.0,2
2026-08-20 15:01:00,BANKNIFTY29SEP2657300PE,57300.0,PE,29SEP2026,538.4,538.4,538.4,538.4,3
2026-08-20 15:01:00,BANKNIFTY29SEP2657400CE,57400.0,CE,29SEP2026,1183.5,1183.5,1182.7,1182.7,5
2026-08-20 15:01:00,BANKNIFTY29SEP2657400PE,57400.0,PE,29SEP2026,574.1,574.15,574.1,574.15,2
2026-08-20 15:01:00,BANKNIFTY29SEP2657500CE,57500.0,CE,29SEP2026,1119.7,1119.7,1116.0,1116.0,4
2026-08-20 15:01:00,BANKNIFTY29SEP2657500PE,57500.0,PE,29SEP2026,600.25,605.0,600.25,605.0,6
2026-08-20 15:02:00,BANKNIFTY29SEP2655500PE,55500.0,PE,29SEP2026,164.5,164.85,164.5,164.8,4
2026-08-20 15:02:00,BANKNIFTY29SEP2656000CE,56000.0,CE,29SEP2026,2213.8,2213.8,2213.8,2213.8,1
2026-08-20 15:02:00,BANKNIFTY29SEP2656000PE,56000.0,PE,29SEP2026,229.75,230.1,229.75,229.95,70
2026-08-20 15:02:00,BANKNIFTY29SEP2656500CE,56500.0,CE,29SEP2026,1810.05,1815.0,1810.05,1815.0,2
2026-08-20 15:02:00,BANKNIFTY29SEP2656500PE,56500.0,PE,29SEP2026,320.0,323.75,318.75,323.1,19
2026-08-20 15:02:00,BANKNIFTY29SEP2656800PE,56800.0,PE,29SEP2026,394.95,395.0,394.95,395.0,12
2026-08-20 15:02:00,BANKNIFTY29SEP2657000CE,57000.0,CE,29SEP2026,1457.4,1459.95,1445.0,1445.0,21
2026-08-20 15:02:00,BANKNIFTY29SEP2657000PE,57000.0,PE,29SEP2026,443.65,448.0,443.65,448.0,8
2026-08-20 15:02:00,BANKNIFTY29SEP2657200PE,57200.0,PE,29SEP2026,509.0,509.15,509.0,509.15,3
2026-08-20 15:02:00,BANKNIFTY29SEP2657300CE,57300.0,CE,29SEP2026,1254.65,1257.55,1240.0,1240.0,5
2026-08-20 15:02:00,BANKNIFTY29SEP2657300PE,57300.0,PE,29SEP2026,540.75,544.15,540.75,544.15,10
2026-08-20 15:02:00,BANKNIFTY29SEP2657400CE,57400.0,CE,29SEP2026,1180.2,1180.2,1180.2,1180.2,1
2026-08-20 15:02:00,BANKNIFTY29SEP2657500CE,57500.0,CE,29SEP2026,1118.55,1118.85,1105.15,1105.15,64
2026-08-20 15:02:00,BANKNIFTY29SEP2657500PE,57500.0,PE,29SEP2026,602.6,610.0,602.55,608.7,111
2026-08-20 15:03:00,BANKNIFTY29SEP2655500PE,55500.0,PE,29SEP2026,165.95,167.0,165.95,167.0,8
2026-08-20 15:03:00,BANKNIFTY29SEP2656000CE,56000.0,CE,29SEP2026,2190.0,2190.0,2190.0,2190.0,1
2026-08-20 15:03:00,BANKNIFTY29SEP2656000PE,56000.0,PE,29SEP2026,230.4,233.9,230.4,233.9,12
2026-08-20 15:03:00,BANKNIFTY29SEP2656500PE,56500.0,PE,29SEP2026,324.75,327.35,324.75,327.35,13
2026-08-20 15:03:00,BANKNIFTY29SEP2656600PE,56600.0,PE,29SEP2026,340.6,349.9,340.55,349.9,3
2026-08-20 15:03:00,BANKNIFTY29SEP2656800PE,56800.0,PE,29SEP2026,399.0,399.0,399.0,399.0,1
2026-08-20 15:03:00,BANKNIFTY29SEP2657000CE,57000.0,CE,29SEP2026,1444.75,1444.75,1425.95,1425.95,11
2026-08-20 15:03:00,BANKNIFTY29SEP2657000PE,57000.0,PE,29SEP2026,448.0,454.0,448.0,452.0,185
2026-08-20 15:03:00,BANKNIFTY29SEP2657100PE,57100.0,PE,29SEP2026,485.45,485.45,485.0,485.0,6
2026-08-20 15:03:00,BANKNIFTY29SEP2657200PE,57200.0,PE,29SEP2026,514.6,520.25,514.6,514.7,10
2026-08-20 15:03:00,BANKNIFTY29SEP2657300CE,57300.0,CE,29SEP2026,1238.05,1238.05,1235.0,1235.0,7
2026-08-20 15:03:00,BANKNIFTY29SEP2657300PE,57300.0,PE,29SEP2026,543.0,550.0,543.0,550.0,2
2026-08-20 15:03:00,BANKNIFTY29SEP2657400CE,57400.0,CE,29SEP2026,1170.0,1170.0,1161.0,1165.05,4
2026-08-20 15:03:00,BANKNIFTY29SEP2657400PE,57400.0,PE,29SEP2026,579.55,588.0,579.45,588.0,7
2026-08-20 15:03:00,BANKNIFTY29SEP2657500CE,57500.0,CE,29SEP2026,1105.35,1109.1,1088.55,1093.85,71
2026-08-20 15:03:00,BANKNIFTY29SEP2657500PE,57500.0,PE,29SEP2026,608.6,619.15,608.6,615.1,223
2026-08-20 15:04:00,BANKNIFTY29SEP2655500PE,55500.0,PE,29SEP2026,168.0,168.0,166.5,166.5,31
2026-08-20 15:04:00,BANKNIFTY29SEP2656000CE,56000.0,CE,29SEP2026,2200.0,2200.0,2200.0,2200.0,1
2026-08-20 15:04:00,BANKNIFTY29SEP2656000PE,56000.0,PE,29SEP2026,233.2,233.2,232.0,232.0,3
2026-08-20 15:04:00,BANKNIFTY29SEP2656500PE,56500.0,PE,29SEP2026,327.55,328.1,323.55,323.55,25
2026-08-20 15:04:00,BANKNIFTY29SEP2656800PE,56800.0,PE,29SEP2026,395.55,395.55,395.35,395.4,9
2026-08-20 15:04:00,BANKNIFTY29SEP2657000CE,57000.0,CE,29SEP2026,1426.5,1426.5,1426.5,1426.5,1
2026-08-20 15:04:00,BANKNIFTY29SEP2657000PE,57000.0,PE,29SEP2026,453.05,453.05,448.95,448.95,52
2026-08-20 15:04:00,BANKNIFTY29SEP2657100PE,57100.0,PE,29SEP2026,486.0,486.15,485.4,485.4,14
2026-08-20 15:04:00,BANKNIFTY29SEP2657200CE,57200.0,CE,29SEP2026,1295.3,1295.3,1295.3,1295.3,1
2026-08-20 15:04:00,BANKNIFTY29SEP2657200PE,57200.0,PE,29SEP2026,519.4,519.8,513.2,513.2,5
2026-08-20 15:04:00,BANKNIFTY29SEP2657300CE,57300.0,CE,29SEP2026,1226.05,1235.75,1226.05,1235.75,8
2026-08-20 15:04:00,BANKNIFTY29SEP2657300PE,57300.0,PE,29SEP2026,551.3,551.3,548.4,548.4,2
2026-08-20 15:04:00,BANKNIFTY29SEP2657400PE,57400.0,PE,29SEP2026,585.2,586.15,582.25,583.7,11
2026-08-20 15:04:00,BANKNIFTY29SEP2657500CE,57500.0,CE,29SEP2026,1093.9,1103.9,1093.9,1103.9,14
2026-08-20 15:04:00,BANKNIFTY29SEP2657500PE,57500.0,PE,29SEP2026,616.75,619.3,610.3,610.3,38
2026-08-20 15:05:00,BANKNIFTY29SEP2655500PE,55500.0,PE,29SEP2026,168.6,169.75,168.6,169.75,4
2026-08-20 15:05:00,BANKNIFTY29SEP2656000PE,56000.0,PE,29SEP2026,235.0,236.8,234.95,236.8,55
2026-08-20 15:05:00,BANKNIFTY29SEP2656500CE,56500.0,CE,29SEP2026,1780.0,1783.4,1780.0,1783.4,2
2026-08-20 15:05:00,BANKNIFTY29SEP2656500PE,56500.0,PE,29SEP2026,325.95,331.0,325.3,331.0,69
2026-08-20 15:05:00,BANKNIFTY29SEP2656800PE,56800.0,PE,29SEP2026,396.35,404.05,396.25,404.05,6
2026-08-20 15:05:00,BANKNIFTY29SEP2656900PE,56900.0,PE,29SEP2026,430.0,430.0,430.0,430.0,1
2026-08-20 15:05:00,BANKNIFTY29SEP2657000CE,57000.0,CE,29SEP2026,1438.0,1440.0,1420.0,1420.0,17
2026-08-20 15:05:00,BANKNIFTY29SEP2657000PE,57000.0,PE,29SEP2026,451.9,458.35,451.9,458.0,65
2026-08-20 15:05:00,BANKNIFTY29SEP2657100PE,57100.0,PE,29SEP2026,486.8,489.5,486.7,489.5,4
2026-08-20 15:05:00,BANKNIFTY29SEP2657200PE,57200.0,PE,29SEP2026,518.0,524.9,518.0,522.7,9
2026-08-20 15:05:00,BANKNIFTY29SEP2657400CE,57400.0,CE,29SEP2026,1165.05,1165.05,1150.0,1150.0,2
2026-08-20 15:05:00,BANKNIFTY29SEP2657400PE,57400.0,PE,29SEP2026,588.0,588.3,588.0,588.3,2
2026-08-20 15:05:00,BANKNIFTY29SEP2657500CE,57500.0,CE,29SEP2026,1104.6,1104.6,1080.25,1081.8,75
2026-08-20 15:05:00,BANKNIFTY29SEP2657500PE,57500.0,PE,29SEP2026,615.0,625.0,615.0,625.0,117
2026-08-20 15:06:00,BANKNIFTY29SEP2655500PE,55500.0,PE,29SEP2026,169.0,169.6,168.75,168.75,5
2026-08-20 15:06:00,BANKNIFTY29SEP2656000CE,56000.0,CE,29SEP2026,2180.0,2180.0,2180.0,2180.0,1
2026-08-20 15:06:00,BANKNIFTY29SEP2656000PE,56000.0,PE,29SEP2026,238.1,238.15,237.45,237.45,4
2026-08-20 15:06:00,BANKNIFTY29SEP2656500PE,56500.0,PE,29SEP2026,330.75,330.95,329.25,330.5,6
2026-08-20 15:06:00,BANKNIFTY29SEP2656900PE,56900.0,PE,29SEP2026,428.0,428.0,427.95,428.0,22
2026-08-20 15:06:00,BANKNIFTY29SEP2657000CE,57000.0,CE,29SEP2026,1414.4,1425.55,1414.4,1425.55,3
2026-08-20 15:06:00,BANKNIFTY29SEP2657000PE,57000.0,PE,29SEP2026,457.45,460.0,453.35,457.0,21
2026-08-20 15:06:00,BANKNIFTY29SEP2657100PE,57100.0,PE,29SEP2026,488.5,489.35,487.0,487.0,5
2026-08-20 15:06:00,BANKNIFTY29SEP2657200CE,57200.0,CE,29SEP2026,1285.0,1285.0,1285.0,1285.0,1
2026-08-20 15:06:00,BANKNIFTY29SEP2657200PE,57200.0,PE,29SEP2026,524.65,524.65,519.7,519.7,3
2026-08-20 15:06:00,BANKNIFTY29SEP2657300CE,57300.0,CE,29SEP2026,1225.4,1226.9,1225.4,1226.9,3
2026-08-20 15:06:00,BANKNIFTY29SEP2657300PE,57300.0,PE,29SEP2026,555.0,556.4,552.8,552.8,29
2026-08-20 15:06:00,BANKNIFTY29SEP2657500CE,57500.0,CE,29SEP2026,1086.1,1094.35,1082.9,1088.9,48
2026-08-20 15:06:00,BANKNIFTY29SEP2657500PE,57500.0,PE,29SEP2026,623.9,623.9,616.95,619.55,71
2026-08-20 15:07:00,BANKNIFTY29SEP2655500PE,55500.0,PE,29SEP2026,168.9,168.9,168.75,168.75,5
2026-08-20 15:07:00,BANKNIFTY29SEP2656000CE,56000.0,CE,29SEP2026,2171.6,2171.6,2171.6,2171.6,1
2026-08-20 15:07:00,BANKNIFTY29SEP2656000PE,56000.0,PE,29SEP2026,237.4,237.45,235.8,235.8,11
2026-08-20 15:07:00,BANKNIFTY29SEP2656500PE,56500.0,PE,29SEP2026,330.35,330.5,329.7,329.7,4
2026-08-20 15:07:00,BANKNIFTY29SEP2656700PE,56700.0,PE,29SEP2026,381.4,381.4,381.4,381.4,2
2026-08-20 15:07:00,BANKNIFTY29SEP2656800PE,56800.0,PE,29SEP2026,403.85,403.85,403.85,403.85,1
2026-08-20 15:07:00,BANKNIFTY29SEP2657000CE,57000.0,CE,29SEP2026,1421.8,1421.8,1415.3,1420.05,5
2026-08-20 15:07:00,BANKNIFTY29SEP2657000PE,57000.0,PE,29SEP2026,456.85,457.8,456.85,456.9,6
2026-08-20 15:07:00,BANKNIFTY29SEP2657100PE,57100.0,PE,29SEP2026,486.5,486.55,486.5,486.55,2
2026-08-20 15:07:00,BANKNIFTY29SEP2657200CE,57200.0,CE,29SEP2026,1285.0,1285.0,1285.0,1285.0,1
2026-08-20 15:07:00,BANKNIFTY29SEP2657200PE,57200.0,PE,29SEP2026,519.7,522.3,519.7,521.85,3
2026-08-20 15:07:00,BANKNIFTY29SEP2657300PE,57300.0,PE,29SEP2026,552.7,552.7,552.7,552.7,1
2026-08-20 15:07:00,BANKNIFTY29SEP2657500CE,57500.0,CE,29SEP2026,1085.15,1091.45,1085.1,1091.45,26
2026-08-20 15:07:00,BANKNIFTY29SEP2657500PE,57500.0,PE,29SEP2026,619.35,622.8,616.95,619.8,39
2026-08-20 15:08:00,BANKNIFTY29SEP2655500PE,55500.0,PE,29SEP2026,167.85,171.35,167.7,168.6,39
2026-08-20 15:08:00,BANKNIFTY29SEP2656000PE,56000.0,PE,29SEP2026,234.6,236.65,233.65,233.8,29
2026-08-20 15:08:00,BANKNIFTY29SEP2656500PE,56500.0,PE,29SEP2026,327.3,327.3,327.1,327.1,10
2026-08-20 15:08:00,BANKNIFTY29SEP2656900PE,56900.0,PE,29SEP2026,430.4,430.7,430.4,430.7,5
2026-08-20 15:08:00,BANKNIFTY29SEP2657000PE,57000.0,PE,29SEP2026,455.85,456.0,455.0,456.0,13
2026-08-20 15:08:00,BANKNIFTY29SEP2657100PE,57100.0,PE,29SEP2026,486.75,486.75,486.75,486.75,1
2026-08-20 15:08:00,BANKNIFTY29SEP2657200PE,57200.0,PE,29SEP2026,522.0,523.5,520.55,520.55,22
2026-08-20 15:08:00,BANKNIFTY29SEP2657300PE,57300.0,PE,29SEP2026,555.35,555.65,550.7,550.7,7
2026-08-20 15:08:00,BANKNIFTY29SEP2657400PE,57400.0,PE,29SEP2026,589.65,589.8,586.6,586.6,5
2026-08-20 15:08:00,BANKNIFTY29SEP2657500CE,57500.0,CE,29SEP2026,1092.55,1092.55,1086.35,1086.35,22
2026-08-20 15:08:00,BANKNIFTY29SEP2657500PE,57500.0,PE,29SEP2026,620.7,621.95,616.1,616.1,45
2026-08-20 15:09:00,BANKNIFTY29SEP2655500PE,55500.0,PE,29SEP2026,168.75,168.85,168.0,168.0,13
2026-08-20 15:09:00,BANKNIFTY29SEP2656000PE,56000.0,PE,29SEP2026,233.9,235.15,233.9,234.85,8
2026-08-20 15:09:00,BANKNIFTY29SEP2656200PE,56200.0,PE,29SEP2026,272.75,272.9,272.7,272.8,6
2026-08-20 15:09:00,BANKNIFTY29SEP2656500CE,56500.0,CE,29SEP2026,1790.0,1790.0,1790.0,1790.0,1
2026-08-20 15:09:00,BANKNIFTY29SEP2656500PE,56500.0,PE,29SEP2026,326.75,328.65,326.75,328.45,6
2026-08-20 15:09:00,BANKNIFTY29SEP2656700PE,56700.0,PE,29SEP2026,371.15,371.15,371.15,371.15,2
2026-08-20 15:09:00,BANKNIFTY29SEP2656900PE,56900.0,PE,29SEP2026,429.0,429.0,429.0,429.0,1
2026-08-20 15:09:00,BANKNIFTY29SEP2657000CE,57000.0,CE,29SEP2026,1425.05,1426.55,1425.05,1426.55,2
2026-08-20 15:09:00,BANKNIFTY29SEP2657000PE,57000.0,PE,29SEP2026,455.65,456.0,452.15,456.0,43
2026-08-20 15:09:00,BANKNIFTY29SEP2657200PE,57200.0,PE,29SEP2026,518.8,522.8,518.65,520.4,16
2026-08-20 15:09:00,BANKNIFTY29SEP2657300CE,57300.0,CE,29SEP2026,1225.0,1225.0,1225.0,1225.0,1
2026-08-20 15:09:00,BANKNIFTY29SEP2657300PE,57300.0,PE,29SEP2026,553.0,553.0,553.0,553.0,1
2026-08-20 15:09:00,BANKNIFTY29SEP2657400CE,57400.0,CE,29SEP2026,1153.95,1155.65,1153.95,1155.65,4
2026-08-20 15:09:00,BANKNIFTY29SEP2657400PE,57400.0,PE,29SEP2026,586.2,588.45,586.2,588.45,3
2026-08-20 15:09:00,BANKNIFTY29SEP2657500CE,57500.0,CE,29SEP2026,1091.45,1094.35,1088.1,1093.0,12
2026-08-20 15:09:00,BANKNIFTY29SEP2657500PE,57500.0,PE,29SEP2026,618.1,620.5,618.1,620.35,25
2026-08-20 15:10:00,BANKNIFTY29SEP2655500PE,55500.0,PE,29SEP2026,168.0,169.7,168.0,169.7,34
2026-08-20 15:10:00,BANKNIFTY29SEP2656000PE,56000.0,PE,29SEP2026,234.85,236.65,234.85,236.65,27
2026-08-20 15:10:00,BANKNIFTY29SEP2656500CE,56500.0,CE,29SEP2026,1785.0,1785.0,1785.0,1785.0,1
2026-08-20 15:10:00,BANKNIFTY29SEP2656500PE,56500.0,PE,29SEP2026,329.0,331.6,329.0,329.55,22
2026-08-20 15:10:00,BANKNIFTY29SEP2656800PE,56800.0,PE,29SEP2026,406.0,406.15,402.4,402.4,4
2026-08-20 15:10:00,BANKNIFTY29SEP2656900PE,56900.0,PE,29SEP2026,429.95,430.65,429.85,430.65,4
2026-08-20 15:10:00,BANKNIFTY29SEP2657000CE,57000.0,CE,29SEP2026,1421.0,1421.0,1417.6,1417.6,13
2026-08-20 15:10:00,BANKNIFTY29SEP2657000PE,57000.0,PE,29SEP2026,456.0,458.0,455.4,458.0,34
2026-08-20 15:10:00,BANKNIFTY29SEP2657200CE,57200.0,CE,29SEP2026,1285.0,1285.0,1285.0,1285.0,1
2026-08-20 15:10:00,BANKNIFTY29SEP2657200PE,57200.0,PE,29SEP2026,520.7,522.65,520.65,522.65,13
2026-08-20 15:10:00,BANKNIFTY29SEP2657300CE,57300.0,CE,29SEP2026,1225.25,1225.25,1225.25,1225.25,1
2026-08-20 15:10:00,BANKNIFTY29SEP2657300PE,57300.0,PE,29SEP2026,554.0,555.0,554.0,554.55,4
2026-08-20 15:10:00,BANKNIFTY29SEP2657400CE,57400.0,CE,29SEP2026,1157.95,1157.95,1150.0,1150.0,7
2026-08-20 15:10:00,BANKNIFTY29SEP2657400PE,57400.0,PE,29SEP2026,592.4,592.4,589.5,589.5,5
2026-08-20 15:10:00,BANKNIFTY29SEP2657500CE,57500.0,CE,29SEP2026,1090.1,1090.1,1080.65,1082.7,76
2026-08-20 15:10:00,BANKNIFTY29SEP2657500PE,57500.0,PE,29SEP2026,621.0,624.6,620.75,623.0,63
2026-08-20 15:11:00,BANKNIFTY29SEP2655500CE,55500.0,CE,29SEP2026,2599.0,2599.0,2599.0,2599.0,1
2026-08-20 15:11:00,BANKNIFTY29SEP2655500PE,55500.0,PE,29SEP2026,170.9,170.9,170.3,170.3,4
2026-08-20 15:11:00,BANKNIFTY29SEP2656000PE,56000.0,PE,29SEP2026,236.65,238.95,236.65,238.25,19
2026-08-20 15:11:00,BANKNIFTY29SEP2656200PE,56200.0,PE,29SEP2026,269.4,269.4,269.4,269.4,1
2026-08-20 15:11:00,BANKNIFTY29SEP2656500CE,56500.0,CE,29SEP2026,1763.1,1763.1,1763.1,1763.1,1
2026-08-20 15:11:00,BANKNIFTY29SEP2656500PE,56500.0,PE,29SEP2026,332.4,333.0,332.15,332.15,3
2026-08-20 15:11:00,BANKNIFTY29SEP2656600PE,56600.0,PE,29SEP2026,350.8,350.8,350.8,350.8,1
2026-08-20 15:11:00,BANKNIFTY29SEP2656700PE,56700.0,PE,29SEP2026,384.35,384.35,384.35,384.35,1
2026-08-20 15:11:00,BANKNIFTY29SEP2656800PE,56800.0,PE,29SEP2026,403.3,403.3,403.3,403.3,1
2026-08-20 15:11:00,BANKNIFTY29SEP2656900CE,56900.0,CE,29SEP2026,1480.0,1480.0,1480.0,1480.0,1
2026-08-20 15:11:00,BANKNIFTY29SEP2657000CE,57000.0,CE,29SEP2026,1417.6,1417.6,1400.05,1409.05,43
2026-08-20 15:11:00,BANKNIFTY29SEP2657000PE,57000.0,PE,29SEP2026,458.95,463.0,457.05,458.5,33
2026-08-20 15:11:00,BANKNIFTY29SEP2657100PE,57100.0,PE,29SEP2026,493.0,493.0,493.0,493.0,1
2026-08-20 15:11:00,BANKNIFTY29SEP2657200CE,57200.0,CE,29SEP2026,1278.8,1278.8,1266.85,1266.85,6
2026-08-20 15:11:00,BANKNIFTY29SEP2657200PE,57200.0,PE,29SEP2026,526.05,526.05,526.05,526.05,1
2026-08-20 15:11:00,BANKNIFTY29SEP2657300CE,57300.0,CE,29SEP2026,1214.45,1214.45,1214.45,1214.45,1
2026-08-20 15:11:00,BANKNIFTY29SEP2657300PE,57300.0,PE,29SEP2026,559.4,559.4,556.55,556.55,4
2026-08-20 15:11:00,BANKNIFTY29SEP2657400CE,57400.0,CE,29SEP2026,1150.0,1150.0,1137.4,1137.4,2
2026-08-20 15:11:00,BANKNIFTY29SEP2657400PE,57400.0,PE,29SEP2026,595.0,597.7,592.5,597.7,5
2026-08-20 15:11:00,BANKNIFTY29SEP2657500CE,57500.0,CE,29SEP2026,1080.0,1080.95,1070.8,1075.45,84
2026-08-20 15:11:00,BANKNIFTY29SEP2657500PE,57500.0,PE,29SEP2026,624.5,629.05,622.65,626.0,118
2026-08-20 15:12:00,BANKNIFTY29SEP2655500CE,55500.0,CE,29SEP2026,2588.35,2588.35,2588.35,2588.35,1
2026-08-20 15:12:00,BANKNIFTY29SEP2655500PE,55500.0,PE,29SEP2026,170.0,170.0,168.6,169.7,23
2026-08-20 15:12:00,BANKNIFTY29SEP2656000CE,56000.0,CE,29SEP2026,2159.8,2160.5,2159.8,2160.5,3
2026-08-20 15:12:00,BANKNIFTY29SEP2656000PE,56000.0,PE,29SEP2026,235.9,236.85,235.05,236.25,10
2026-08-20 15:12:00,BANKNIFTY29SEP2656500PE,56500.0,PE,29SEP2026,330.05,331.25,330.0,331.25,4
2026-08-20 15:12:00,BANKNIFTY29SEP2656700PE,56700.0,PE,29SEP2026,378.85,378.85,378.85,378.85,2
2026-08-20 15:12:00,BANKNIFTY29SEP2657000CE,57000.0,CE,29SEP2026,1409.0,1409.0,1406.55,1406.55,5
2026-08-20 15:12:00,BANKNIFTY29SEP2657000PE,57000.0,PE,29SEP2026,461.4,461.6,455.55,455.85,13
2026-08-20 15:12:00,BANKNIFTY29SEP2657200PE,57200.0,PE,29SEP2026,526.05,526.05,526.05,526.05,10
2026-08-20 15:12:00,BANKNIFTY29SEP2657300CE,57300.0,CE,29SEP2026,1200.25,1200.25,1200.2,1200.2,2
2026-08-20 15:12:00,BANKNIFTY29SEP2657300PE,57300.0,PE,29SEP2026,558.75,558.8,558.75,558.8,2
2026-08-20 15:12:00,BANKNIFTY29SEP2657400CE,57400.0,CE,29SEP2026,1138.15,1138.15,1138.1,1138.1,2
2026-08-20 15:12:00,BANKNIFTY29SEP2657400PE,57400.0,PE,29SEP2026,595.15,595.2,592.8,595.15,7
2026-08-20 15:12:00,BANKNIFTY29SEP2657500CE,57500.0,CE,29SEP2026,1076.9,1081.15,1073.5,1081.15,23
2026-08-20 15:12:00,BANKNIFTY29SEP2657500PE,57500.0,PE,29SEP2026,626.15,628.75,621.45,621.45,42
2026-08-20 15:13:00,BANKNIFTY29SEP2655500CE,55500.0,CE,29SEP2026,2611.0,2611.0,2611.0,2611.0,1
2026-08-20 15:13:00,BANKNIFTY29SEP2655500PE,55500.0,PE,29SEP2026,169.0,169.0,165.5,165.5,58
2026-08-20 15:13:00,BANKNIFTY29SEP2656000CE,56000.0,CE,29SEP2026,2170.9,2170.9,2170.9,2170.9,10
2026-08-20 15:13:00,BANKNIFTY29SEP2656000PE,56000.0,PE,29SEP2026,236.0,236.7,232.0,234.25,83
2026-08-20 15:13:00,BANKNIFTY29SEP2656200PE,56200.0,PE,29SEP2026,270.1,270.1,270.0,270.0,7
2026-08-20 15:13:00,BANKNIFTY29SEP2656500PE,56500.0,PE,29SEP2026,328.8,328.8,323.85,326.55,14
2026-08-20 15:13:00,BANKNIFTY29SEP2656600PE,56600.0,PE,29SEP2026,349.4,349.4,349.4,349.4,1
2026-08-20 15:13:00,BANKNIFTY29SEP2656700PE,56700.0,PE,29SEP2026,374.2,374.2,374.2,374.2,1
2026-08-20 15:13:00,BANKNIFTY29SEP2656800PE,56800.0,PE,29SEP2026,400.8,403.2,400.8,403.2,4
2026-08-20 15:13:00,BANKNIFTY29SEP2656900CE,56900.0,CE,29SEP2026,1491.95,1492.0,1491.95,1492.0,2
2026-08-20 15:13:00,BANKNIFTY29SEP2657000CE,57000.0,CE,29SEP2026,1408.15,1412.9,1408.15,1412.9,21
2026-08-20 15:13:00,BANKNIFTY29SEP2657000PE,57000.0,PE,29SEP2026,458.3,459.55,450.05,452.35,120
2026-08-20 15:13:00,BANKNIFTY29SEP2657100PE,57100.0,PE,29SEP2026,493.0,493.0,493.0,493.0,10
2026-08-20 15:13:00,BANKNIFTY29SEP2657200CE,57200.0,CE,29SEP2026,1277.35,1297.15,1277.35,1297.15,6
2026-08-20 15:13:00,BANKNIFTY29SEP2657200PE,57200.0,PE,29SEP2026,522.5,522.5,518.55,518.75,14
2026-08-20 15:13:00,BANKNIFTY29SEP2657300CE,57300.0,CE,29SEP2026,1213.45,1213.5,1213.45,1213.5,2
2026-08-20 15:13:00,BANKNIFTY29SEP2657300PE,57300.0,PE,29SEP2026,555.2,555.2,553.75,554.1,4
2026-08-20 15:13:00,BANKNIFTY29SEP2657400CE,57400.0,CE,29SEP2026,1148.1,1161.45,1147.95,1156.4,7
2026-08-20 15:13:00,BANKNIFTY29SEP2657400PE,57400.0,PE,29SEP2026,590.9,590.9,588.05,588.05,6
2026-08-20 15:13:00,BANKNIFTY29SEP2657500CE,57500.0,CE,29SEP2026,1077.7,1095.95,1077.7,1093.25,45
2026-08-20 15:13:00,BANKNIFTY29SEP2657500PE,57500.0,PE,29SEP2026,624.45,624.45,614.4,615.15,59
2026-08-20 15:14:00,BANKNIFTY29SEP2655500PE,55500.0,PE,29SEP2026,166.65,167.55,166.65,167.55,3
2026-08-20 15:14:00,BANKNIFTY29SEP2656000PE,56000.0,PE,29SEP2026,232.3,235.0,232.3,235.0,24
2026-08-20 15:14:00,BANKNIFTY29SEP2656500CE,56500.0,CE,29SEP2026,1799.1,1799.15,1799.1,1799.15,2
2026-08-20 15:14:00,BANKNIFTY29SEP2656500PE,56500.0,PE,29SEP2026,324.85,327.65,324.85,327.1,7
2026-08-20 15:14:00,BANKNIFTY29SEP2656600PE,56600.0,PE,29SEP2026,349.4,349.4,349.4,349.4,1
2026-08-20 15:14:00,BANKNIFTY29SEP2656900PE,56900.0,PE,29SEP2026,425.05,425.05,425.05,425.05,1
2026-08-20 15:14:00,BANKNIFTY29SEP2657000CE,57000.0,CE,29SEP2026,1427.95,1427.95,1421.0,1421.0,3
2026-08-20 15:14:00,BANKNIFTY29SEP2657000PE,57000.0,PE,29SEP2026,451.65,456.3,448.9,456.3,63
2026-08-20 15:14:00,BANKNIFTY29SEP2657100PE,57100.0,PE,29SEP2026,482.2,482.2,482.2,482.2,1
2026-08-20 15:14:00,BANKNIFTY29SEP2657200CE,57200.0,CE,29SEP2026,1296.95,1296.95,1283.9,1283.9,3
2026-08-20 15:14:00,BANKNIFTY29SEP2657200PE,57200.0,PE,29SEP2026,519.1,519.1,518.95,518.95,4
2026-08-20 15:14:00,BANKNIFTY29SEP2657500CE,57500.0,CE,29SEP2026,1093.25,1093.25,1089.0,1090.55,6
2026-08-20 15:14:00,BANKNIFTY29SEP2657500PE,57500.0,PE,29SEP2026,615.7,620.55,615.65,617.75,7
2026-08-20 15:15:00,BANKNIFTY29SEP2655500PE,55500.0,PE,29SEP2026,167.85,167.95,167.35,167.8,13
2026-08-20 15:15:00,BANKNIFTY29SEP2656000PE,56000.0,PE,29SEP2026,235.0,235.0,235.0,235.0,2
2026-08-20 15:15:00,BANKNIFTY29SEP2656500PE,56500.0,PE,29SEP2026,328.15,328.95,325.85,325.95,14
2026-08-20 15:15:00,BANKNIFTY29SEP2656700PE,56700.0,PE,29SEP2026,379.3,379.3,379.3,379.3,2
2026-08-20 15:15:00,BANKNIFTY29SEP2656900PE,56900.0,PE,29SEP2026,426.05,426.05,426.05,426.05,1
2026-08-20 15:15:00,BANKNIFTY29SEP2657000CE,57000.0,CE,29SEP2026,1422.05,1424.9,1422.05,1424.25,15
2026-08-20 15:15:00,BANKNIFTY29SEP2657000PE,57000.0,PE,29SEP2026,452.4,456.9,452.0,455.55,36
2026-08-20 15:15:00,BANKNIFTY29SEP2657200CE,57200.0,CE,29SEP2026,1280.85,1280.85,1280.85,1280.85,1
2026-08-20 15:15:00,BANKNIFTY29SEP2657200PE,57200.0,PE,29SEP2026,519.95,520.55,516.8,520.4,22
2026-08-20 15:15:00,BANKNIFTY29SEP2657300PE,57300.0,PE,29SEP2026,553.3,553.3,553.3,553.3,1
2026-08-20 15:15:00,BANKNIFTY29SEP2657400CE,57400.0,CE,29SEP2026,1162.05,1162.05,1162.05,1162.05,1
2026-08-20 15:15:00,BANKNIFTY29SEP2657400PE,57400.0,PE,29SEP2026,587.85,588.95,585.0,588.9,30
2026-08-20 15:15:00,BANKNIFTY29SEP2657500CE,57500.0,CE,29SEP2026,1085.0,1094.1,1084.95,1091.0,19
2026-08-20 15:15:00,BANKNIFTY29SEP2657500PE,57500.0,PE,29SEP2026,618.6,622.0,617.85,621.8,32
2026-08-20 15:16:00,BANKNIFTY29SEP2655500PE,55500.0,PE,29SEP2026,168.0,170.15,168.0,170.05,8
2026-08-20 15:16:00,BANKNIFTY29SEP2656000CE,56000.0,CE,29SEP2026,2188.9,2189.85,2188.9,2189.85,3
2026-08-20 15:16:00,BANKNIFTY29SEP2656000PE,56000.0,PE,29SEP2026,234.9,240.5,234.9,238.95,70
2026-08-20 15:16:00,BANKNIFTY29SEP2656200PE,56200.0,PE,29SEP2026,271.45,275.5,271.45,275.5,7
2026-08-20 15:16:00,BANKNIFTY29SEP2656500PE,56500.0,PE,29SEP2026,327.85,334.25,327.85,330.25,21
2026-08-20 15:16:00,BANKNIFTY29SEP2656800PE,56800.0,PE,29SEP2026,403.3,403.3,403.3,403.3,1
2026-08-20 15:16:00,BANKNIFTY29SEP2657000CE,57000.0,CE,29SEP2026,1424.0,1424.0,1407.85,1407.85,6
2026-08-20 15:16:00,BANKNIFTY29SEP2657000PE,57000.0,PE,29SEP2026,455.0,460.0,455.0,460.0,45
2026-08-20 15:16:00,BANKNIFTY29SEP2657100PE,57100.0,PE,29SEP2026,490.45,490.9,490.45,490.9,8
2026-08-20 15:16:00,BANKNIFTY29SEP2657200CE,57200.0,CE,29SEP2026,1281.5,1281.5,1281.5,1281.5,1
2026-08-20 15:16:00,BANKNIFTY29SEP2657200PE,57200.0,PE,29SEP2026,525.05,526.0,524.6,526.0,7
2026-08-20 15:16:00,BANKNIFTY29SEP2657300PE,57300.0,PE,29SEP2026,552.2,553.7,552.2,553.7,3
2026-08-20 15:16:00,BANKNIFTY29SEP2657400CE,57400.0,CE,29SEP2026,1150.0,1150.0,1150.0,1150.0,4
2026-08-20 15:16:00,BANKNIFTY29SEP2657400PE,57400.0,PE,29SEP2026,590.45,597.5,590.45,597.5,22
2026-08-20 15:16:00,BANKNIFTY29SEP2657500CE,57500.0,CE,29SEP2026,1092.2,1092.25,1077.0,1077.0,28
2026-08-20 15:16:00,BANKNIFTY29SEP2657500PE,57500.0,PE,29SEP2026,620.0,628.3,618.15,623.75,93
2026-08-20 15:17:00,BANKNIFTY29SEP2655500PE,55500.0,PE,29SEP2026,170.45,170.9,169.35,169.35,29
2026-08-20 15:17:00,BANKNIFTY29SEP2656000PE,56000.0,PE,29SEP2026,238.3,239.6,237.3,237.3,16
2026-08-20 15:17:00,BANKNIFTY29SEP2656500PE,56500.0,PE,29SEP2026,330.35,331.4,329.5,329.65,11
2026-08-20 15:17:00,BANKNIFTY29SEP2657000PE,57000.0,PE,29SEP2026,458.75,458.75,455.95,455.95,16
2026-08-20 15:17:00,BANKNIFTY29SEP2657100PE,57100.0,PE,29SEP2026,493.9,493.9,489.9,489.9,3
2026-08-20 15:17:00,BANKNIFTY29SEP2657200PE,57200.0,PE,29SEP2026,522.5,525.6,522.5,525.6,4
2026-08-20 15:17:00,BANKNIFTY29SEP2657300CE,57300.0,CE,29SEP2026,1223.95,1226.95,1221.5,1221.5,8
2026-08-20 15:17:00,BANKNIFTY29SEP2657300PE,57300.0,PE,29SEP2026,558.95,560.95,555.2,555.2,10
2026-08-20 15:17:00,BANKNIFTY29SEP2657400CE,57400.0,CE,29SEP2026,1146.25,1146.25,1146.25,1146.25,1
2026-08-20 15:17:00,BANKNIFTY29SEP2657400PE,57400.0,PE,29SEP2026,595.45,595.45,590.4,590.6,9
2026-08-20 15:17:00,BANKNIFTY29SEP2657500CE,57500.0,CE,29SEP2026,1082.85,1087.95,1082.85,1087.95,5
2026-08-20 15:17:00,BANKNIFTY29SEP2657500PE,57500.0,PE,29SEP2026,625.4,628.45,622.15,622.15,67
2026-08-20 15:18:00,BANKNIFTY29SEP2655500PE,55500.0,PE,29SEP2026,169.45,169.45,166.0,166.0,272
2026-08-20 15:18:00,BANKNIFTY29SEP2656000PE,56000.0,PE,29SEP2026,237.3,237.3,235.45,235.45,4
2026-08-20 15:18:00,BANKNIFTY29SEP2656200PE,56200.0,PE,29SEP2026,270.05,270.05,270.05,270.05,1
2026-08-20 15:18:00,BANKNIFTY29SEP2656500CE,56500.0,CE,29SEP2026,1783.0,1783.0,1783.0,1783.0,1
2026-08-20 15:18:00,BANKNIFTY29SEP2656500PE,56500.0,PE,29SEP2026,331.6,331.6,327.0,327.85,18
2026-08-20 15:18:00,BANKNIFTY29SEP2656600PE,56600.0,PE,29SEP2026,349.25,349.25,349.25,349.25,1
2026-08-20 15:18:00,BANKNIFTY29SEP2656900PE,56900.0,PE,29SEP2026,429.1,429.1,429.1,429.1,1
2026-08-20 15:18:00,BANKNIFTY29SEP2657000PE,57000.0,PE,29SEP2026,454.95,457.15,452.65,454.4,33
2026-08-20 15:18:00,BANKNIFTY29SEP2657100PE,57100.0,PE,29SEP2026,487.9,487.9,487.9,487.9,1
2026-08-20 15:18:00,BANKNIFTY29SEP2657200PE,57200.0,PE,29SEP2026,520.15,521.05,520.0,520.45,15
2026-08-20 15:18:00,BANKNIFTY29SEP2657300CE,57300.0,CE,29SEP2026,1213.95,1213.95,1213.95,1213.95,1
2026-08-20 15:18:00,BANKNIFTY29SEP2657400CE,57400.0,CE,29SEP2026,1150.65,1150.65,1150.65,1150.65,1
2026-08-20 15:18:00,BANKNIFTY29SEP2657400PE,57400.0,PE,29SEP2026,592.3,592.3,591.35,591.35,2
2026-08-20 15:18:00,BANKNIFTY29SEP2657500CE,57500.0,CE,29SEP2026,1087.95,1087.95,1084.7,1087.8,19
2026-08-20 15:18:00,BANKNIFTY29SEP2657500PE,57500.0,PE,29SEP2026,624.25,625.05,620.9,623.7,34
2026-08-20 15:19:00,BANKNIFTY29SEP2655500PE,55500.0,PE,29SEP2026,166.0,167.4,166.0,166.0,144
2026-08-20 15:19:00,BANKNIFTY29SEP2656000PE,56000.0,PE,29SEP2026,235.05,235.05,235.05,235.05,4
2026-08-20 15:19:00,BANKNIFTY29SEP2656200PE,56200.0,PE,29SEP2026,270.0,270.0,270.0,270.0,6
2026-08-20 15:19:00,BANKNIFTY29SEP2656500CE,56500.0,CE,29SEP2026,1769.45,1769.45,1769.45,1769.45,1
2026-08-20 15:19:00,BANKNIFTY29SEP2656500PE,56500.0,PE,29SEP2026,326.9,328.0,326.9,327.15,11
2026-08-20 15:19:00,BANKNIFTY29SEP2657000CE,57000.0,CE,29SEP2026,1412.0,1412.0,1412.0,1412.0,1
2026-08-20 15:19:00,BANKNIFTY29SEP2657000PE,57000.0,PE,29SEP2026,454.95,456.8,454.0,454.0,11
2026-08-20 15:19:00,BANKNIFTY29SEP2657100PE,57100.0,PE,29SEP2026,488.5,489.15,485.55,488.0,17
2026-08-20 15:19:00,BANKNIFTY29SEP2657400CE,57400.0,CE,29SEP2026,1154.45,1154.45,1154.45,1154.45,1
2026-08-20 15:19:00,BANKNIFTY29SEP2657400PE,57400.0,PE,29SEP2026,590.95,591.35,590.95,591.35,6
2026-08-20 15:19:00,BANKNIFTY29SEP2657500CE,57500.0,CE,29SEP2026,1081.5,1085.5,1080.0,1080.0,8
2026-08-20 15:19:00,BANKNIFTY29SEP2657500PE,57500.0,PE,29SEP2026,622.0,622.95,620.65,622.95,14
2026-08-20 15:20:00,BANKNIFTY29SEP2655500PE,55500.0,PE,29SEP2026,167.25,169.15,167.25,169.0,137
2026-08-20 15:20:00,BANKNIFTY29SEP2656000PE,56000.0,PE,29SEP2026,235.15,237.05,235.15,236.45,22
2026-08-20 15:20:00,BANKNIFTY29SEP2656200PE,56200.0,PE,29SEP2026,271.95,272.0,270.1,270.1,6
2026-08-20 15:20:00,BANKNIFTY29SEP2656500PE,56500.0,PE,29SEP2026,328.15,331.05,328.15,330.75,14
2026-08-20 15:20:00,BANKNIFTY29SEP2656700PE,56700.0,PE,29SEP2026,383.3,385.25,383.3,385.25,10
2026-08-20 15:20:00,BANKNIFTY29SEP2656800PE,56800.0,PE,29SEP2026,404.0,404.0,404.0,404.0,1
2026-08-20 15:20:00,BANKNIFTY29SEP2656900PE,56900.0,PE,29SEP2026,431.65,431.65,431.65,431.65,2
2026-08-20 15:20:00,BANKNIFTY29SEP2657000CE,57000.0,CE,29SEP2026,1409.05,1409.05,1401.4,1401.4,13
2026-08-20 15:20:00,BANKNIFTY29SEP2657000PE,57000.0,PE,29SEP2026,457.65,462.0,455.0,462.0,64
2026-08-20 15:20:00,BANKNIFTY29SEP2657100PE,57100.0,PE,29SEP2026,492.15,492.15,492.15,492.15,1
2026-08-20 15:20:00,BANKNIFTY29SEP2657200CE,57200.0,CE,29SEP2026,1272.15,1272.15,1272.15,1272.15,1
2026-08-20 15:20:00,BANKNIFTY29SEP2657200PE,57200.0,PE,29SEP2026,524.65,524.65,524.65,524.65,18
2026-08-20 15:20:00,BANKNIFTY29SEP2657300CE,57300.0,CE,29SEP2026,1201.95,1209.85,1201.95,1209.85,4
2026-08-20 15:20:00,BANKNIFTY29SEP2657300PE,57300.0,PE,29SEP2026,558.85,561.25,558.85,561.25,7
2026-08-20 15:20:00,BANKNIFTY29SEP2657400CE,57400.0,CE,29SEP2026,1145.0,1145.0,1135.9,1135.9,2
2026-08-20 15:20:00,BANKNIFTY29SEP2657400PE,57400.0,PE,29SEP2026,593.55,597.0,593.55,597.0,8
2026-08-20 15:20:00,BANKNIFTY29SEP2657500CE,57500.0,CE,29SEP2026,1078.1,1079.35,1068.9,1068.9,16
2026-08-20 15:20:00,BANKNIFTY29SEP2657500PE,57500.0,PE,29SEP2026,622.95,630.0,622.95,630.0,77
2026-08-20 15:21:00,BANKNIFTY29SEP2655500PE,55500.0,PE,29SEP2026,169.25,170.85,168.75,169.1,12
2026-08-20 15:21:00,BANKNIFTY29SEP2656000PE,56000.0,PE,29SEP2026,237.4,239.4,236.85,236.85,12
2026-08-20 15:21:00,BANKNIFTY29SEP2656500PE,56500.0,PE,29SEP2026,333.9,333.9,329.65,329.65,7
2026-08-20 15:21:00,BANKNIFTY29SEP2656700PE,56700.0,PE,29SEP2026,384.65,384.65,384.65,384.65,1
2026-08-20 15:21:00,BANKNIFTY29SEP2656900PE,56900.0,PE,29SEP2026,433.9,433.9,433.9,433.9,1
2026-08-20 15:21:00,BANKNIFTY29SEP2657000CE,57000.0,CE,29SEP2026,1405.25,1405.25,1405.25,1405.25,1
2026-08-20 15:21:00,BANKNIFTY29SEP2657000PE,57000.0,PE,29SEP2026,462.0,464.0,460.0,460.0,31
2026-08-20 15:21:00,BANKNIFTY29SEP2657100PE,57100.0,PE,29SEP2026,493.75,496.0,492.15,493.45,12
2026-08-20 15:21:00,BANKNIFTY29SEP2657200PE,57200.0,PE,29SEP2026,527.55,530.0,527.55,530.0,3
2026-08-20 15:21:00,BANKNIFTY29SEP2657300PE,57300.0,PE,29SEP2026,560.85,560.85,560.85,560.85,4
2026-08-20 15:21:00,BANKNIFTY29SEP2657400PE,57400.0,PE,29SEP2026,597.5,597.5,596.85,596.85,2
2026-08-20 15:21:00,BANKNIFTY29SEP2657500CE,57500.0,CE,29SEP2026,1069.55,1074.2,1067.15,1068.2,24
2026-08-20 15:21:00,BANKNIFTY29SEP2657500PE,57500.0,PE,29SEP2026,630.0,631.6,628.0,628.1,98
2026-08-20 15:22:00,BANKNIFTY29SEP2655500PE,55500.0,PE,29SEP2026,169.75,169.75,169.1,169.1,8
2026-08-20 15:22:00,BANKNIFTY29SEP2656200PE,56200.0,PE,29SEP2026,270.9,270.9,270.9,270.9,1
2026-08-20 15:22:00,BANKNIFTY29SEP2656500PE,56500.0,PE,29SEP2026,331.5,333.05,330.05,331.2,11
2026-08-20 15:22:00,BANKNIFTY29SEP2656800PE,56800.0,PE,29SEP2026,405.8,405.8,405.8,405.8,1
2026-08-20 15:22:00,BANKNIFTY29SEP2656900PE,56900.0,PE,29SEP2026,435.45,435.5,434.25,434.25,3
2026-08-20 15:22:00,BANKNIFTY29SEP2657000CE,57000.0,CE,29SEP2026,1401.5,1411.95,1400.0,1411.95,12
2026-08-20 15:22:00,BANKNIFTY29SEP2657000PE,57000.0,PE,29SEP2026,463.95,464.5,460.0,462.4,62
2026-08-20 15:22:00,BANKNIFTY29SEP2657100PE,57100.0,PE,29SEP2026,492.25,493.95,492.15,493.95,5
2026-08-20 15:22:00,BANKNIFTY29SEP2657200PE,57200.0,PE,29SEP2026,525.35,527.75,525.35,527.75,2
2026-08-20 15:22:00,BANKNIFTY29SEP2657300CE,57300.0,CE,29SEP2026,1200.05,1205.2,1200.0,1205.15,4
2026-08-20 15:22:00,BANKNIFTY29SEP2657300PE,57300.0,PE,29SEP2026,559.0,559.0,558.15,558.15,10
2026-08-20 15:22:00,BANKNIFTY29SEP2657400PE,57400.0,PE,29SEP2026,598.75,598.75,594.1,594.1,6
2026-08-20 15:22:00,BANKNIFTY29SEP2657500CE,57500.0,CE,29SEP2026,1073.9,1076.9,1066.7,1076.9,49
2026-08-20 15:22:00,BANKNIFTY29SEP2657500PE,57500.0,PE,29SEP2026,625.4,632.0,625.4,626.6,47
2026-08-20 15:23:00,BANKNIFTY29SEP2655500PE,55500.0,PE,29SEP2026,168.5,169.5,168.4,169.5,27
2026-08-20 15:23:00,BANKNIFTY29SEP2656000PE,56000.0,PE,29SEP2026,237.55,237.55,237.55,237.55,1
2026-08-20 15:23:00,BANKNIFTY29SEP2656200PE,56200.0,PE,29SEP2026,272.45,272.55,272.45,272.55,2
2026-08-20 15:23:00,BANKNIFTY29SEP2656300PE,56300.0,PE,29SEP2026,287.3,287.3,287.3,287.3,1
2026-08-20 15:23:00,BANKNIFTY29SEP2656500PE,56500.0,PE,29SEP2026,332.7,334.8,332.7,334.8,2
2026-08-20 15:23:00,BANKNIFTY29SEP2656600PE,56600.0,PE,29SEP2026,355.95,356.0,355.95,356.0,6
2026-08-20 15:23:00,BANKNIFTY29SEP2656800PE,56800.0,PE,29SEP2026,405.9,405.9,405.9,405.9,1
2026-08-20 15:23:00,BANKNIFTY29SEP2657000PE,57000.0,PE,29SEP2026,462.25,466.0,462.25,464.0,59
2026-08-20 15:23:00,BANKNIFTY29SEP2657100PE,57100.0,PE,29SEP2026,493.55,498.85,493.55,498.85,6
2026-08-20 15:23:00,BANKNIFTY29SEP2657200PE,57200.0,PE,29SEP2026,529.2,529.2,529.2,529.2,1
2026-08-20 15:23:00,BANKNIFTY29SEP2657300CE,57300.0,CE,29SEP2026,1205.15,1205.15,1204.75,1204.75,6
2026-08-20 15:23:00,BANKNIFTY29SEP2657300PE,57300.0,PE,29SEP2026,559.95,563.0,559.9,561.55,4
2026-08-20 15:23:00,BANKNIFTY29SEP2657400CE,57400.0,CE,29SEP2026,1137.95,1137.95,1137.0,1137.0,2
2026-08-20 15:23:00,BANKNIFTY29SEP2657400PE,57400.0,PE,29SEP2026,596.85,596.85,596.85,596.85,1
2026-08-20 15:23:00,BANKNIFTY29SEP2657500CE,57500.0,CE,29SEP2026,1075.5,1075.5,1067.35,1067.95,42
2026-08-20 15:23:00,BANKNIFTY29SEP2657500PE,57500.0,PE,29SEP2026,628.5,632.0,627.75,632.0,83
2026-08-20 15:24:00,BANKNIFTY29SEP2655500PE,55500.0,PE,29SEP2026,169.8,169.8,167.65,167.65,5
2026-08-20 15:24:00,BANKNIFTY29SEP2656000CE,56000.0,CE,29SEP2026,2160.0,2160.0,2160.0,2160.0,1
2026-08-20 15:24:00,BANKNIFTY29SEP2656000PE,56000.0,PE,29SEP2026,237.6,237.6,235.15,235.15,13
2026-08-20 15:24:00,BANKNIFTY29SEP2656200PE,56200.0,PE,29SEP2026,271.45,271.45,271.4,271.4,2
2026-08-20 15:24:00,BANKNIFTY29SEP2656500PE,56500.0,PE,29SEP2026,334.0,334.05,331.05,331.05,5
2026-08-20 15:24:00,BANKNIFTY29SEP2657000CE,57000.0,CE,29SEP2026,1403.75,1403.75,1403.75,1403.75,1
2026-08-20 15:24:00,BANKNIFTY29SEP2657000PE,57000.0,PE,29SEP2026,463.95,463.95,457.9,458.9,19
2026-08-20 15:24:00,BANKNIFTY29SEP2657100PE,57100.0,PE,29SEP2026,496.15,496.15,490.0,490.0,9
2026-08-20 15:24:00,BANKNIFTY29SEP2657200CE,57200.0,CE,29SEP2026,1271.15,1281.4,1271.15,1281.4,4
2026-08-20 15:24:00,BANKNIFTY29SEP2657200PE,57200.0,PE,29SEP2026,524.95,528.35,524.95,528.35,2
2026-08-20 15:24:00,BANKNIFTY29SEP2657300CE,57300.0,CE,29SEP2026,1205.15,1215.45,1205.15,1215.45,4
2026-08-20 15:24:00,BANKNIFTY29SEP2657300PE,57300.0,PE,29SEP2026,560.4,560.4,556.2,556.2,22
2026-08-20 15:24:00,BANKNIFTY29SEP2657400CE,57400.0,CE,29SEP2026,1142.4,1142.4,1142.4,1142.4,2
2026-08-20 15:24:00,BANKNIFTY29SEP2657400PE,57400.0,PE,29SEP2026,596.85,597.0,591.9,593.0,13
2026-08-20 15:24:00,BANKNIFTY29SEP2657500CE,57500.0,CE,29SEP2026,1069.4,1084.3,1069.4,1084.3,3
2026-08-20 15:24:00,BANKNIFTY29SEP2657500PE,57500.0,PE,29SEP2026,630.05,630.1,622.9,623.55,27
2026-08-20 15:25:00,BANKNIFTY29SEP2655500PE,55500.0,PE,29SEP2026,167.4,168.75,167.05,168.7,15
2026-08-20 15:25:00,BANKNIFTY29SEP2656000PE,56000.0,PE,29SEP2026,235.15,237.5,235.05,237.5,17
2026-08-20 15:25:00,BANKNIFTY29SEP2656200PE,56200.0,PE,29SEP2026,271.4,271.4,271.4,271.4,1
2026-08-20 15:25:00,BANKNIFTY29SEP2656500PE,56500.0,PE,29SEP2026,329.3,332.0,329.15,330.45,25
2026-08-20 15:25:00,BANKNIFTY29SEP2656900PE,56900.0,PE,29SEP2026,431.45,431.45,431.45,431.45,1
2026-08-20 15:25:00,BANKNIFTY29SEP2657000CE,57000.0,CE,29SEP2026,1414.9,1414.9,1400.05,1400.05,2
2026-08-20 15:25:00,BANKNIFTY29SEP2657000PE,57000.0,PE,29SEP2026,458.9,463.4,456.75,463.3,22
2026-08-20 15:25:00,BANKNIFTY29SEP2657100PE,57100.0,PE,29SEP2026,490.4,490.85,490.4,490.85,2
2026-08-20 15:25:00,BANKNIFTY29SEP2657200PE,57200.0,PE,29SEP2026,523.1,524.35,523.0,524.35,14
2026-08-20 15:25:00,BANKNIFTY29SEP2657300PE,57300.0,PE,29SEP2026,556.7,556.75,556.65,556.75,3
2026-08-20 15:25:00,BANKNIFTY29SEP2657400CE,57400.0,CE,29SEP2026,1156.7,1156.7,1156.7,1156.7,1
2026-08-20 15:25:00,BANKNIFTY29SEP2657400PE,57400.0,PE,29SEP2026,592.05,599.55,590.15,599.55,38
2026-08-20 15:25:00,BANKNIFTY29SEP2657500CE,57500.0,CE,29SEP2026,1083.2,1086.5,1071.3,1071.3,11
2026-08-20 15:25:00,BANKNIFTY29SEP2657500PE,57500.0,PE,29SEP2026,622.35,630.55,621.0,630.4,14
2026-08-20 15:26:00,BANKNIFTY29SEP2655500PE,55500.0,PE,29SEP2026,168.25,168.25,167.9,167.9,5
2026-08-20 15:26:00,BANKNIFTY29SEP2656000CE,56000.0,CE,29SEP2026,2155.25,2155.25,2155.25,2155.25,1
2026-08-20 15:26:00,BANKNIFTY29SEP2656000PE,56000.0,PE,29SEP2026,235.05,235.55,235.05,235.55,5
2026-08-20 15:26:00,BANKNIFTY29SEP2656200PE,56200.0,PE,29SEP2026,275.1,275.15,275.1,275.15,2
2026-08-20 15:26:00,BANKNIFTY29SEP2656500PE,56500.0,PE,29SEP2026,329.55,329.65,329.4,329.65,3
2026-08-20 15:26:00,BANKNIFTY29SEP2657000CE,57000.0,CE,29SEP2026,1402.2,1402.2,1402.05,1402.05,2
2026-08-20 15:26:00,BANKNIFTY29SEP2657000PE,57000.0,PE,29SEP2026,460.0,462.0,458.05,461.95,7
2026-08-20 15:26:00,BANKNIFTY29SEP2657100PE,57100.0,PE,29SEP2026,492.95,492.95,492.95,492.95,1
2026-08-20 15:26:00,BANKNIFTY29SEP2657200CE,57200.0,CE,29SEP2026,1270.0,1270.0,1270.0,1270.0,2
2026-08-20 15:26:00,BANKNIFTY29SEP2657200PE,57200.0,PE,29SEP2026,526.8,526.8,526.8,526.8,1
2026-08-20 15:26:00,BANKNIFTY29SEP2657400CE,57400.0,CE,29SEP2026,1139.35,1139.35,1139.35,1139.35,1
2026-08-20 15:26:00,BANKNIFTY29SEP2657400PE,57400.0,PE,29SEP2026,597.1,598.8,597.1,598.8,3
2026-08-20 15:26:00,BANKNIFTY29SEP2657500CE,57500.0,CE,29SEP2026,1074.0,1077.7,1071.3,1071.3,10
2026-08-20 15:26:00,BANKNIFTY29SEP2657500PE,57500.0,PE,29SEP2026,625.3,629.95,624.45,629.85,26
2026-08-20 15:27:00,BANKNIFTY29SEP2655500PE,55500.0,PE,29SEP2026,168.0,168.1,168.0,168.05,13
2026-08-20 15:27:00,BANKNIFTY29SEP2656000PE,56000.0,PE,29SEP2026,235.55,237.55,235.2,235.2,4
2026-08-20 15:27:00,BANKNIFTY29SEP2656200PE,56200.0,PE,29SEP2026,271.5,271.5,271.5,271.5,1
2026-08-20 15:27:00,BANKNIFTY29SEP2656500CE,56500.0,CE,29SEP2026,1761.65,1761.65,1761.65,1761.65,1
2026-08-20 15:27:00,BANKNIFTY29SEP2656500PE,56500.0,PE,29SEP2026,332.05,332.05,332.05,332.05,1
2026-08-20 15:27:00,BANKNIFTY29SEP2656800PE,56800.0,PE,29SEP2026,405.3,405.3,405.3,405.3,1
2026-08-20 15:27:00,BANKNIFTY29SEP2656900PE,56900.0,PE,29SEP2026,434.05,434.05,434.05,434.05,2
2026-08-20 15:27:00,BANKNIFTY29SEP2657000PE,57000.0,PE,29SEP2026,459.0,461.75,458.7,458.8,10
2026-08-20 15:27:00,BANKNIFTY29SEP2657100PE,57100.0,PE,29SEP2026,492.55,492.55,491.85,491.85,6
2026-08-20 15:27:00,BANKNIFTY29SEP2657200PE,57200.0,PE,29SEP2026,525.9,525.9,525.3,525.3,8
2026-08-20 15:27:00,BANKNIFTY29SEP2657300CE,57300.0,CE,29SEP2026,1211.1,1211.1,1211.05,1211.05,2
2026-08-20 15:27:00,BANKNIFTY29SEP2657400PE,57400.0,PE,29SEP2026,594.75,597.4,594.5,594.8,11
2026-08-20 15:27:00,BANKNIFTY29SEP2657500CE,57500.0,CE,29SEP2026,1074.7,1078.8,1074.6,1078.75,7
2026-08-20 15:27:00,BANKNIFTY29SEP2657500PE,57500.0,PE,29SEP2026,627.85,629.25,627.85,628.55,21
2026-08-20 15:28:00,BANKNIFTY29SEP2655500PE,55500.0,PE,29SEP2026,167.9,167.9,167.85,167.85,8
2026-08-20 15:28:00,BANKNIFTY29SEP2656000CE,56000.0,CE,29SEP2026,2179.8,2180.0,2164.45,2180.0,5
2026-08-20 15:28:00,BANKNIFTY29SEP2656000PE,56000.0,PE,29SEP2026,236.0,237.6,235.05,235.05,8
2026-08-20 15:28:00,BANKNIFTY29SEP2656500PE,56500.0,PE,29SEP2026,329.65,330.4,328.65,330.4,3
2026-08-20 15:28:00,BANKNIFTY29SEP2656800PE,56800.0,PE,29SEP2026,401.25,402.6,398.05,402.6,25
2026-08-20 15:28:00,BANKNIFTY29SEP2656900PE,56900.0,PE,29SEP2026,432.75,433.2,432.75,433.15,12
2026-08-20 15:28:00,BANKNIFTY29SEP2657000CE,57000.0,CE,29SEP2026,1405.2,1410.65,1405.2,1410.65,2
2026-08-20 15:28:00,BANKNIFTY29SEP2657000PE,57000.0,PE,29SEP2026,460.0,460.15,456.3,456.3,11
2026-08-20 15:28:00,BANKNIFTY29SEP2657200PE,57200.0,PE,29SEP2026,525.0,527.55,525.0,527.55,2
2026-08-20 15:28:00,BANKNIFTY29SEP2657300CE,57300.0,CE,29SEP2026,1204.4,1204.4,1204.4,1204.4,1
2026-08-20 15:28:00,BANKNIFTY29SEP2657300PE,57300.0,PE,29SEP2026,558.8,558.8,558.7,558.7,4
2026-08-20 15:28:00,BANKNIFTY29SEP2657400PE,57400.0,PE,29SEP2026,594.8,596.7,594.05,594.05,4
2026-08-20 15:28:00,BANKNIFTY29SEP2657500CE,57500.0,CE,29SEP2026,1078.0,1085.7,1078.0,1085.0,23
2026-08-20 15:28:00,BANKNIFTY29SEP2657500PE,57500.0,PE,29SEP2026,626.6,628.35,623.15,624.95,16
2026-08-20 15:29:00,BANKNIFTY29SEP2655500PE,55500.0,PE,29SEP2026,168.3,168.3,167.35,167.4,6
2026-08-20 15:29:00,BANKNIFTY29SEP2656000PE,56000.0,PE,29SEP2026,235.05,235.05,235.0,235.05,4
2026-08-20 15:29:00,BANKNIFTY29SEP2656200PE,56200.0,PE,29SEP2026,270.05,270.05,270.05,270.05,1
2026-08-20 15:29:00,BANKNIFTY29SEP2656500PE,56500.0,PE,29SEP2026,330.4,330.4,330.4,330.4,10
2026-08-20 15:29:00,BANKNIFTY29SEP2656700PE,56700.0,PE,29SEP2026,381.45,381.45,381.45,381.45,1
2026-08-20 15:29:00,BANKNIFTY29SEP2656800PE,56800.0,PE,29SEP2026,402.6,402.6,402.6,402.6,2
2026-08-20 15:29:00,BANKNIFTY29SEP2656900PE,56900.0,PE,29SEP2026,426.8,426.8,426.8,426.8,1
2026-08-20 15:29:00,BANKNIFTY29SEP2657000CE,57000.0,CE,29SEP2026,1410.0,1410.0,1410.0,1410.0,1
2026-08-20 15:29:00,BANKNIFTY29SEP2657000PE,57000.0,PE,29SEP2026,458.6,458.7,455.8,456.45,44
2026-08-20 15:29:00,BANKNIFTY29SEP2657100PE,57100.0,PE,29SEP2026,489.6,489.6,489.6,489.6,2
2026-08-20 15:29:00,BANKNIFTY29SEP2657200PE,57200.0,PE,29SEP2026,524.9,524.9,522.75,522.75,3
2026-08-20 15:29:00,BANKNIFTY29SEP2657300CE,57300.0,CE,29SEP2026,1212.0,1212.0,1212.0,1212.0,1
2026-08-20 15:29:00,BANKNIFTY29SEP2657300PE,57300.0,PE,29SEP2026,555.7,560.2,555.7,560.2,2
2026-08-20 15:29:00,BANKNIFTY29SEP2657400CE,57400.0,CE,29SEP2026,1154.5,1154.5,1154.5,1154.5,1
2026-08-20 15:29:00,BANKNIFTY29SEP2657400PE,57400.0,PE,29SEP2026,589.45,595.9,589.45,595.9,17
2026-08-20 15:29:00,BANKNIFTY29SEP2657500CE,57500.0,CE,29SEP2026,1081.2,1084.3,1075.05,1077.15,13
2026-08-20 15:29:00,BANKNIFTY29SEP2657500PE,57500.0,PE,29SEP2026,624.5,628.5,621.9,625.55,86
2026-08-21 09:15:00,BANKNIFTY29SEP2655500PE,55500.0,PE,29SEP2026,146.7,165.45,146.7,161.9,30
2026-08-21 09:15:00,BANKNIFTY29SEP2656000CE,56000.0,CE,29SEP2026,2190.25,2190.25,2190.2,2190.2,0
2026-08-21 09:15:00,BANKNIFTY29SEP2656000PE,56000.0,PE,29SEP2026,215.05,238.05,215.05,222.8,144
2026-08-21 09:15:00,BANKNIFTY29SEP2656500CE,56500.0,CE,29SEP2026,1787.2,1787.2,1787.2,1787.2,0
2026-08-21 09:15:00,BANKNIFTY29SEP2656500PE,56500.0,PE,29SEP2026,305.2,324.85,305.2,315.0,56
2026-08-21 09:15:00,BANKNIFTY29SEP2657000CE,57000.0,CE,29SEP2026,1454.95,1455.0,1405.8,1415.1,53
2026-08-21 09:15:00,BANKNIFTY29SEP2657000PE,57000.0,PE,29SEP2026,455.0,455.0,427.35,444.25,131
2026-08-21 09:15:00,BANKNIFTY29SEP2657300CE,57300.0,CE,29SEP2026,1223.05,1223.2,1205.75,1205.75,3
2026-08-21 09:15:00,BANKNIFTY29SEP2657300PE,57300.0,PE,29SEP2026,546.05,546.05,535.2,535.2,1
2026-08-21 09:15:00,BANKNIFTY29SEP2657400CE,57400.0,CE,29SEP2026,1175.0,1175.0,1170.0,1170.0,2
2026-08-21 09:15:00,BANKNIFTY29SEP2657400PE,57400.0,PE,29SEP2026,593.0,593.0,556.65,569.95,5
2026-08-21 09:15:00,BANKNIFTY29SEP2657500CE,57500.0,CE,29SEP2026,1077.65,1105.9,1066.4,1066.4,50
2026-08-21 09:15:00,BANKNIFTY29SEP2657500PE,57500.0,PE,29SEP2026,600.05,620.8,597.6,616.75,182
2026-08-21 09:16:00,BANKNIFTY29SEP2655500PE,55500.0,PE,29SEP2026,158.7,166.75,154.9,166.75,143
2026-08-21 09:16:00,BANKNIFTY29SEP2655900PE,55900.0,PE,29SEP2026,224.45,232.55,224.45,225.3,23
2026-08-21 09:16:00,BANKNIFTY29SEP2656000CE,56000.0,CE,29SEP2026,2174.1,2174.1,2174.1,2174.1,1
2026-08-21 09:16:00,BANKNIFTY29SEP2656000PE,56000.0,PE,29SEP2026,222.8,240.0,222.8,239.15,138
2026-08-21 09:16:00,BANKNIFTY29SEP2656200PE,56200.0,PE,29SEP2026,275.3,275.3,268.35,269.9,3
2026-08-21 09:16:00,BANKNIFTY29SEP2656500CE,56500.0,CE,29SEP2026,1759.95,1760.0,1750.0,1750.0,3
2026-08-21 09:16:00,BANKNIFTY29SEP2656500PE,56500.0,PE,29SEP2026,313.95,335.3,313.95,335.2,68
2026-08-21 09:16:00,BANKNIFTY29SEP2656600PE,56600.0,PE,29SEP2026,354.2,364.1,354.2,360.15,14
2026-08-21 09:16:00,BANKNIFTY29SEP2656800PE,56800.0,PE,29SEP2026,416.25,416.35,416.25,416.35,0
2026-08-21 09:16:00,BANKNIFTY29SEP2657000CE,57000.0,CE,29SEP2026,1406.75,1406.75,1380.0,1380.0,15
2026-08-21 09:16:00,BANKNIFTY29SEP2657000PE,57000.0,PE,29SEP2026,437.1,467.0,435.0,467.0,194
2026-08-21 09:16:00,BANKNIFTY29SEP2657100PE,57100.0,PE,29SEP2026,497.6,505.65,497.6,500.0,4
2026-08-21 09:16:00,BANKNIFTY29SEP2657200PE,57200.0,PE,29SEP2026,532.6,539.9,532.6,539.9,4
2026-08-21 09:16:00,BANKNIFTY29SEP2657300CE,57300.0,CE,29SEP2026,1205.75,1205.75,1190.15,1190.15,8
2026-08-21 09:16:00,BANKNIFTY29SEP2657300PE,57300.0,PE,29SEP2026,538.15,573.75,538.15,570.75,41
2026-08-21 09:16:00,BANKNIFTY29SEP2657400CE,57400.0,CE,29SEP2026,1120.05,1130.95,1108.0,1130.95,13
2026-08-21 09:16:00,BANKNIFTY29SEP2657400PE,57400.0,PE,29SEP2026,598.45,613.85,598.45,606.85,19
2026-08-21 09:16:00,BANKNIFTY29SEP2657500CE,57500.0,CE,29SEP2026,1089.95,1090.0,1040.05,1060.1,88
2026-08-21 09:16:00,BANKNIFTY29SEP2657500PE,57500.0,PE,29SEP2026,601.0,645.5,598.2,644.8,202
2026-08-21 09:17:00,BANKNIFTY29SEP2655500PE,55500.0,PE,29SEP2026,171.35,171.55,166.35,166.35,127
2026-08-21 09:17:00,BANKNIFTY29SEP2655900PE,55900.0,PE,29SEP2026,232.2,233.6,221.35,224.65,40
2026-08-21 09:17:00,BANKNIFTY29SEP2656000CE,56000.0,CE,29SEP2026,2154.1,2154.1,2154.1,2154.1,1
2026-08-21 09:17:00,BANKNIFTY29SEP2656000PE,56000.0,PE,29SEP2026,241.45,246.95,233.55,233.55,74
2026-08-21 09:17:00,BANKNIFTY29SEP2656300PE,56300.0,PE,29SEP2026,289.3,289.8,289.3,289.75,2
2026-08-21 09:17:00,BANKNIFTY29SEP2656500CE,56500.0,CE,29SEP2026,1760.0,1760.0,1760.0,1760.0,1
2026-08-21 09:17:00,BANKNIFTY29SEP2656500PE,56500.0,PE,29SEP2026,335.3,343.65,326.25,331.55,63
2026-08-21 09:17:00,BANKNIFTY29SEP2656600PE,56600.0,PE,29SEP2026,362.6,366.85,356.7,356.75,23
2026-08-21 09:17:00,BANKNIFTY29SEP2656700CE,56700.0,CE,29SEP2026,1610.2,1610.2,1610.2,1610.2,0
2026-08-21 09:17:00,BANKNIFTY29SEP2656800PE,56800.0,PE,29SEP2026,418.35,418.35,412.0,413.1,15
2026-08-21 09:17:00,BANKNIFTY29SEP2656900PE,56900.0,PE,29SEP2026,447.2,452.65,432.85,432.85,18
2026-08-21 09:17:00,BANKNIFTY29SEP2657000CE,57000.0,CE,29SEP2026,1378.0,1400.0,1375.0,1400.0,11
2026-08-21 09:17:00,BANKNIFTY29SEP2657000PE,57000.0,PE,29SEP2026,467.0,477.55,457.1,461.8,80
2026-08-21 09:17:00,BANKNIFTY29SEP2657100PE,57100.0,PE,29SEP2026,504.85,504.85,492.9,492.9,5
2026-08-21 09:17:00,BANKNIFTY29SEP2657200PE,57200.0,PE,29SEP2026,539.9,539.9,525.0,525.6,13
2026-08-21 09:17:00,BANKNIFTY29SEP2657300CE,57300.0,CE,29SEP2026,1200.0,1200.0,1200.0,1200.0,1
2026-08-21 09:17:00,BANKNIFTY29SEP2657300PE,57300.0,PE,29SEP2026,572.9,572.9,561.1,561.1,14
2026-08-21 09:17:00,BANKNIFTY29SEP2657400CE,57400.0,CE,29SEP2026,1116.7,1136.0,1110.3,1136.0,9
2026-08-21 09:17:00,BANKNIFTY29SEP2657400PE,57400.0,PE,29SEP2026,612.1,612.1,598.0,598.0,31
2026-08-21 09:17:00,BANKNIFTY29SEP2657500CE,57500.0,CE,29SEP2026,1060.3,1078.3,1040.3,1076.65,159
2026-08-21 09:17:00,BANKNIFTY29SEP2657500PE,57500.0,PE,29SEP2026,637.25,650.0,629.95,629.95,176
2026-08-21 09:18:00,BANKNIFTY29SEP2655500PE,55500.0,PE,29SEP2026,166.65,169.5,166.2,166.95,42
2026-08-21 09:18:00,BANKNIFTY29SEP2655900PE,55900.0,PE,29SEP2026,225.4,225.5,222.95,222.95,5
2026-08-21 09:18:00,BANKNIFTY29SEP2656000PE,56000.0,PE,29SEP2026,235.2,240.95,231.85,238.55,62
2026-08-21 09:18:00,BANKNIFTY29SEP2656300PE,56300.0,PE,29SEP2026,289.6,291.2,289.2,291.1,5
2026-08-21 09:18:00,BANKNIFTY29SEP2656500CE,56500.0,CE,29SEP2026,1771.8,1776.65,1769.9,1776.65,3
2026-08-21 09:18:00,BANKNIFTY29SEP2656500PE,56500.0,PE,29SEP2026,329.0,336.35,326.0,331.4,41
2026-08-21 09:18:00,BANKNIFTY29SEP2656600PE,56600.0,PE,29SEP2026,355.35,358.0,355.35,358.0,11
2026-08-21 09:18:00,BANKNIFTY29SEP2656700CE,56700.0,CE,29SEP2026,1622.1,1622.1,1622.1,1622.1,1
2026-08-21 09:18:00,BANKNIFTY29SEP2657000CE,57000.0,CE,29SEP2026,1400.0,1407.55,1398.95,1402.5,38
2026-08-21 09:18:00,BANKNIFTY29SEP2657000PE,57000.0,PE,29SEP2026,461.3,465.7,456.6,460.05,90
2026-08-21 09:18:00,BANKNIFTY29SEP2657100PE,57100.0,PE,29SEP2026,490.3,496.8,490.3,492.25,11
2026-08-21 09:18:00,BANKNIFTY29SEP2657200PE,57200.0,PE,29SEP2026,518.65,528.25,518.65,523.0,27
2026-08-21 09:18:00,BANKNIFTY29SEP2657300CE,57300.0,CE,29SEP2026,1203.9,1210.35,1203.55,1203.55,3
2026-08-21 09:18:00,BANKNIFTY29SEP2657300PE,57300.0,PE,29SEP2026,560.0,563.7,559.55,563.7,7
2026-08-21 09:18:00,BANKNIFTY29SEP2657400CE,57400.0,CE,29SEP2026,1143.9,1143.9,1143.9,1143.9,7
2026-08-21 09:18:00,BANKNIFTY29SEP2657400PE,57400.0,PE,29SEP2026,595.55,601.5,595.55,597.55,9
2026-08-21 09:18:00,BANKNIFTY29SEP2657500CE,57500.0,CE,29SEP2026,1077.9,1079.7,1067.1,1071.4,103
2026-08-21 09:18:00,BANKNIFTY29SEP2657500PE,57500.0,PE,29SEP2026,626.75,637.2,625.85,629.95,169
2026-08-21 09:19:00,BANKNIFTY29SEP2655500PE,55500.0,PE,29SEP2026,167.55,168.35,163.3,164.5,44
2026-08-21 09:19:00,BANKNIFTY29SEP2656000PE,56000.0,PE,29SEP2026,231.35,234.4,230.15,233.45,39
2026-08-21 09:19:00,BANKNIFTY29SEP2656200PE,56200.0,PE,29SEP2026,269.9,269.9,269.9,269.9,1
2026-08-21 09:19:00,BANKNIFTY29SEP2656500CE,56500.0,CE,29SEP2026,1771.9,1771.9,1771.9,1771.9,1
2026-08-21 09:19:00,BANKNIFTY29SEP2656500PE,56500.0,PE,29SEP2026,332.4,332.4,324.65,325.45,9
2026-08-21 09:19:00,BANKNIFTY29SEP2656600PE,56600.0,PE,29SEP2026,351.0,351.0,351.0,351.0,1
2026-08-21 09:19:00,BANKNIFTY29SEP2656800PE,56800.0,PE,29SEP2026,395.5,395.5,395.5,395.5,1
2026-08-21 09:19:00,BANKNIFTY29SEP2656900PE,56900.0,PE,29SEP2026,435.4,435.4,435.4,435.4,1
2026-08-21 09:19:00,BANKNIFTY29SEP2657000CE,57000.0,CE,29SEP2026,1402.5,1410.05,1402.5,1408.95,26
2026-08-21 09:19:00,BANKNIFTY29SEP2657000PE,57000.0,PE,29SEP2026,461.75,464.25,449.3,449.3,45
2026-08-21 09:19:00,BANKNIFTY29SEP2657100PE,57100.0,PE,29SEP2026,492.3,492.3,485.6,486.0,8
2026-08-21 09:19:00,BANKNIFTY29SEP2657200PE,57200.0,PE,29SEP2026,519.25,520.0,516.5,516.5,4
2026-08-21 09:19:00,BANKNIFTY29SEP2657300CE,57300.0,CE,29SEP2026,1211.95,1212.0,1211.95,1212.0,3
2026-08-21 09:19:00,BANKNIFTY29SEP2657300PE,57300.0,PE,29SEP2026,555.0,555.0,552.0,553.0,11
2026-08-21 09:19:00,BANKNIFTY29SEP2657400CE,57400.0,CE,29SEP2026,1140.0,1140.0,1134.85,1134.85,3
2026-08-21 09:19:00,BANKNIFTY29SEP2657400PE,57400.0,PE,29SEP2026,597.55,597.55,585.2,585.2,6
2026-08-21 09:19:00,BANKNIFTY29SEP2657500CE,57500.0,CE,29SEP2026,1073.85,1084.0,1069.15,1078.0,41
2026-08-21 09:19:00,BANKNIFTY29SEP2657500PE,57500.0,PE,29SEP2026,632.15,632.15,615.75,623.0,85
2026-08-21 09:20:00,BANKNIFTY29SEP2655500PE,55500.0,PE,29SEP2026,164.25,169.65,163.7,169.65,14
2026-08-21 09:20:00,BANKNIFTY29SEP2655900PE,55900.0,PE,29SEP2026,221.65,221.65,221.65,221.65,1
2026-08-21 09:20:00,BANKNIFTY29SEP2656000PE,56000.0,PE,29SEP2026,231.3,243.4,231.0,241.05,195
2026-08-21 09:20:00,BANKNIFTY29SEP2656200PE,56200.0,PE,29SEP2026,266.7,266.7,266.7,266.7,2
2026-08-21 09:20:00,BANKNIFTY29SEP2656300PE,56300.0,PE,29SEP2026,295.0,295.0,295.0,295.0,1
2026-08-21 09:20:00,BANKNIFTY29SEP2656500CE,56500.0,CE,29SEP2026,1780.0,1780.0,1740.0,1740.0,6
2026-08-21 09:20:00,BANKNIFTY29SEP2656500PE,56500.0,PE,29SEP2026,325.1,337.85,324.4,337.85,38
2026-08-21 09:20:00,BANKNIFTY29SEP2656600PE,56600.0,PE,29SEP2026,349.9,354.05,349.9,354.05,3
2026-08-21 09:20:00,BANKNIFTY29SEP2656700CE,56700.0,CE,29SEP2026,1616.85,1616.85,1616.85,1616.85,1
2026-08-21 09:20:00,BANKNIFTY29SEP2656800PE,56800.0,PE,29SEP2026,402.45,412.95,395.6,412.95,9
2026-08-21 09:20:00,BANKNIFTY29SEP2657000CE,57000.0,CE,29SEP2026,1400.0,1400.0,1381.0,1381.0,8
2026-08-21 09:20:00,BANKNIFTY29SEP2657000PE,57000.0,PE,29SEP2026,456.5,470.25,456.5,470.25,10
2026-08-21 09:20:00,BANKNIFTY29SEP2657100PE,57100.0,PE,29SEP2026,496.0,506.4,494.35,500.3,12
2026-08-21 09:20:00,BANKNIFTY29SEP2657200PE,57200.0,PE,29SEP2026,530.0,530.5,529.5,530.5,4
2026-08-21 09:20:00,BANKNIFTY29SEP2657300CE,57300.0,CE,29SEP2026,1214.75,1214.75,1214.75,1214.75,1
2026-08-21 09:20:00,BANKNIFTY29SEP2657300PE,57300.0,PE,29SEP2026,551.5,564.35,550.65,564.35,12
2026-08-21 09:20:00,BANKNIFTY29SEP2657400PE,57400.0,PE,29SEP2026,587.6,604.1,587.0,604.0,19
2026-08-21 09:20:00,BANKNIFTY29SEP2657500CE,57500.0,CE,29SEP2026,1078.0,1081.95,1050.1,1050.1,38
2026-08-21 09:20:00,BANKNIFTY29SEP2657500PE,57500.0,PE,29SEP2026,621.05,641.0,619.5,641.0,80
2026-08-21 09:21:00,BANKNIFTY29SEP2655500PE,55500.0,PE,29SEP2026,171.0,176.55,169.55,174.15,210
2026-08-21 09:21:00,BANKNIFTY29SEP2655900PE,55900.0,PE,29SEP2026,226.15,226.95,226.15,226.95,4
2026-08-21 09:21:00,BANKNIFTY29SEP2656000CE,56000.0,CE,29SEP2026,2153.05,2153.1,2138.5,2138.5,7
2026-08-21 09:21:00,BANKNIFTY29SEP2656000PE,56000.0,PE,29SEP2026,241.35,246.85,239.1,246.25,80
2026-08-21 09:21:00,BANKNIFTY29SEP2656500CE,56500.0,CE,29SEP2026,1754.7,1755.45,1734.0,1734.0,3
2026-08-21 09:21:00,BANKNIFTY29SEP2656500PE,56500.0,PE,29SEP2026,336.95,342.9,335.8,342.9,13
2026-08-21 09:21:00,BANKNIFTY29SEP2656800PE,56800.0,PE,29SEP2026,413.5,413.5,413.5,413.5,2
2026-08-21 09:21:00,BANKNIFTY29SEP2656900PE,56900.0,PE,29SEP2026,436.05,436.05,436.05,436.05,2
2026-08-21 09:21:00,BANKNIFTY29SEP2657000CE,57000.0,CE,29SEP2026,1387.0,1392.95,1369.0,1369.0,10
2026-08-21 09:21:00,BANKNIFTY29SEP2657000PE,57000.0,PE,29SEP2026,470.0,477.0,464.25,477.0,81
2026-08-21 09:21:00,BANKNIFTY29SEP2657100PE,57100.0,PE,29SEP2026,497.0,507.35,496.95,502.3,9
2026-08-21 09:21:00,BANKNIFTY29SEP2657200PE,57200.0,PE,29SEP2026,530.2,535.5,529.65,535.5,25
2026-08-21 09:21:00,BANKNIFTY29SEP2657300PE,57300.0,PE,29SEP2026,568.8,579.25,563.05,579.25,11
2026-08-21 09:21:00,BANKNIFTY29SEP2657400PE,57400.0,PE,29SEP2026,604.0,612.75,603.5,611.0,21
2026-08-21 09:21:00,BANKNIFTY29SEP2657500CE,57500.0,CE,29SEP2026,1054.35,1062.9,1049.55,1051.0,73
2026-08-21 09:21:00,BANKNIFTY29SEP2657500PE,57500.0,PE,29SEP2026,642.2,650.5,633.05,644.1,284
2026-08-21 09:22:00,BANKNIFTY29SEP2655500PE,55500.0,PE,29SEP2026,174.35,175.25,173.8,173.85,100
2026-08-21 09:22:00,BANKNIFTY29SEP2655800CE,55800.0,CE,29SEP2026,2350.1,2350.1,2350.1,2350.1,0
2026-08-21 09:22:00,BANKNIFTY29SEP2655900PE,55900.0,PE,29SEP2026,228.55,228.55,228.55,228.55,2
2026-08-21 09:22:00,BANKNIFTY29SEP2656000CE,56000.0,CE,29SEP2026,2127.45,2139.2,2126.85,2139.15,25
2026-08-21 09:22:00,BANKNIFTY29SEP2656000PE,56000.0,PE,29SEP2026,244.0,246.0,242.55,242.55,103
2026-08-21 09:22:00,BANKNIFTY29SEP2656200PE,56200.0,PE,29SEP2026,280.0,280.0,280.0,280.0,2
2026-08-21 09:22:00,BANKNIFTY29SEP2656500PE,56500.0,PE,29SEP2026,342.0,342.0,339.6,339.6,3
2026-08-21 09:22:00,BANKNIFTY29SEP2656600PE,56600.0,PE,29SEP2026,363.25,363.25,360.1,360.1,4
2026-08-21 09:22:00,BANKNIFTY29SEP2656900PE,56900.0,PE,29SEP2026,443.3,443.3,443.3,443.3,1
2026-08-21 09:22:00,BANKNIFTY29SEP2657000CE,57000.0,CE,29SEP2026,1394.75,1394.75,1381.4,1381.4,44
2026-08-21 09:22:00,BANKNIFTY29SEP2657000PE,57000.0,PE,29SEP2026,470.15,474.7,467.85,470.0,69
2026-08-21 09:22:00,BANKNIFTY29SEP2657100PE,57100.0,PE,29SEP2026,503.6,504.7,501.5,501.5,6
2026-08-21 09:22:00,BANKNIFTY29SEP2657200PE,57200.0,PE,29SEP2026,531.8,537.05,531.8,537.05,2
2026-08-21 09:22:00,BANKNIFTY29SEP2657300CE,57300.0,CE,29SEP2026,1197.0,1197.0,1197.0,1197.0,1
2026-08-21 09:22:00,BANKNIFTY29SEP2657300PE,57300.0,PE,29SEP2026,574.0,574.0,574.0,574.0,1
2026-08-21 09:22:00,BANKNIFTY29SEP2657400CE,57400.0,CE,29SEP2026,1111.0,1113.05,1110.3,1113.05,7
2026-08-21 09:22:00,BANKNIFTY29SEP2657400PE,57400.0,PE,29SEP2026,610.1,610.1,608.35,609.4,3
2026-08-21 09:22:00,BANKNIFTY29SEP2657500CE,57500.0,CE,29SEP2026,1052.25,1069.0,1052.2,1069.0,36
2026-08-21 09:22:00,BANKNIFTY29SEP2657500PE,57500.0,PE,29SEP2026,641.7,646.35,637.3,637.3,115
2026-08-21 09:23:00,BANKNIFTY29SEP2655500PE,55500.0,PE,29SEP2026,173.9,175.0,172.25,172.5,20
2026-08-21 09:23:00,BANKNIFTY29SEP2656000CE,56000.0,CE,29SEP2026,2166.0,2166.0,2166.0,2166.0,1
2026-08-21 09:23:00,BANKNIFTY29SEP2656000PE,56000.0,PE,29SEP2026,244.45,246.2,239.8,243.95,30
2026-08-21 09:23:00,BANKNIFTY29SEP2656300PE,56300.0,PE,29SEP2026,296.1,296.1,296.1,296.1,2
2026-08-21 09:23:00,BANKNIFTY29SEP2656500CE,56500.0,CE,29SEP2026,1750.0,1750.0,1750.0,1750.0,1
2026-08-21 09:23:00,BANKNIFTY29SEP2656500PE,56500.0,PE,29SEP2026,338.75,342.0,336.35,336.75,14
2026-08-21 09:23:00,BANKNIFTY29SEP2656600PE,56600.0,PE,29SEP2026,363.75,363.75,362.15,362.15,4
2026-08-21 09:23:00,BANKNIFTY29SEP2656700PE,56700.0,PE,29SEP2026,381.65,381.65,381.65,381.65,0
2026-08-21 09:23:00,BANKNIFTY29SEP2656900PE,56900.0,PE,29SEP2026,444.0,444.0,444.0,444.0,4
2026-08-21 09:23:00,BANKNIFTY29SEP2657000CE,57000.0,CE,29SEP2026,1391.0,1394.0,1385.0,1393.95,30
2026-08-21 09:23:00,BANKNIFTY29SEP2657000PE,57000.0,PE,29SEP2026,469.0,473.45,466.5,466.5,30
2026-08-21 09:23:00,BANKNIFTY29SEP2657100PE,57100.0,PE,29SEP2026,502.1,502.1,500.65,500.65,4
2026-08-21 09:23:00,BANKNIFTY29SEP2657200PE,57200.0,PE,29SEP2026,533.0,539.0,531.85,532.55,8
2026-08-21 09:23:00,BANKNIFTY29SEP2657300CE,57300.0,CE,29SEP2026,1206.55,1206.55,1190.0,1191.3,12
2026-08-21 09:23:00,BANKNIFTY29SEP2657300PE,57300.0,PE,29SEP2026,571.45,571.95,566.65,566.65,6
2026-08-21 09:23:00,BANKNIFTY29SEP2657400CE,57400.0,CE,29SEP2026,1114.65,1114.65,1114.65,1114.65,1
2026-08-21 09:23:00,BANKNIFTY29SEP2657400PE,57400.0,PE,29SEP2026,613.2,614.0,602.0,605.9,5
2026-08-21 09:23:00,BANKNIFTY29SEP2657500CE,57500.0,CE,29SEP2026,1061.5,1069.0,1057.15,1063.05,51
2026-08-21 09:23:00,BANKNIFTY29SEP2657500PE,57500.0,PE,29SEP2026,641.65,646.0,636.15,637.9,150
2026-08-21 09:24:00,BANKNIFTY29SEP2655500PE,55500.0,PE,29SEP2026,172.85,176.25,172.4,176.25,28
2026-08-21 09:24:00,BANKNIFTY29SEP2655900PE,55900.0,PE,29SEP2026,230.05,230.05,230.05,230.05,4
2026-08-21 09:24:00,BANKNIFTY29SEP2656000CE,56000.0,CE,29SEP2026,2149.95,2154.75,2149.95,2154.75,3
2026-08-21 09:24:00,BANKNIFTY29SEP2656000PE,56000.0,PE,29SEP2026,241.65,245.65,241.2,245.65,13
2026-08-21 09:24:00,BANKNIFTY29SEP2656300PE,56300.0,PE,29SEP2026,295.0,295.0,295.0,295.0,1
2026-08-21 09:24:00,BANKNIFTY29SEP2656500CE,56500.0,CE,29SEP2026,1750.05,1750.05,1750.0,1750.0,2
2026-08-21 09:24:00,BANKNIFTY29SEP2656500PE,56500.0,PE,29SEP2026,337.0,342.1,335.25,337.8,77
2026-08-21 09:24:00,BANKNIFTY29SEP2656600PE,56600.0,PE,29SEP2026,359.2,363.2,359.2,363.2,9
2026-08-21 09:24:00,BANKNIFTY29SEP2656700PE,56700.0,PE,29SEP2026,386.75,388.5,386.75,388.5,9
2026-08-21 09:24:00,BANKNIFTY29SEP2656800PE,56800.0,PE,29SEP2026,413.7,413.75,413.7,413.75,2
2026-08-21 09:24:00,BANKNIFTY29SEP2657000CE,57000.0,CE,29SEP2026,1396.45,1396.45,1381.0,1388.0,17
2026-08-21 09:24:00,BANKNIFTY29SEP2657000PE,57000.0,PE,29SEP2026,466.05,472.55,464.45,469.85,87
2026-08-21 09:24:00,BANKNIFTY29SEP2657100PE,57100.0,PE,29SEP2026,503.25,504.15,500.95,500.95,5
2026-08-21 09:24:00,BANKNIFTY29SEP2657200PE,57200.0,PE,29SEP2026,531.85,539.7,531.0,539.7,11
2026-08-21 09:24:00,BANKNIFTY29SEP2657300CE,57300.0,CE,29SEP2026,1190.65,1198.0,1180.2,1180.2,5
2026-08-21 09:24:00,BANKNIFTY29SEP2657300PE,57300.0,PE,29SEP2026,575.0,575.0,575.0,575.0,1
2026-08-21 09:24:00,BANKNIFTY29SEP2657500CE,57500.0,CE,29SEP2026,1063.45,1068.0,1058.0,1067.75,65
2026-08-21 09:24:00,BANKNIFTY29SEP2657500PE,57500.0,PE,29SEP2026,636.75,645.55,635.0,641.0,157
2026-08-21 09:25:00,BANKNIFTY29SEP2655500PE,55500.0,PE,29SEP2026,174.7,175.3,174.7,175.3,6
2026-08-21 09:25:00,BANKNIFTY29SEP2656000CE,56000.0,CE,29SEP2026,2160.55,2160.55,2160.55,2160.55,1
2026-08-21 09:25:00,BANKNIFTY29SEP2656000PE,56000.0,PE,29SEP2026,245.3,246.25,243.4,244.6,38
2026-08-21 09:25:00,BANKNIFTY29SEP2656500PE,56500.0,PE,29SEP2026,339.5,341.45,335.7,341.45,57
2026-08-21 09:25:00,BANKNIFTY29SEP2656700PE,56700.0,PE,29SEP2026,382.35,390.9,382.35,390.9,6
2026-08-21 09:25:00,BANKNIFTY29SEP2656900PE,56900.0,PE,29SEP2026,444.1,444.1,444.1,444.1,1
2026-08-21 09:25:00,BANKNIFTY29SEP2657000CE,57000.0,CE,29SEP2026,1388.0,1389.85,1381.0,1382.15,14
2026-08-21 09:25:00,BANKNIFTY29SEP2657000PE,57000.0,PE,29SEP2026,471.6,474.75,467.3,472.6,43
2026-08-21 09:25:00,BANKNIFTY29SEP2657200CE,57200.0,CE,29SEP2026,1237.2,1237.2,1237.2,1237.2,0
2026-08-21 09:25:00,BANKNIFTY29SEP2657200PE,57200.0,PE,29SEP2026,536.85,536.85,536.85,536.85,1
2026-08-21 09:25:00,BANKNIFTY29SEP2657300PE,57300.0,PE,29SEP2026,572.2,576.25,572.2,573.45,15
2026-08-21 09:25:00,BANKNIFTY29SEP2657400CE,57400.0,CE,29SEP2026,1130.8,1135.05,1129.0,1129.25,5
2026-08-21 09:25:00,BANKNIFTY29SEP2657400PE,57400.0,PE,29SEP2026,611.75,611.75,611.75,611.75,1
2026-08-21 09:25:00,BANKNIFTY29SEP2657500CE,57500.0,CE,29SEP2026,1067.8,1067.85,1057.4,1058.1,55
2026-08-21 09:25:00,BANKNIFTY29SEP2657500PE,57500.0,PE,29SEP2026,641.05,648.55,640.9,647.5,131
2026-08-21 09:26:00,BANKNIFTY29SEP2655500PE,55500.0,PE,29SEP2026,174.0,174.0,172.7,172.7,12
2026-08-21 09:26:00,BANKNIFTY29SEP2655900PE,55900.0,PE,29SEP2026,230.05,230.05,230.05,230.05,1
2026-08-21 09:26:00,BANKNIFTY29SEP2656000PE,56000.0,PE,29SEP2026,246.2,246.2,243.65,243.65,8
2026-08-21 09:26:00,BANKNIFTY29SEP2656500CE,56500.0,CE,29SEP2026,1759.7,1759.7,1758.95,1758.95,2
2026-08-21 09:26:00,BANKNIFTY29SEP2656500PE,56500.0,PE,29SEP2026,338.8,339.0,336.1,339.0,20
2026-08-21 09:26:00,BANKNIFTY29SEP2656600PE,56600.0,PE,29SEP2026,362.6,364.35,362.6,364.35,5
2026-08-21 09:26:00,BANKNIFTY29SEP2656900PE,56900.0,PE,29SEP2026,444.1,444.1,444.1,444.1,3
2026-08-21 09:26:00,BANKNIFTY29SEP2657000CE,57000.0,CE,29SEP2026,1382.0,1396.45,1382.0,1385.15,14
2026-08-21 09:26:00,BANKNIFTY29SEP2657000PE,57000.0,PE,29SEP2026,474.85,474.85,470.5,472.55,6
2026-08-21 09:26:00,BANKNIFTY29SEP2657200CE,57200.0,CE,29SEP2026,1267.35,1267.35,1267.35,1267.35,1
2026-08-21 09:26:00,BANKNIFTY29SEP2657200PE,57200.0,PE,29SEP2026,534.05,534.05,534.05,534.05,1
2026-08-21 09:26:00,BANKNIFTY29SEP2657300CE,57300.0,CE,29SEP2026,1197.6,1197.6,1197.6,1197.6,1
2026-08-21 09:26:00,BANKNIFTY29SEP2657300PE,57300.0,PE,29SEP2026,570.55,570.55,570.55,570.55,1
2026-08-21 09:26:00,BANKNIFTY29SEP2657400CE,57400.0,CE,29SEP2026,1120.75,1120.75,1120.75,1120.75,1
2026-08-21 09:26:00,BANKNIFTY29SEP2657400PE,57400.0,PE,29SEP2026,605.2,605.2,605.2,605.2,1
2026-08-21 09:26:00,BANKNIFTY29SEP2657500CE,57500.0,CE,29SEP2026,1058.05,1068.0,1058.05,1066.0,13
2026-08-21 09:26:00,BANKNIFTY29SEP2657500PE,57500.0,PE,29SEP2026,647.5,647.5,639.3,644.4,29
2026-08-21 09:27:00,BANKNIFTY29SEP2655500PE,55500.0,PE,29SEP2026,173.55,173.75,171.4,173.75,26
2026-08-21 09:27:00,BANKNIFTY29SEP2656000PE,56000.0,PE,29SEP2026,244.25,245.0,240.95,245.0,15
2026-08-21 09:27:00,BANKNIFTY29SEP2656500CE,56500.0,CE,29SEP2026,1760.95,1761.0,1760.95,1761.0,2
2026-08-21 09:27:00,BANKNIFTY29SEP2656500PE,56500.0,PE,29SEP2026,341.05,341.05,336.65,336.65,4
2026-08-21 09:27:00,BANKNIFTY29SEP2656600PE,56600.0,PE,29SEP2026,364.1,364.1,360.0,363.75,6
2026-08-21 09:27:00,BANKNIFTY29SEP2657000CE,57000.0,CE,29SEP2026,1392.0,1397.0,1392.0,1397.0,8
2026-08-21 09:27:00,BANKNIFTY29SEP2657000PE,57000.0,PE,29SEP2026,472.55,472.55,466.05,468.45,9
2026-08-21 09:27:00,BANKNIFTY29SEP2657100CE,57100.0,CE,29SEP2026,1337.5,1337.5,1337.5,1337.5,0
2026-08-21 09:27:00,BANKNIFTY29SEP2657200CE,57200.0,CE,29SEP2026,1246.4,1246.4,1246.4,1246.4,1
2026-08-21 09:27:00,BANKNIFTY29SEP2657300CE,57300.0,CE,29SEP2026,1183.1,1183.1,1183.1,1183.1,1
2026-08-21 09:27:00,BANKNIFTY29SEP2657300PE,57300.0,PE,29SEP2026,574.0,574.0,574.0,574.0,1
2026-08-21 09:27:00,BANKNIFTY29SEP2657400CE,57400.0,CE,29SEP2026,1138.85,1138.85,1137.3,1138.85,7
2026-08-21 09:27:00,BANKNIFTY29SEP2657400PE,57400.0,PE,29SEP2026,605.2,605.2,605.2,605.2,1
2026-08-21 09:27:00,BANKNIFTY29SEP2657500CE,57500.0,CE,29SEP2026,1066.0,1072.0,1064.05,1071.9,57
2026-08-21 09:27:00,BANKNIFTY29SEP2657500PE,57500.0,PE,29SEP2026,645.0,645.0,636.35,642.2,87
2026-08-21 09:28:00,BANKNIFTY29SEP2655500PE,55500.0,PE,29SEP2026,172.2,172.2,172.15,172.15,5
2026-08-21 09:28:00,BANKNIFTY29SEP2655900PE,55900.0,PE,29SEP2026,231.15,233.4,231.15,233.4,6
2026-08-21 09:28:00,BANKNIFTY29SEP2656000PE,56000.0,PE,29SEP2026,240.25,240.25,240.2,240.2,2
2026-08-21 09:28:00,BANKNIFTY29SEP2656500CE,56500.0,CE,29SEP2026,1766.25,1766.25,1766.25,1766.25,1
2026-08-21 09:28:00,BANKNIFTY29SEP2656500PE,56500.0,PE,29SEP2026,338.6,338.6,333.7,333.7,11
2026-08-21 09:28:00,BANKNIFTY29SEP2656600PE,56600.0,PE,29SEP2026,361.9,361.9,361.9,361.9,1
2026-08-21 09:28:00,BANKNIFTY29SEP2656800PE,56800.0,PE,29SEP2026,409.0,409.0,409.0,409.0,1
2026-08-21 09:28:00,BANKNIFTY29SEP2657000CE,57000.0,CE,29SEP2026,1400.0,1407.0,1400.0,1405.0,12
2026-08-21 09:28:00,BANKNIFTY29SEP2657000PE,57000.0,PE,29SEP2026,470.15,470.15,464.5,464.5,34
2026-08-21 09:28:00,BANKNIFTY29SEP2657100PE,57100.0,PE,29SEP2026,498.25,498.25,498.25,498.25,1
2026-08-21 09:28:00,BANKNIFTY29SEP2657200PE,57200.0,PE,29SEP2026,530.55,530.75,527.85,527.85,4
2026-08-21 09:28:00,BANKNIFTY29SEP2657300CE,57300.0,CE,29SEP2026,1200.0,1200.0,1200.0,1200.0,1
2026-08-21 09:28:00,BANKNIFTY29SEP2657400CE,57400.0,CE,29SEP2026,1140.7,1140.75,1140.7,1140.75,5
2026-08-21 09:28:00,BANKNIFTY29SEP2657400PE,57400.0,PE,29SEP2026,605.9,606.95,602.5,604.35,4
2026-08-21 09:28:00,BANKNIFTY29SEP2657500CE,57500.0,CE,29SEP2026,1066.4,1078.45,1066.4,1071.0,23
2026-08-21 09:28:00,BANKNIFTY29SEP2657500PE,57500.0,PE,29SEP2026,643.0,643.0,633.65,635.0,35
2026-08-21 09:29:00,BANKNIFTY29SEP2655500PE,55500.0,PE,29SEP2026,168.15,168.6,164.2,166.65,69
2026-08-21 09:29:00,BANKNIFTY29SEP2655900PE,55900.0,PE,29SEP2026,221.7,221.7,220.05,220.05,5
2026-08-21 09:29:00,BANKNIFTY29SEP2656000CE,56000.0,CE,29SEP2026,2166.0,2180.55,2166.0,2180.55,3
2026-08-21 09:29:00,BANKNIFTY29SEP2656000PE,56000.0,PE,29SEP2026,238.5,238.5,232.2,232.2,34
2026-08-21 09:29:00,BANKNIFTY29SEP2656500CE,56500.0,CE,29SEP2026,1771.9,1771.9,1771.9,1771.9,1
2026-08-21 09:29:00,BANKNIFTY29SEP2656500PE,56500.0,PE,29SEP2026,331.25,331.25,325.25,325.25,14
2026-08-21 09:29:00,BANKNIFTY29SEP2656600PE,56600.0,PE,29SEP2026,349.95,349.95,348.5,348.95,4
2026-08-21 09:29:00,BANKNIFTY29SEP2656900PE,56900.0,PE,29SEP2026,435.0,435.0,428.0,428.0,4
2026-08-21 09:29:00,BANKNIFTY29SEP2657000CE,57000.0,CE,29SEP2026,1418.0,1435.0,1418.0,1425.3,7
2026-08-21 09:29:00,BANKNIFTY29SEP2657000PE,57000.0,PE,29SEP2026,461.2,463.85,450.0,450.95,62
2026-08-21 09:29:00,BANKNIFTY29SEP2657100CE,57100.0,CE,29SEP2026,1337.45,1337.45,1337.0,1337.0,2
2026-08-21 09:29:00,BANKNIFTY29SEP2657100PE,57100.0,PE,29SEP2026,494.05,494.05,494.05,494.05,2
2026-08-21 09:29:00,BANKNIFTY29SEP2657200CE,57200.0,CE,29SEP2026,1298.35,1298.4,1298.35,1298.4,2
2026-08-21 09:29:00,BANKNIFTY29SEP2657200PE,57200.0,PE,29SEP2026,522.1,522.1,515.0,516.15,7
2026-08-21 09:29:00,BANKNIFTY29SEP2657300CE,57300.0,CE,29SEP2026,1208.0,1208.0,1208.0,1208.0,1
2026-08-21 09:29:00,BANKNIFTY29SEP2657300PE,57300.0,PE,29SEP2026,554.0,554.0,546.2,546.2,4
2026-08-21 09:29:00,BANKNIFTY29SEP2657400CE,57400.0,CE,29SEP2026,1157.3,1157.3,1157.3,1157.3,1
2026-08-21 09:29:00,BANKNIFTY29SEP2657400PE,57400.0,PE,29SEP2026,589.75,589.75,584.6,584.6,10
2026-08-21 09:29:00,BANKNIFTY29SEP2657500CE,57500.0,CE,29SEP2026,1079.8,1107.65,1079.8,1092.25,113
2026-08-21 09:29:00,BANKNIFTY29SEP2657500PE,57500.0,PE,29SEP2026,635.0,635.05,617.8,620.75,98
2026-08-21 09:30:00,BANKNIFTY29SEP2655500PE,55500.0,PE,29SEP2026,165.85,169.45,164.35,168.45,42
2026-08-21 09:30:00,BANKNIFTY29SEP2656000CE,56000.0,CE,29SEP2026,2178.0,2178.0,2178.0,2178.0,1
2026-08-21 09:30:00,BANKNIFTY29SEP2656000PE,56000.0,PE,29SEP2026,236.35,237.85,234.6,237.85,10
2026-08-21 09:30:00,BANKNIFTY29SEP2656200PE,56200.0,PE,29SEP2026,272.2,272.2,272.2,272.2,1
2026-08-21 09:30:00,BANKNIFTY29SEP2656500CE,56500.0,CE,29SEP2026,1762.9,1762.9,1762.9,1762.9,1
2026-08-21 09:30:00,BANKNIFTY29SEP2656500PE,56500.0,PE,29SEP2026,326.0,329.0,325.0,328.5,54
2026-08-21 09:30:00,BANKNIFTY29SEP2656600PE,56600.0,PE,29SEP2026,350.0,350.0,350.0,350.0,1
2026-08-21 09:30:00,BANKNIFTY29SEP2656800PE,56800.0,PE,29SEP2026,410.5,410.5,410.5,410.5,1
2026-08-21 09:30:00,BANKNIFTY29SEP2657000CE,57000.0,CE,29SEP2026,1425.0,1425.0,1405.25,1405.4,15
2026-08-21 09:30:00,BANKNIFTY29SEP2657000PE,57000.0,PE,29SEP2026,452.55,460.0,452.55,460.0,16
2026-08-21 09:30:00,BANKNIFTY29SEP2657200CE,57200.0,CE,29SEP2026,1282.75,1282.75,1282.75,1282.75,1
2026-08-21 09:30:00,BANKNIFTY29SEP2657200PE,57200.0,PE,29SEP2026,518.35,527.55,518.35,527.55,4
2026-08-21 09:30:00,BANKNIFTY29SEP2657300CE,57300.0,CE,29SEP2026,1214.95,1214.95,1214.95,1214.95,1
2026-08-21 09:30:00,BANKNIFTY29SEP2657300PE,57300.0,PE,29SEP2026,559.55,559.55,559.55,559.55,1
2026-08-21 09:30:00,BANKNIFTY29SEP2657400CE,57400.0,CE,29SEP2026,1158.45,1162.5,1142.0,1142.0,8
2026-08-21 09:30:00,BANKNIFTY29SEP2657400PE,57400.0,PE,29SEP2026,588.0,593.9,588.0,593.65,5
2026-08-21 09:30:00,BANKNIFTY29SEP2657500CE,57500.0,CE,29SEP2026,1091.1,1095.0,1080.0,1083.0,69
2026-08-21 09:30:00,BANKNIFTY29SEP2657500PE,57500.0,PE,29SEP2026,621.45,632.0,619.0,629.1,94
2026-08-21 09:31:00,BANKNIFTY29SEP2655500PE,55500.0,PE,29SEP2026,170.1,170.1,168.25,168.5,4
2026-08-21 09:31:00,BANKNIFTY29SEP2656000PE,56000.0,PE,29SEP2026,239.95,240.0,237.0,237.0,148
2026-08-21 09:31:00,BANKNIFTY29SEP2656500PE,56500.0,PE,29SEP2026,331.8,334.0,330.55,331.75,33
2026-08-21 09:31:00,BANKNIFTY29SEP2656700PE,56700.0,PE,29SEP2026,381.65,381.65,381.65,381.65,1
2026-08-21 09:31:00,BANKNIFTY29SEP2657000CE,57000.0,CE,29SEP2026,1404.85,1408.85,1400.7,1408.85,8
2026-08-21 09:31:00,BANKNIFTY29SEP2657000PE,57000.0,PE,29SEP2026,463.2,465.0,457.25,457.25,17
2026-08-21 09:31:00,BANKNIFTY29SEP2657200CE,57200.0,CE,29SEP2026,1292.1,1292.1,1292.1,1292.1,1
2026-08-21 09:31:00,BANKNIFTY29SEP2657200PE,57200.0,PE,29SEP2026,524.75,528.45,524.75,528.45,3
2026-08-21 09:31:00,BANKNIFTY29SEP2657300CE,57300.0,CE,29SEP2026,1204.25,1204.3,1204.25,1204.3,2
2026-08-21 09:31:00,BANKNIFTY29SEP2657300PE,57300.0,PE,29SEP2026,563.95,566.3,563.95,565.2,4
2026-08-21 09:31:00,BANKNIFTY29SEP2657400PE,57400.0,PE,29SEP2026,600.85,601.0,593.65,593.65,4
2026-08-21 09:31:00,BANKNIFTY29SEP2657500CE,57500.0,CE,29SEP2026,1079.05,1093.0,1072.55,1085.6,112
2026-08-21 09:31:00,BANKNIFTY29SEP2657500PE,57500.0,PE,29SEP2026,634.2,638.35,623.6,628.85,111
2026-08-21 09:32:00,BANKNIFTY29SEP2655500PE,55500.0,PE,29SEP2026,168.0,168.1,167.0,168.1,11
2026-08-21 09:32:00,BANKNIFTY29SEP2656000PE,56000.0,PE,29SEP2026,237.1,237.65,237.0,237.65,125
2026-08-21 09:32:00,BANKNIFTY29SEP2656500PE,56500.0,PE,29SEP2026,330.65,332.5,327.0,330.95,17
2026-08-21 09:32:00,BANKNIFTY29SEP2656600PE,56600.0,PE,29SEP2026,355.0,355.0,355.0,355.0,1
2026-08-21 09:32:00,BANKNIFTY29SEP2657000CE,57000.0,CE,29SEP2026,1419.95,1420.0,1419.95,1420.0,11
2026-08-21 09:32:00,BANKNIFTY29SEP2657000PE,57000.0,PE,29SEP2026,460.45,461.0,456.9,461.0,14
2026-08-21 09:32:00,BANKNIFTY29SEP2657200PE,57200.0,PE,29SEP2026,519.2,519.2,519.2,519.2,1
2026-08-21 09:32:00,BANKNIFTY29SEP2657400PE,57400.0,PE,29SEP2026,593.0,593.0,593.0,593.0,1
2026-08-21 09:32:00,BANKNIFTY29SEP2657500CE,57500.0,CE,29SEP2026,1090.0,1092.0,1084.4,1085.0,15
2026-08-21 09:32:00,BANKNIFTY29SEP2657500PE,57500.0,PE,29SEP2026,627.8,628.4,623.25,628.4,12
2026-08-21 09:33:00,BANKNIFTY29SEP2655500PE,55500.0,PE,29SEP2026,169.05,169.05,169.05,169.05,2
2026-08-21 09:33:00,BANKNIFTY29SEP2656000PE,56000.0,PE,29SEP2026,235.65,237.65,235.65,237.65,4
2026-08-21 09:33:00,BANKNIFTY29SEP2656300PE,56300.0,PE,29SEP2026,289.1,289.1,289.1,289.1,20
2026-08-21 09:33:00,BANKNIFTY29SEP2656500PE,56500.0,PE,29SEP2026,331.55,332.4,331.55,332.1,7
2026-08-21 09:33:00,BANKNIFTY29SEP2657000CE,57000.0,CE,29SEP2026,1414.45,1414.45,1414.45,1414.45,2
2026-08-21 09:33:00,BANKNIFTY29SEP2657000PE,57000.0,PE,29SEP2026,462.0,462.0,459.45,459.45,7
2026-08-21 09:33:00,BANKNIFTY29SEP2657100CE,57100.0,CE,29SEP2026,1345.0,1348.0,1345.0,1348.0,2
2026-08-21 09:33:00,BANKNIFTY29SEP2657300PE,57300.0,PE,29SEP2026,558.05,560.5,558.05,560.5,2
2026-08-21 09:33:00,BANKNIFTY29SEP2657400CE,57400.0,CE,29SEP2026,1142.0,1142.0,1142.0,1142.0,1
2026-08-21 09:33:00,BANKNIFTY29SEP2657400PE,57400.0,PE,29SEP2026,599.5,599.5,599.5,599.5,1
2026-08-21 09:33:00,BANKNIFTY29SEP2657500CE,57500.0,CE,29SEP2026,1082.5,1087.9,1077.55,1084.45,25
2026-08-21 09:33:00,BANKNIFTY29SEP2657500PE,57500.0,PE,29SEP2026,630.0,631.15,625.75,630.9,38
2026-08-21 09:34:00,BANKNIFTY29SEP2655500PE,55500.0,PE,29SEP2026,168.55,168.55,167.85,167.85,2
2026-08-21 09:34:00,BANKNIFTY29SEP2656000PE,56000.0,PE,29SEP2026,239.35,239.35,239.1,239.15,4
2026-08-21 09:34:00,BANKNIFTY29SEP2656500CE,56500.0,CE,29SEP2026,1775.0,1775.0,1775.0,1775.0,1
2026-08-21 09:34:00,BANKNIFTY29SEP2656700PE,56700.0,PE,29SEP2026,381.65,381.65,381.65,381.65,1
2026-08-21 09:34:00,BANKNIFTY29SEP2656800PE,56800.0,PE,29SEP2026,403.4,403.4,403.4,403.4,1
2026-08-21 09:34:00,BANKNIFTY29SEP2657000CE,57000.0,CE,29SEP2026,1403.1,1403.1,1401.1,1401.1,3
2026-08-21 09:34:00,BANKNIFTY29SEP2657000PE,57000.0,PE,29SEP2026,459.25,464.25,458.85,463.95,36
2026-08-21 09:34:00,BANKNIFTY29SEP2657300PE,57300.0,PE,29SEP2026,563.35,563.35,563.35,563.35,1
2026-08-21 09:34:00,BANKNIFTY29SEP2657400PE,57400.0,PE,29SEP2026,596.35,601.8,594.25,601.8,6
2026-08-21 09:34:00,BANKNIFTY29SEP2657500CE,57500.0,CE,29SEP2026,1083.5,1083.95,1075.2,1075.2,32
2026-08-21 09:34:00,BANKNIFTY29SEP2657500PE,57500.0,PE,29SEP2026,633.6,636.25,631.0,636.25,44
2026-08-21 09:35:00,BANKNIFTY29SEP2655900PE,55900.0,PE,29SEP2026,225.55,225.55,225.55,225.55,1
2026-08-21 09:35:00,BANKNIFTY29SEP2656000PE,56000.0,PE,29SEP2026,239.0,239.0,237.4,237.4,6
2026-08-21 09:35:00,BANKNIFTY29SEP2656200PE,56200.0,PE,29SEP2026,275.0,275.0,275.0,275.0,2
2026-08-21 09:35:00,BANKNIFTY29SEP2656300PE,56300.0,PE,29SEP2026,291.45,291.45,291.45,291.45,1
2026-08-21 09:35:00,BANKNIFTY29SEP2656500CE,56500.0,CE,29SEP2026,1775.0,1775.0,1774.95,1775.0,3
2026-08-21 09:35:00,BANKNIFTY29SEP2656500PE,56500.0,PE,29SEP2026,332.35,333.7,328.9,328.9,16
2026-08-21 09:35:00,BANKNIFTY29SEP2657000CE,57000.0,CE,29SEP2026,1408.95,1411.45,1405.0,1411.45,4
2026-08-21 09:35:00,BANKNIFTY29SEP2657000PE,57000.0,PE,29SEP2026,464.0,464.0,456.8,456.8,13
2026-08-21 09:35:00,BANKNIFTY29SEP2657500CE,57500.0,CE,29SEP2026,1080.95,1086.0,1077.0,1086.0,26
2026-08-21 09:35:00,BANKNIFTY29SEP2657500PE,57500.0,PE,29SEP2026,632.35,632.35,627.6,627.6,39
2026-08-21 09:36:00,BANKNIFTY29SEP2655500PE,55500.0,PE,29SEP2026,166.8,168.25,166.55,168.25,11
2026-08-21 09:36:00,BANKNIFTY29SEP2655900PE,55900.0,PE,29SEP2026,218.75,218.75,218.75,218.75,1
2026-08-21 09:36:00,BANKNIFTY29SEP2656000CE,56000.0,CE,29SEP2026,2178.0,2178.0,2178.0,2178.0,2
2026-08-21 09:36:00,BANKNIFTY29SEP2656000PE,56000.0,PE,29SEP2026,235.0,237.05,235.0,236.8,13
2026-08-21 09:36:00,BANKNIFTY29SEP2656200PE,56200.0,PE,29SEP2026,274.5,274.95,267.15,271.55,15
2026-08-21 09:36:00,BANKNIFTY29SEP2656300PE,56300.0,PE,29SEP2026,287.9,287.9,287.9,287.9,1
2026-08-21 09:36:00,BANKNIFTY29SEP2656500PE,56500.0,PE,29SEP2026,327.7,330.4,327.7,330.4,6
2026-08-21 09:36:00,BANKNIFTY29SEP2656800PE,56800.0,PE,29SEP2026,398.55,403.35,398.55,403.35,3
2026-08-21 09:36:00,BANKNIFTY29SEP2657000CE,57000.0,CE,29SEP2026,1420.0,1423.0,1415.0,1423.0,8
2026-08-21 09:36:00,BANKNIFTY29SEP2657000PE,57000.0,PE,29SEP2026,456.8,459.5,455.55,456.85,7
2026-08-21 09:36:00,BANKNIFTY29SEP2657200CE,57200.0,CE,29SEP2026,1280.0,1280.0,1280.0,1280.0,20
2026-08-21 09:36:00,BANKNIFTY29SEP2657300CE,57300.0,CE,29SEP2026,1221.0,1221.0,1221.0,1221.0,1
2026-08-21 09:36:00,BANKNIFTY29SEP2657300PE,57300.0,PE,29SEP2026,557.45,557.45,555.15,555.15,3
2026-08-21 09:36:00,BANKNIFTY29SEP2657400CE,57400.0,CE,29SEP2026,1150.25,1150.25,1150.2,1150.2,2
2026-08-21 09:36:00,BANKNIFTY29SEP2657400PE,57400.0,PE,29SEP2026,592.85,595.0,590.0,590.0,12
2026-08-21 09:36:00,BANKNIFTY29SEP2657500CE,57500.0,CE,29SEP2026,1087.0,1092.0,1087.0,1089.7,21
2026-08-21 09:36:00,BANKNIFTY29SEP2657500PE,57500.0,PE,29SEP2026,623.0,628.5,623.0,627.05,15
2026-08-21 09:37:00,BANKNIFTY29SEP2656000PE,56000.0,PE,29SEP2026,233.85,236.95,233.85,234.7,8
2026-08-21 09:37:00,BANKNIFTY29SEP2656500CE,56500.0,CE,29SEP2026,1790.25,1794.6,1790.25,1792.6,3
2026-08-21 09:37:00,BANKNIFTY29SEP2656500PE,56500.0,PE,29SEP2026,327.05,331.65,326.65,331.65,16
2026-08-21 09:37:00,BANKNIFTY29SEP2656800PE,56800.0,PE,29SEP2026,402.7,402.7,402.7,402.7,1
2026-08-21 09:37:00,BANKNIFTY29SEP2657000CE,57000.0,CE,29SEP2026,1423.0,1424.0,1420.0,1420.0,4
2026-08-21 09:37:00,BANKNIFTY29SEP2657000PE,57000.0,PE,29SEP2026,456.1,460.0,455.35,457.25,30
2026-08-21 09:37:00,BANKNIFTY29SEP2657200PE,57200.0,PE,29SEP2026,523.3,523.3,523.3,523.3,1
2026-08-21 09:37:00,BANKNIFTY29SEP2657300CE,57300.0,CE,29SEP2026,1221.0,1222.0,1221.0,1222.0,11
2026-08-21 09:37:00,BANKNIFTY29SEP2657300PE,57300.0,PE,29SEP2026,555.15,555.15,554.7,554.7,11
2026-08-21 09:37:00,BANKNIFTY29SEP2657400CE,57400.0,CE,29SEP2026,1161.2,1161.25,1161.2,1161.25,2
2026-08-21 09:37:00,BANKNIFTY29SEP2657500CE,57500.0,CE,29SEP2026,1089.7,1093.0,1088.75,1092.4,47
2026-08-21 09:37:00,BANKNIFTY29SEP2657500PE,57500.0,PE,29SEP2026,625.0,625.0,622.95,625.0,26
2026-08-21 09:38:00,BANKNIFTY29SEP2655500PE,55500.0,PE,29SEP2026,166.2,166.2,166.2,166.2,1
2026-08-21 09:38:00,BANKNIFTY29SEP2656000PE,56000.0,PE,29SEP2026,235.0,236.6,235.0,235.45,5
2026-08-21 09:38:00,BANKNIFTY29SEP2656200PE,56200.0,PE,29SEP2026,271.05,271.05,267.3,267.3,4
2026-08-21 09:38:00,BANKNIFTY29SEP2656300PE,56300.0,PE,29SEP2026,289.25,289.25,288.0,288.0,2
2026-08-21 09:38:00,BANKNIFTY29SEP2656500PE,56500.0,PE,29SEP2026,326.85,328.2,326.85,327.0,2
2026-08-21 09:38:00,BANKNIFTY29SEP2656600PE,56600.0,PE,29SEP2026,357.1,357.15,357.1,357.15,2
2026-08-21 09:38:00,BANKNIFTY29SEP2656700PE,56700.0,PE,29SEP2026,374.35,374.35,374.0,374.0,2
2026-08-21 09:38:00,BANKNIFTY29SEP2657000CE,57000.0,CE,29SEP2026,1414.05,1422.0,1414.0,1422.0,4
2026-08-21 09:38:00,BANKNIFTY29SEP2657000PE,57000.0,PE,29SEP2026,460.05,460.05,452.3,452.3,53
2026-08-21 09:38:00,BANKNIFTY29SEP2657100CE,57100.0,CE,29SEP2026,1363.15,1363.2,1363.15,1363.2,2
2026-08-21 09:38:00,BANKNIFTY29SEP2657200PE,57200.0,PE,29SEP2026,520.45,520.45,520.45,520.45,1
2026-08-21 09:38:00,BANKNIFTY29SEP2657300PE,57300.0,PE,29SEP2026,556.8,556.85,556.8,556.85,2
2026-08-21 09:38:00,BANKNIFTY29SEP2657400PE,57400.0,PE,29SEP2026,588.55,588.55,588.55,588.55,1
2026-08-21 09:38:00,BANKNIFTY29SEP2657500CE,57500.0,CE,29SEP2026,1091.25,1093.75,1090.0,1091.0,17
2026-08-21 09:38:00,BANKNIFTY29SEP2657500PE,57500.0,PE,29SEP2026,626.5,626.75,623.25,623.25,21
2026-08-21 09:39:00,BANKNIFTY29SEP2655500PE,55500.0,PE,29SEP2026,163.15,163.15,162.95,163.0,12
2026-08-21 09:39:00,BANKNIFTY29SEP2655800CE,55800.0,CE,29SEP2026,2376.2,2376.2,2376.2,2376.2,2
2026-08-21 09:39:00,BANKNIFTY29SEP2655900PE,55900.0,PE,29SEP2026,219.0,219.0,219.0,219.0,1
2026-08-21 09:39:00,BANKNIFTY29SEP2656000CE,56000.0,CE,29SEP2026,2190.5,2200.0,2190.0,2200.0,21
2026-08-21 09:39:00,BANKNIFTY29SEP2656000PE,56000.0,PE,29SEP2026,232.0,232.65,229.7,229.7,38
2026-08-21 09:39:00,BANKNIFTY29SEP2656200PE,56200.0,PE,29SEP2026,266.45,266.45,266.45,266.45,1
2026-08-21 09:39:00,BANKNIFTY29SEP2656300PE,56300.0,PE,29SEP2026,286.0,286.0,286.0,286.0,1
2026-08-21 09:39:00,BANKNIFTY29SEP2656500PE,56500.0,PE,29SEP2026,327.4,327.45,320.0,320.0,10
2026-08-21 09:39:00,BANKNIFTY29SEP2656600PE,56600.0,PE,29SEP2026,350.1,350.1,350.0,350.0,3
2026-08-21 09:39:00,BANKNIFTY29SEP2656700CE,56700.0,CE,29SEP2026,1647.45,1647.45,1647.45,1647.45,1
2026-08-21 09:39:00,BANKNIFTY29SEP2656800PE,56800.0,PE,29SEP2026,397.8,397.8,391.0,391.0,4
2026-08-21 09:39:00,BANKNIFTY29SEP2657000CE,57000.0,CE,29SEP2026,1425.05,1445.0,1423.05,1445.0,12
2026-08-21 09:39:00,BANKNIFTY29SEP2657000PE,57000.0,PE,29SEP2026,451.85,451.85,442.0,442.0,59
2026-08-21 09:39:00,BANKNIFTY29SEP2657100PE,57100.0,PE,29SEP2026,479.3,479.3,479.3,479.3,1
2026-08-21 09:39:00,BANKNIFTY29SEP2657200CE,57200.0,CE,29SEP2026,1299.0,1299.0,1299.0,1299.0,2
2026-08-21 09:39:00,BANKNIFTY29SEP2657200PE,57200.0,PE,29SEP2026,515.85,515.85,515.85,515.85,1
2026-08-21 09:39:00,BANKNIFTY29SEP2657300CE,57300.0,CE,29SEP2026,1234.0,1234.0,1234.0,1234.0,1
2026-08-21 09:39:00,BANKNIFTY29SEP2657300PE,57300.0,PE,29SEP2026,550.0,550.0,545.0,545.0,6
2026-08-21 09:39:00,BANKNIFTY29SEP2657400CE,57400.0,CE,29SEP2026,1170.0,1173.9,1170.0,1173.9,7
2026-08-21 09:39:00,BANKNIFTY29SEP2657400PE,57400.0,PE,29SEP2026,588.0,588.0,574.55,574.55,11
2026-08-21 09:39:00,BANKNIFTY29SEP2657500CE,57500.0,CE,29SEP2026,1094.0,1114.7,1094.0,1114.7,75
2026-08-21 09:39:00,BANKNIFTY29SEP2657500PE,57500.0,PE,29SEP2026,621.0,621.0,607.55,607.55,72
2026-08-21 09:40:00,BANKNIFTY29SEP2655500PE,55500.0,PE,29SEP2026,161.4,164.35,161.4,164.35,3
2026-08-21 09:40:00,BANKNIFTY29SEP2656000PE,56000.0,PE,29SEP2026,229.4,231.5,229.4,230.65,10
2026-08-21 09:40:00,BANKNIFTY29SEP2656500CE,56500.0,CE,29SEP2026,1822.25,1822.25,1822.25,1822.25,1
2026-08-21 09:40:00,BANKNIFTY29SEP2656500PE,56500.0,PE,29SEP2026,319.0,325.6,319.0,323.15,53
2026-08-21 09:40:00,BANKNIFTY29SEP2656700CE,56700.0,CE,29SEP2026,1649.25,1649.25,1649.25,1649.25,3
2026-08-21 09:40:00,BANKNIFTY29SEP2656700PE,56700.0,PE,29SEP2026,365.0,365.0,365.0,365.0,1
2026-08-21 09:40:00,BANKNIFTY29SEP2656800PE,56800.0,PE,29SEP2026,395.0,395.0,395.0,395.0,2
2026-08-21 09:40:00,BANKNIFTY29SEP2657000CE,57000.0,CE,29SEP2026,1450.0,1452.0,1440.05,1444.0,11
2026-08-21 09:40:00,BANKNIFTY29SEP2657000PE,57000.0,PE,29SEP2026,444.55,449.0,442.25,448.7,16
2026-08-21 09:40:00,BANKNIFTY29SEP2657200CE,57200.0,CE,29SEP2026,1316.7,1316.7,1315.9,1316.05,12
2026-08-21 09:40:00,BANKNIFTY29SEP2657300CE,57300.0,CE,29SEP2026,1234.0,1234.0,1234.0,1234.0,1
2026-08-21 09:40:00,BANKNIFTY29SEP2657300PE,57300.0,PE,29SEP2026,544.15,549.95,542.5,547.5,8
2026-08-21 09:40:00,BANKNIFTY29SEP2657400CE,57400.0,CE,29SEP2026,1179.9,1180.0,1170.0,1170.0,5
2026-08-21 09:40:00,BANKNIFTY29SEP2657400PE,57400.0,PE,29SEP2026,581.65,583.4,581.65,583.4,2
2026-08-21 09:40:00,BANKNIFTY29SEP2657500CE,57500.0,CE,29SEP2026,1115.0,1115.0,1105.0,1106.5,43
2026-08-21 09:40:00,BANKNIFTY29SEP2657500PE,57500.0,PE,29SEP2026,606.95,618.4,606.95,615.2,62
2026-08-21 09:41:00,BANKNIFTY29SEP2655500CE,55500.0,CE,29SEP2026,2662.9,2662.9,2662.9,2662.9,0
2026-08-21 09:41:00,BANKNIFTY29SEP2655500PE,55500.0,PE,29SEP2026,162.75,162.75,158.85,159.5,64
2026-08-21 09:41:00,BANKNIFTY29SEP2656000PE,56000.0,PE,29SEP2026,230.4,230.4,226.0,226.0,10
2026-08-21 09:41:00,BANKNIFTY29SEP2656200PE,56200.0,PE,29SEP2026,260.0,260.0,260.0,260.0,1
2026-08-21 09:41:00,BANKNIFTY29SEP2656500CE,56500.0,CE,29SEP2026,1839.8,1839.8,1839.8,1839.8,1
2026-08-21 09:41:00,BANKNIFTY29SEP2656500PE,56500.0,PE,29SEP2026,319.0,319.0,313.55,313.55,9
2026-08-21 09:41:00,BANKNIFTY29SEP2656700CE,56700.0,CE,29SEP2026,1664.35,1664.35,1664.35,1664.35,1
2026-08-21 09:41:00,BANKNIFTY29SEP2656800PE,56800.0,PE,29SEP2026,390.0,390.0,390.0,390.0,10
2026-08-21 09:41:00,BANKNIFTY29SEP2657000CE,57000.0,CE,29SEP2026,1445.0,1460.0,1442.0,1460.0,9
2026-08-21 09:41:00,BANKNIFTY29SEP2657000PE,57000.0,PE,29SEP2026,445.05,445.05,433.8,436.95,43
2026-08-21 09:41:00,BANKNIFTY29SEP2657100PE,57100.0,PE,29SEP2026,465.2,465.2,465.0,465.0,6
2026-08-21 09:41:00,BANKNIFTY29SEP2657200CE,57200.0,CE,29SEP2026,1328.0,1328.0,1328.0,1328.0,1
2026-08-21 09:41:00,BANKNIFTY29SEP2657300CE,57300.0,CE,29SEP2026,1231.2,1250.0,1231.2,1250.0,13
2026-08-21 09:41:00,BANKNIFTY29SEP2657300PE,57300.0,PE,29SEP2026,540.0,540.0,529.0,529.0,25
2026-08-21 09:41:00,BANKNIFTY29SEP2657400CE,57400.0,CE,29SEP2026,1172.9,1172.9,1172.9,1172.9,2
2026-08-21 09:41:00,BANKNIFTY29SEP2657400PE,57400.0,PE,29SEP2026,581.4,581.4,571.0,571.0,5
2026-08-21 09:41:00,BANKNIFTY29SEP2657500CE,57500.0,CE,29SEP2026,1106.95,1134.0,1106.95,1127.0,67
2026-08-21 09:41:00,BANKNIFTY29SEP2657500PE,57500.0,PE,29SEP2026,614.8,614.8,600.0,600.3,79
2026-08-21 09:42:00,BANKNIFTY29SEP2655500PE,55500.0,PE,29SEP2026,158.5,158.5,154.2,154.35,31
2026-08-21 09:42:00,BANKNIFTY29SEP2656000CE,56000.0,CE,29SEP2026,2235.0,2254.0,2235.0,2254.0,3
2026-08-21 09:42:00,BANKNIFTY29SEP2656000PE,56000.0,PE,29SEP2026,225.0,225.1,219.0,220.4,99
2026-08-21 09:42:00,BANKNIFTY29SEP2656500CE,56500.0,CE,29SEP2026,1843.45,1851.95,1843.45,1851.95,2
2026-08-21 09:42:00,BANKNIFTY29SEP2656500PE,56500.0,PE,29SEP2026,311.7,311.7,306.0,309.65,14
2026-08-21 09:42:00,BANKNIFTY29SEP2656700CE,56700.0,CE,29SEP2026,1690.05,1690.05,1690.05,1690.05,1
2026-08-21 09:42:00,BANKNIFTY29SEP2657000CE,57000.0,CE,29SEP2026,1470.0,1497.5,1468.05,1491.9,27
2026-08-21 09:42:00,BANKNIFTY29SEP2657000PE,57000.0,PE,29SEP2026,433.8,435.25,425.3,430.0,139
2026-08-21 09:42:00,BANKNIFTY29SEP2657200CE,57200.0,CE,29SEP2026,1341.35,1350.0,1341.3,1350.0,4
2026-08-21 09:42:00,BANKNIFTY29SEP2657200PE,57200.0,PE,29SEP2026,495.0,496.15,493.35,496.15,3
2026-08-21 09:42:00,BANKNIFTY29SEP2657300CE,57300.0,CE,29SEP2026,1268.0,1275.0,1268.0,1275.0,5
2026-08-21 09:42:00,BANKNIFTY29SEP2657300PE,57300.0,PE,29SEP2026,520.0,526.55,518.05,526.55,3
2026-08-21 09:42:00,BANKNIFTY29SEP2657400CE,57400.0,CE,29SEP2026,1199.0,1220.0,1199.0,1214.15,10
2026-08-21 09:42:00,BANKNIFTY29SEP2657400PE,57400.0,PE,29SEP2026,559.2,559.2,555.0,558.0,12
2026-08-21 09:42:00,BANKNIFTY29SEP2657500CE,57500.0,CE,29SEP2026,1134.65,1153.95,1129.8,1150.0,113
2026-08-21 09:42:00,BANKNIFTY29SEP2657500PE,57500.0,PE,29SEP2026,596.95,596.95,585.0,593.0,85
2026-08-21 09:43:00,BANKNIFTY29SEP2655500PE,55500.0,PE,29SEP2026,157.15,159.55,156.9,156.9,11
2026-08-21 09:43:00,BANKNIFTY29SEP2656000PE,56000.0,PE,29SEP2026,221.85,225.35,221.85,224.2,45
2026-08-21 09:43:00,BANKNIFTY29SEP2656500CE,56500.0,CE,29SEP2026,1856.55,1856.55,1840.2,1840.2,4
2026-08-21 09:43:00,BANKNIFTY29SEP2656500PE,56500.0,PE,29SEP2026,310.7,315.75,309.3,309.9,19
2026-08-21 09:43:00,BANKNIFTY29SEP2656800PE,56800.0,PE,29SEP2026,380.0,380.0,373.45,373.45,5
2026-08-21 09:43:00,BANKNIFTY29SEP2657000CE,57000.0,CE,29SEP2026,1473.45,1485.1,1473.45,1481.0,16
2026-08-21 09:43:00,BANKNIFTY29SEP2657000PE,57000.0,PE,29SEP2026,428.55,437.0,428.55,430.0,55
2026-08-21 09:43:00,BANKNIFTY29SEP2657100PE,57100.0,PE,29SEP2026,466.4,466.4,463.5,463.5,3
2026-08-21 09:43:00,BANKNIFTY29SEP2657200CE,57200.0,CE,29SEP2026,1341.3,1356.8,1341.3,1356.8,5
2026-08-21 09:43:00,BANKNIFTY29SEP2657200PE,57200.0,PE,29SEP2026,494.25,504.35,491.75,492.0,15
2026-08-21 09:43:00,BANKNIFTY29SEP2657300CE,57300.0,CE,29SEP2026,1275.0,1275.0,1253.05,1268.0,11
2026-08-21 09:43:00,BANKNIFTY29SEP2657300PE,57300.0,PE,29SEP2026,527.2,532.25,527.2,530.8,4
2026-08-21 09:43:00,BANKNIFTY29SEP2657400CE,57400.0,CE,29SEP2026,1223.35,1223.4,1223.35,1223.4,2
2026-08-21 09:43:00,BANKNIFTY29SEP2657400PE,57400.0,PE,29SEP2026,558.0,563.55,556.8,556.9,14
2026-08-21 09:43:00,BANKNIFTY29SEP2657500CE,57500.0,CE,29SEP2026,1146.0,1150.0,1131.05,1150.0,69
2026-08-21 09:43:00,BANKNIFTY29SEP2657500PE,57500.0,PE,29SEP2026,591.45,601.95,590.0,590.0,103
2026-08-21 09:44:00,BANKNIFTY29SEP2655500PE,55500.0,PE,29SEP2026,156.15,157.75,156.15,157.6,41
2026-08-21 09:44:00,BANKNIFTY29SEP2656000PE,56000.0,PE,29SEP2026,223.25,223.25,220.05,221.95,24
2026-08-21 09:44:00,BANKNIFTY29SEP2656500CE,56500.0,CE,29SEP2026,1863.1,1863.1,1859.85,1862.1,4
2026-08-21 09:44:00,BANKNIFTY29SEP2656500PE,56500.0,PE,29SEP2026,310.0,310.0,310.0,310.0,6
2026-08-21 09:44:00,BANKNIFTY29SEP2656600PE,56600.0,PE,29SEP2026,334.55,335.65,334.55,335.65,3
2026-08-21 09:44:00,BANKNIFTY29SEP2657000CE,57000.0,CE,29SEP2026,1480.0,1486.95,1480.0,1481.0,7
2026-08-21 09:44:00,BANKNIFTY29SEP2657000PE,57000.0,PE,29SEP2026,432.45,432.45,427.85,429.7,41
2026-08-21 09:44:00,BANKNIFTY29SEP2657100CE,57100.0,CE,29SEP2026,1399.45,1399.45,1399.45,1399.45,1
2026-08-21 09:44:00,BANKNIFTY29SEP2657200PE,57200.0,PE,29SEP2026,492.5,492.5,492.0,492.05,8
2026-08-21 09:44:00,BANKNIFTY29SEP2657300PE,57300.0,PE,29SEP2026,523.1,523.1,523.1,523.1,1
2026-08-21 09:44:00,BANKNIFTY29SEP2657400PE,57400.0,PE,29SEP2026,559.05,559.65,556.1,558.35,15
2026-08-21 09:44:00,BANKNIFTY29SEP2657500CE,57500.0,CE,29SEP2026,1141.25,1149.95,1141.25,1144.7,25
2026-08-21 09:44:00,BANKNIFTY29SEP2657500PE,57500.0,PE,29SEP2026,586.65,593.35,586.65,588.35,34
2026-08-21 09:45:00,BANKNIFTY29SEP2655500PE,55500.0,PE,29SEP2026,156.0,157.25,156.0,156.0,8
2026-08-21 09:45:00,BANKNIFTY29SEP2656000PE,56000.0,PE,29SEP2026,221.55,224.1,219.1,219.15,59
2026-08-21 09:45:00,BANKNIFTY29SEP2656500CE,56500.0,CE,29SEP2026,1844.35,1864.75,1844.35,1864.65,3
2026-08-21 09:45:00,BANKNIFTY29SEP2656500PE,56500.0,PE,29SEP2026,309.0,310.3,307.0,309.0,46
2026-08-21 09:45:00,BANKNIFTY29SEP2657000CE,57000.0,CE,29SEP2026,1485.0,1490.0,1480.15,1490.0,19
2026-08-21 09:45:00,BANKNIFTY29SEP2657000PE,57000.0,PE,29SEP2026,428.8,431.35,426.5,427.25,36
2026-08-21 09:45:00,BANKNIFTY29SEP2657100CE,57100.0,CE,29SEP2026,1410.0,1410.0,1410.0,1410.0,2
2026-08-21 09:45:00,BANKNIFTY29SEP2657100PE,57100.0,PE,29SEP2026,460.9,460.9,460.9,460.9,1
2026-08-21 09:45:00,BANKNIFTY29SEP2657200PE,57200.0,PE,29SEP2026,491.0,493.9,488.4,492.65,13
2026-08-21 09:45:00,BANKNIFTY29SEP2657300PE,57300.0,PE,29SEP2026,524.1,526.65,521.15,521.15,7
2026-08-21 09:45:00,BANKNIFTY29SEP2657400CE,57400.0,CE,29SEP2026,1207.0,1215.0,1204.9,1215.0,5
2026-08-21 09:45:00,BANKNIFTY29SEP2657400PE,57400.0,PE,29SEP2026,555.75,562.3,553.55,554.7,22
2026-08-21 09:45:00,BANKNIFTY29SEP2657500CE,57500.0,CE,29SEP2026,1150.0,1153.0,1141.0,1152.75,70
2026-08-21 09:45:00,BANKNIFTY29SEP2657500PE,57500.0,PE,29SEP2026,591.45,592.5,585.45,587.9,125
2026-08-21 09:46:00,BANKNIFTY29SEP2655500PE,55500.0,PE,29SEP2026,155.55,160.0,155.5,158.9,537
2026-08-21 09:46:00,BANKNIFTY29SEP2656000CE,56000.0,CE,29SEP2026,2270.0,2299.3,2270.0,2273.0,35
2026-08-21 09:46:00,BANKNIFTY29SEP2656000PE,56000.0,PE,29SEP2026,221.05,221.85,219.1,220.0,336
2026-08-21 09:46:00,BANKNIFTY29SEP2656300PE,56300.0,PE,29SEP2026,274.1,274.1,272.35,273.0,23
2026-08-21 09:46:00,BANKNIFTY29SEP2656500CE,56500.0,CE,29SEP2026,1868.45,1870.85,1856.7,1856.7,3
2026-08-21 09:46:00,BANKNIFTY29SEP2656500PE,56500.0,PE,29SEP2026,305.5,310.95,305.5,310.95,12
2026-08-21 09:46:00,BANKNIFTY29SEP2656600PE,56600.0,PE,29SEP2026,334.75,334.75,334.75,334.75,1
2026-08-21 09:46:00,BANKNIFTY29SEP2656700CE,56700.0,CE,29SEP2026,1716.05,1716.05,1716.05,1716.05,1
2026-08-21 09:46:00,BANKNIFTY29SEP2656700PE,56700.0,PE,29SEP2026,350.0,350.0,350.0,350.0,1
2026-08-21 09:46:00,BANKNIFTY29SEP2656800PE,56800.0,PE,29SEP2026,377.05,377.05,377.05,377.05,1
2026-08-21 09:46:00,BANKNIFTY29SEP2657000CE,57000.0,CE,29SEP2026,1487.0,1492.0,1482.0,1482.0,27
2026-08-21 09:46:00,BANKNIFTY29SEP2657000PE,57000.0,PE,29SEP2026,426.0,429.5,425.55,429.5,16
2026-08-21 09:46:00,BANKNIFTY29SEP2657200CE,57200.0,CE,29SEP2026,1356.95,1356.95,1339.8,1339.8,3
2026-08-21 09:46:00,BANKNIFTY29SEP2657200PE,57200.0,PE,29SEP2026,489.35,491.7,488.0,491.7,17
2026-08-21 09:46:00,BANKNIFTY29SEP2657300CE,57300.0,CE,29SEP2026,1275.6,1287.0,1272.85,1272.85,5
2026-08-21 09:46:00,BANKNIFTY29SEP2657300PE,57300.0,PE,29SEP2026,520.1,524.65,520.0,524.65,6
2026-08-21 09:46:00,BANKNIFTY29SEP2657400CE,57400.0,CE,29SEP2026,1223.35,1223.4,1223.35,1223.4,3
2026-08-21 09:46:00,BANKNIFTY29SEP2657400PE,57400.0,PE,29SEP2026,554.0,561.15,553.7,561.15,13
2026-08-21 09:46:00,BANKNIFTY29SEP2657500CE,57500.0,CE,29SEP2026,1150.1,1155.0,1143.0,1143.75,53
2026-08-21 09:46:00,BANKNIFTY29SEP2657500PE,57500.0,PE,29SEP2026,588.0,592.75,583.35,590.75,78
2026-08-21 09:47:00,BANKNIFTY29SEP2655500PE,55500.0,PE,29SEP2026,158.45,159.8,158.15,158.35,26
2026-08-21 09:47:00,BANKNIFTY29SEP2656000PE,56000.0,PE,29SEP2026,221.25,221.55,219.35,220.35,20
2026-08-21 09:47:00,BANKNIFTY29SEP2656200PE,56200.0,PE,29SEP2026,256.95,256.95,256.95,256.95,1
2026-08-21 09:47:00,BANKNIFTY29SEP2656600PE,56600.0,PE,29SEP2026,334.7,334.7,334.7,334.7,1
2026-08-21 09:47:00,BANKNIFTY29SEP2656700PE,56700.0,PE,29SEP2026,348.7,348.7,348.65,348.65,2
2026-08-21 09:47:00,BANKNIFTY29SEP2656900PE,56900.0,PE,29SEP2026,401.3,402.3,401.25,402.3,3
2026-08-21 09:47:00,BANKNIFTY29SEP2657000CE,57000.0,CE,29SEP2026,1482.0,1491.8,1480.0,1491.8,13
2026-08-21 09:47:00,BANKNIFTY29SEP2657000PE,57000.0,PE,29SEP2026,429.9,430.0,427.5,427.8,33
2026-08-21 09:47:00,BANKNIFTY29SEP2657100CE,57100.0,CE,29SEP2026,1410.75,1410.75,1410.75,1410.75,1
2026-08-21 09:47:00,BANKNIFTY29SEP2657100PE,57100.0,PE,29SEP2026,460.9,460.9,459.0,459.0,2
2026-08-21 09:47:00,BANKNIFTY29SEP2657200PE,57200.0,PE,29SEP2026,490.65,490.65,490.6,490.6,5
2026-08-21 09:47:00,BANKNIFTY29SEP2657300PE,57300.0,PE,29SEP2026,524.15,524.15,521.9,521.9,2
2026-08-21 09:47:00,BANKNIFTY29SEP2657400CE,57400.0,CE,29SEP2026,1215.0,1215.0,1215.0,1215.0,1
2026-08-21 09:47:00,BANKNIFTY29SEP2657400PE,57400.0,PE,29SEP2026,555.0,555.0,554.55,554.55,3
2026-08-21 09:47:00,BANKNIFTY29SEP2657500CE,57500.0,CE,29SEP2026,1148.85,1154.9,1143.75,1152.95,68
2026-08-21 09:47:00,BANKNIFTY29SEP2657500PE,57500.0,PE,29SEP2026,592.0,592.0,585.7,590.45,44
2026-08-21 09:48:00,BANKNIFTY29SEP2655500PE,55500.0,PE,29SEP2026,159.25,159.4,157.65,159.15,19
2026-08-21 09:48:00,BANKNIFTY29SEP2656000PE,56000.0,PE,29SEP2026,220.0,220.15,217.65,219.55,122
2026-08-21 09:48:00,BANKNIFTY29SEP2656200PE,56200.0,PE,29SEP2026,253.8,253.8,253.8,253.8,1
2026-08-21 09:48:00,BANKNIFTY29SEP2656300PE,56300.0,PE,29SEP2026,271.45,271.5,269.95,269.95,3
2026-08-21 09:48:00,BANKNIFTY29SEP2656500CE,56500.0,CE,29SEP2026,1869.4,1869.4,1869.4,1869.4,1
2026-08-21 09:48:00,BANKNIFTY29SEP2656500PE,56500.0,PE,29SEP2026,308.0,308.05,305.65,305.65,13
2026-08-21 09:48:00,BANKNIFTY29SEP2656800PE,56800.0,PE,29SEP2026,378.05,378.05,378.05,378.05,1
2026-08-21 09:48:00,BANKNIFTY29SEP2657000CE,57000.0,CE,29SEP2026,1483.1,1496.0,1483.1,1489.8,5
2026-08-21 09:48:00,BANKNIFTY29SEP2657000PE,57000.0,PE,29SEP2026,429.5,429.5,425.0,425.05,29
2026-08-21 09:48:00,BANKNIFTY29SEP2657100PE,57100.0,PE,29SEP2026,459.0,462.0,454.5,454.5,32
2026-08-21 09:48:00,BANKNIFTY29SEP2657200PE,57200.0,PE,29SEP2026,489.65,493.25,487.4,490.0,19
2026-08-21 09:48:00,BANKNIFTY29SEP2657300CE,57300.0,CE,29SEP2026,1286.7,1286.7,1286.7,1286.7,1
2026-08-21 09:48:00,BANKNIFTY29SEP2657300PE,57300.0,PE,29SEP2026,521.45,521.45,518.95,518.95,3
2026-08-21 09:48:00,BANKNIFTY29SEP2657400CE,57400.0,CE,29SEP2026,1219.95,1220.0,1219.95,1220.0,3
2026-08-21 09:48:00,BANKNIFTY29SEP2657400PE,57400.0,PE,29SEP2026,553.5,555.0,549.0,551.0,8
2026-08-21 09:48:00,BANKNIFTY29SEP2657500CE,57500.0,CE,29SEP2026,1148.05,1155.0,1146.0,1152.35,31
2026-08-21 09:48:00,BANKNIFTY29SEP2657500PE,57500.0,PE,29SEP2026,589.25,589.95,583.55,584.0,49
2026-08-21 09:49:00,BANKNIFTY29SEP2655500CE,55500.0,CE,29SEP2026,2694.95,2694.95,2694.95,2694.95,1
2026-08-21 09:49:00,BANKNIFTY29SEP2655500PE,55500.0,PE,29SEP2026,157.0,157.8,157.0,157.0,47
2026-08-21 09:49:00,BANKNIFTY29SEP2655800CE,55800.0,CE,29SEP2026,2457.95,2457.95,2457.95,2457.95,1
2026-08-21 09:49:00,BANKNIFTY29SEP2656000PE,56000.0,PE,29SEP2026,219.15,219.2,219.0,219.0,7
2026-08-21 09:49:00,BANKNIFTY29SEP2656200PE,56200.0,PE,29SEP2026,253.25,253.25,253.25,253.25,1
2026-08-21 09:49:00,BANKNIFTY29SEP2656300PE,56300.0,PE,29SEP2026,268.0,268.0,265.35,265.35,2
2026-08-21 09:49:00,BANKNIFTY29SEP2656500PE,56500.0,PE,29SEP2026,305.0,306.0,304.05,304.7,25
2026-08-21 09:49:00,BANKNIFTY29SEP2656700PE,56700.0,PE,29SEP2026,345.3,345.3,345.3,345.3,1
2026-08-21 09:49:00,BANKNIFTY29SEP2657000CE,57000.0,CE,29SEP2026,1498.0,1499.0,1497.25,1497.25,9
2026-08-21 09:49:00,BANKNIFTY29SEP2657000PE,57000.0,PE,29SEP2026,426.0,426.0,422.5,425.5,34
2026-08-21 09:49:00,BANKNIFTY29SEP2657100PE,57100.0,PE,29SEP2026,455.5,455.5,455.05,455.05,2
2026-08-21 09:49:00,BANKNIFTY29SEP2657200CE,57200.0,CE,29SEP2026,1357.0,1357.0,1357.0,1357.0,1
2026-08-21 09:49:00,BANKNIFTY29SEP2657200PE,57200.0,PE,29SEP2026,487.5,487.75,487.45,487.75,3
2026-08-21 09:49:00,BANKNIFTY29SEP2657300CE,57300.0,CE,29SEP2026,1289.0,1289.0,1279.2,1279.2,2
2026-08-21 09:49:00,BANKNIFTY29SEP2657400CE,57400.0,CE,29SEP2026,1223.3,1223.4,1223.3,1223.4,7
2026-08-21 09:49:00,BANKNIFTY29SEP2657400PE,57400.0,PE,29SEP2026,551.0,552.4,548.6,548.6,21
2026-08-21 09:49:00,BANKNIFTY29SEP2657500CE,57500.0,CE,29SEP2026,1154.95,1160.0,1154.95,1160.0,48
2026-08-21 09:49:00,BANKNIFTY29SEP2657500PE,57500.0,PE,29SEP2026,583.4,584.15,580.05,580.4,36
2026-08-21 09:50:00,BANKNIFTY29SEP2655500PE,55500.0,PE,29SEP2026,157.0,157.35,156.1,156.5,34
2026-08-21 09:50:00,BANKNIFTY29SEP2656000PE,56000.0,PE,29SEP2026,218.0,218.6,216.0,216.0,39
2026-08-21 09:50:00,BANKNIFTY29SEP2656200PE,56200.0,PE,29SEP2026,249.05,249.05,246.05,246.05,3
2026-08-21 09:50:00,BANKNIFTY29SEP2656500CE,56500.0,CE,29SEP2026,1880.75,1880.75,1880.75,1880.75,1
2026-08-21 09:50:00,BANKNIFTY29SEP2656500PE,56500.0,PE,29SEP2026,304.7,306.0,300.0,300.0,16
2026-08-21 09:50:00,BANKNIFTY29SEP2656700CE,56700.0,CE,29SEP2026,1725.9,1725.9,1725.9,1725.9,1
2026-08-21 09:50:00,BANKNIFTY29SEP2656700PE,56700.0,PE,29SEP2026,345.05,345.05,345.05,345.05,1
2026-08-21 09:50:00,BANKNIFTY29SEP2656800PE,56800.0,PE,29SEP2026,371.0,371.0,371.0,371.0,10
2026-08-21 09:50:00,BANKNIFTY29SEP2657000CE,57000.0,CE,29SEP2026,1499.0,1520.0,1499.0,1520.0,32
2026-08-21 09:50:00,BANKNIFTY29SEP2657000PE,57000.0,PE,29SEP2026,424.0,424.25,420.0,420.0,23
2026-08-21 09:50:00,BANKNIFTY29SEP2657100PE,57100.0,PE,29SEP2026,452.05,452.05,450.0,450.0,4
2026-08-21 09:50:00,BANKNIFTY29SEP2657200PE,57200.0,PE,29SEP2026,482.0,482.0,482.0,482.0,1
2026-08-21 09:50:00,BANKNIFTY29SEP2657300CE,57300.0,CE,29SEP2026,1299.0,1304.0,1299.0,1304.0,5
2026-08-21 09:50:00,BANKNIFTY29SEP2657300PE,57300.0,PE,29SEP2026,515.95,516.45,512.35,512.35,11
2026-08-21 09:50:00,BANKNIFTY29SEP2657400CE,57400.0,CE,29SEP2026,1225.85,1235.0,1225.85,1235.0,8
2026-08-21 09:50:00,BANKNIFTY29SEP2657400PE,57400.0,PE,29SEP2026,548.05,548.05,548.05,548.05,1
2026-08-21 09:50:00,BANKNIFTY29SEP2657500CE,57500.0,CE,29SEP2026,1159.9,1178.0,1155.0,1178.0,87
2026-08-21 09:50:00,BANKNIFTY29SEP2657500PE,57500.0,PE,29SEP2026,582.85,583.6,575.0,575.0,119
2026-08-21 09:51:00,BANKNIFTY29SEP2655500PE,55500.0,PE,29SEP2026,156.2,157.05,154.75,154.75,71
2026-08-21 09:51:00,BANKNIFTY29SEP2656000CE,56000.0,CE,29SEP2026,2312.85,2312.85,2312.85,2312.85,1
2026-08-21 09:51:00,BANKNIFTY29SEP2656000PE,56000.0,PE,29SEP2026,216.1,216.75,214.45,216.75,36
2026-08-21 09:51:00,BANKNIFTY29SEP2656200PE,56200.0,PE,29SEP2026,243.45,243.45,243.45,243.45,1
2026-08-21 09:51:00,BANKNIFTY29SEP2656300PE,56300.0,PE,29SEP2026,262.1,262.1,262.05,262.05,2
2026-08-21 09:51:00,BANKNIFTY29SEP2656500CE,56500.0,CE,29SEP2026,1900.0,1900.0,1900.0,1900.0,2
2026-08-21 09:51:00,BANKNIFTY29SEP2656500PE,56500.0,PE,29SEP2026,300.55,301.85,295.6,300.4,24
2026-08-21 09:51:00,BANKNIFTY29SEP2656700PE,56700.0,PE,29SEP2026,345.0,345.0,343.85,343.85,2
2026-08-21 09:51:00,BANKNIFTY29SEP2656800PE,56800.0,PE,29SEP2026,368.0,368.0,368.0,368.0,1
2026-08-21 09:51:00,BANKNIFTY29SEP2656900CE,56900.0,CE,29SEP2026,1602.0,1602.0,1602.0,1602.0,0
2026-08-21 09:51:00,BANKNIFTY29SEP2657000CE,57000.0,CE,29SEP2026,1521.0,1540.0,1516.2,1539.9,28
2026-08-21 09:51:00,BANKNIFTY29SEP2657000PE,57000.0,PE,29SEP2026,420.0,422.2,415.0,415.5,165
2026-08-21 09:51:00,BANKNIFTY29SEP2657100CE,57100.0,CE,29SEP2026,1450.0,1450.0,1450.0,1450.0,1
2026-08-21 09:51:00,BANKNIFTY29SEP2657100PE,57100.0,PE,29SEP2026,449.7,449.7,443.75,443.75,3
2026-08-21 09:51:00,BANKNIFTY29SEP2657200CE,57200.0,CE,29SEP2026,1388.4,1390.0,1388.4,1390.0,5
2026-08-21 09:51:00,BANKNIFTY29SEP2657200PE,57200.0,PE,29SEP2026,481.25,481.25,475.7,475.7,13
2026-08-21 09:51:00,BANKNIFTY29SEP2657300CE,57300.0,CE,29SEP2026,1313.0,1325.0,1313.0,1325.0,9
2026-08-21 09:51:00,BANKNIFTY29SEP2657300PE,57300.0,PE,29SEP2026,511.5,511.5,505.2,508.1,8
2026-08-21 09:51:00,BANKNIFTY29SEP2657400CE,57400.0,CE,29SEP2026,1248.95,1259.4,1236.1,1251.5,30
2026-08-21 09:51:00,BANKNIFTY29SEP2657400PE,57400.0,PE,29SEP2026,543.5,545.2,537.0,540.2,25
2026-08-21 09:51:00,BANKNIFTY29SEP2657500CE,57500.0,CE,29SEP2026,1180.0,1197.0,1175.4,1192.45,114
2026-08-21 09:51:00,BANKNIFTY29SEP2657500PE,57500.0,PE,29SEP2026,575.15,577.2,567.5,571.55,148
2026-08-21 09:52:00,BANKNIFTY29SEP2655500PE,55500.0,PE,29SEP2026,155.55,157.9,154.75,157.9,41
2026-08-21 09:52:00,BANKNIFTY29SEP2655800CE,55800.0,CE,29SEP2026,2491.5,2491.5,2491.5,2491.5,1
2026-08-21 09:52:00,BANKNIFTY29SEP2656000CE,56000.0,CE,29SEP2026,2321.0,2321.0,2307.2,2307.2,3
2026-08-21 09:52:00,BANKNIFTY29SEP2656000PE,56000.0,PE,29SEP2026,215.55,218.85,215.0,218.85,102
2026-08-21 09:52:00,BANKNIFTY29SEP2656500CE,56500.0,CE,29SEP2026,1919.95,1919.95,1919.95,1919.95,1
2026-08-21 09:52:00,BANKNIFTY29SEP2656500PE,56500.0,PE,29SEP2026,298.8,304.95,298.05,304.95,19
2026-08-21 09:52:00,BANKNIFTY29SEP2656700CE,56700.0,CE,29SEP2026,1766.0,1766.0,1766.0,1766.0,1
2026-08-21 09:52:00,BANKNIFTY29SEP2656700PE,56700.0,PE,29SEP2026,344.0,344.0,344.0,344.0,2
2026-08-21 09:52:00,BANKNIFTY29SEP2656800PE,56800.0,PE,29SEP2026,370.8,370.8,370.8,370.8,1
2026-08-21 09:52:00,BANKNIFTY29SEP2656900PE,56900.0,PE,29SEP2026,396.6,396.6,396.6,396.6,1
2026-08-21 09:52:00,BANKNIFTY29SEP2657000CE,57000.0,CE,29SEP2026,1539.95,1539.95,1512.5,1519.0,6
2026-08-21 09:52:00,BANKNIFTY29SEP2657000PE,57000.0,PE,29SEP2026,415.65,423.65,415.1,423.5,49
2026-08-21 09:52:00,BANKNIFTY29SEP2657100CE,57100.0,CE,29SEP2026,1450.0,1450.0,1450.0,1450.0,1
2026-08-21 09:52:00,BANKNIFTY29SEP2657100PE,57100.0,PE,29SEP2026,444.4,450.0,444.0,450.0,4
2026-08-21 09:52:00,BANKNIFTY29SEP2657200CE,57200.0,CE,29SEP2026,1381.45,1381.45,1381.4,1381.4,3
2026-08-21 09:52:00,BANKNIFTY29SEP2657200PE,57200.0,PE,29SEP2026,475.55,483.35,475.55,481.8,6
2026-08-21 09:52:00,BANKNIFTY29SEP2657300CE,57300.0,CE,29SEP2026,1330.0,1330.0,1329.9,1329.9,2
2026-08-21 09:52:00,BANKNIFTY29SEP2657300PE,57300.0,PE,29SEP2026,505.0,512.7,505.0,512.7,3
2026-08-21 09:52:00,BANKNIFTY29SEP2657400PE,57400.0,PE,29SEP2026,537.45,546.05,537.45,544.05,4
2026-08-21 09:52:00,BANKNIFTY29SEP2657500CE,57500.0,CE,29SEP2026,1191.75,1197.7,1175.0,1175.0,112
2026-08-21 09:52:00,BANKNIFTY29SEP2657500PE,57500.0,PE,29SEP2026,571.6,580.0,567.35,575.55,163
2026-08-21 09:53:00,BANKNIFTY29SEP2655500PE,55500.0,PE,29SEP2026,157.9,158.0,157.9,158.0,5
2026-08-21 09:53:00,BANKNIFTY29SEP2656000CE,56000.0,CE,29SEP2026,2285.25,2285.25,2285.25,2285.25,1
2026-08-21 09:53:00,BANKNIFTY29SEP2656000PE,56000.0,PE,29SEP2026,218.5,219.2,216.0,218.6,44
2026-08-21 09:53:00,BANKNIFTY29SEP2656500CE,56500.0,CE,29SEP2026,1885.0,1885.0,1885.0,1885.0,3
2026-08-21 09:53:00,BANKNIFTY29SEP2656500PE,56500.0,PE,29SEP2026,304.6,305.0,303.2,304.35,7
2026-08-21 09:53:00,BANKNIFTY29SEP2656800PE,56800.0,PE,29SEP2026,372.0,372.0,372.0,372.0,1
2026-08-21 09:53:00,BANKNIFTY29SEP2656900PE,56900.0,PE,29SEP2026,396.6,396.6,396.6,396.6,2
2026-08-21 09:53:00,BANKNIFTY29SEP2657000CE,57000.0,CE,29SEP2026,1513.05,1516.0,1507.0,1515.0,13
2026-08-21 09:53:00,BANKNIFTY29SEP2657000PE,57000.0,PE,29SEP2026,423.75,423.75,420.6,420.75,31
2026-08-21 09:53:00,BANKNIFTY29SEP2657100PE,57100.0,PE,29SEP2026,450.45,450.45,449.25,449.25,2
2026-08-21 09:53:00,BANKNIFTY29SEP2657200PE,57200.0,PE,29SEP2026,484.85,485.5,484.45,485.5,7
2026-08-21 09:53:00,BANKNIFTY29SEP2657300CE,57300.0,CE,29SEP2026,1298.0,1298.0,1297.95,1297.95,2
2026-08-21 09:53:00,BANKNIFTY29SEP2657300PE,57300.0,PE,29SEP2026,515.05,515.45,515.05,515.45,5
2026-08-21 09:53:00,BANKNIFTY29SEP2657400CE,57400.0,CE,29SEP2026,1232.05,1232.05,1232.05,1232.05,1
2026-08-21 09:53:00,BANKNIFTY29SEP2657400PE,57400.0,PE,29SEP2026,544.05,544.05,544.05,544.05,2
2026-08-21 09:53:00,BANKNIFTY29SEP2657500CE,57500.0,CE,29SEP2026,1174.95,1177.95,1170.1,1170.5,53
2026-08-21 09:53:00,BANKNIFTY29SEP2657500PE,57500.0,PE,29SEP2026,576.9,578.4,574.1,576.0,29
2026-08-21 09:54:00,BANKNIFTY29SEP2655500PE,55500.0,PE,29SEP2026,156.0,156.95,155.05,156.95,7
2026-08-21 09:54:00,BANKNIFTY29SEP2656000PE,56000.0,PE,29SEP2026,216.55,218.35,214.1,215.65,86
2026-08-21 09:54:00,BANKNIFTY29SEP2656500PE,56500.0,PE,29SEP2026,304.35,307.3,299.55,299.55,20
2026-08-21 09:54:00,BANKNIFTY29SEP2657000CE,57000.0,CE,29SEP2026,1516.6,1525.0,1516.6,1525.0,10
2026-08-21 09:54:00,BANKNIFTY29SEP2657000PE,57000.0,PE,29SEP2026,422.4,422.4,415.9,417.8,33
2026-08-21 09:54:00,BANKNIFTY29SEP2657100PE,57100.0,PE,29SEP2026,448.0,448.0,446.7,446.7,2
2026-08-21 09:54:00,BANKNIFTY29SEP2657200CE,57200.0,CE,29SEP2026,1371.7,1389.4,1371.7,1388.45,3
2026-08-21 09:54:00,BANKNIFTY29SEP2657300CE,57300.0,CE,29SEP2026,1318.2,1318.25,1318.2,1318.25,2
2026-08-21 09:54:00,BANKNIFTY29SEP2657400CE,57400.0,CE,29SEP2026,1240.45,1252.05,1231.7,1252.05,8
2026-08-21 09:54:00,BANKNIFTY29SEP2657400PE,57400.0,PE,29SEP2026,543.65,543.65,543.65,543.65,1
2026-08-21 09:54:00,BANKNIFTY29SEP2657500CE,57500.0,CE,29SEP2026,1170.6,1186.75,1170.35,1174.8,45
2026-08-21 09:54:00,BANKNIFTY29SEP2657500PE,57500.0,PE,29SEP2026,575.85,576.7,570.0,576.0,92
2026-08-21 09:55:00,BANKNIFTY29SEP2655500PE,55500.0,PE,29SEP2026,156.95,157.0,156.95,157.0,14
2026-08-21 09:55:00,BANKNIFTY29SEP2656000PE,56000.0,PE,29SEP2026,218.1,218.25,215.6,215.6,6
2026-08-21 09:55:00,BANKNIFTY29SEP2656300PE,56300.0,PE,29SEP2026,268.0,268.0,268.0,268.0,1
2026-08-21 09:55:00,BANKNIFTY29SEP2656500PE,56500.0,PE,29SEP2026,304.05,304.5,301.75,303.05,10
2026-08-21 09:55:00,BANKNIFTY29SEP2656600PE,56600.0,PE,29SEP2026,323.65,323.65,323.65,323.65,1
2026-08-21 09:55:00,BANKNIFTY29SEP2656700CE,56700.0,CE,29SEP2026,1740.1,1740.1,1740.1,1740.1,1
2026-08-21 09:55:00,BANKNIFTY29SEP2656800PE,56800.0,PE,29SEP2026,372.0,372.0,372.0,372.0,1
2026-08-21 09:55:00,BANKNIFTY29SEP2657000CE,57000.0,CE,29SEP2026,1507.05,1507.05,1507.0,1507.0,2
2026-08-21 09:55:00,BANKNIFTY29SEP2657000PE,57000.0,PE,29SEP2026,420.5,422.0,419.3,420.45,18
2026-08-21 09:55:00,BANKNIFTY29SEP2657100CE,57100.0,CE,29SEP2026,1430.6,1430.6,1430.55,1430.55,2
2026-08-21 09:55:00,BANKNIFTY29SEP2657100PE,57100.0,PE,29SEP2026,450.25,450.25,450.25,450.25,6
2026-08-21 09:55:00,BANKNIFTY29SEP2657200CE,57200.0,CE,29SEP2026,1363.75,1384.2,1363.75,1368.65,3
2026-08-21 09:55:00,BANKNIFTY29SEP2657200PE,57200.0,PE,29SEP2026,481.05,481.05,481.05,481.05,1
2026-08-21 09:55:00,BANKNIFTY29SEP2657300PE,57300.0,PE,29SEP2026,513.75,513.75,512.45,512.45,5
2026-08-21 09:55:00,BANKNIFTY29SEP2657500CE,57500.0,CE,29SEP2026,1174.25,1180.4,1167.45,1175.2,36
2026-08-21 09:55:00,BANKNIFTY29SEP2657500PE,57500.0,PE,29SEP2026,575.45,581.2,573.85,573.85,59
2026-08-21 09:56:00,BANKNIFTY29SEP2655500PE,55500.0,PE,29SEP2026,155.45,156.7,155.4,156.7,15
2026-08-21 09:56:00,BANKNIFTY29SEP2656000PE,56000.0,PE,29SEP2026,215.7,216.9,215.05,216.75,33
2026-08-21 09:56:00,BANKNIFTY29SEP2656500CE,56500.0,CE,29SEP2026,1901.5,1901.5,1901.45,1901.45,2
2026-08-21 09:56:00,BANKNIFTY29SEP2656500PE,56500.0,PE,29SEP2026,302.0,302.4,301.75,301.75,10
2026-08-21 09:56:00,BANKNIFTY29SEP2657000CE,57000.0,CE,29SEP2026,1520.9,1520.9,1520.9,1520.9,1
2026-08-21 09:56:00,BANKNIFTY29SEP2657000PE,57000.0,PE,29SEP2026,420.75,422.4,418.25,422.0,15
2026-08-21 09:56:00,BANKNIFTY29SEP2657100PE,57100.0,PE,29SEP2026,450.25,450.25,450.25,450.25,1
2026-08-21 09:56:00,BANKNIFTY29SEP2657200PE,57200.0,PE,29SEP2026,481.05,481.05,481.05,481.05,1
2026-08-21 09:56:00,BANKNIFTY29SEP2657300CE,57300.0,CE,29SEP2026,1313.3,1313.3,1313.3,1313.3,1
2026-08-21 09:56:00,BANKNIFTY29SEP2657400PE,57400.0,PE,29SEP2026,543.65,543.65,543.65,543.65,1
2026-08-21 09:56:00,BANKNIFTY29SEP2657500CE,57500.0,CE,29SEP2026,1174.8,1179.0,1165.45,1165.45,34
2026-08-21 09:56:00,BANKNIFTY29SEP2657500PE,57500.0,PE,29SEP2026,575.3,577.95,573.05,577.95,39
2026-08-21 09:57:00,BANKNIFTY29SEP2655500PE,55500.0,PE,29SEP2026,156.7,156.7,155.9,156.4,7
2026-08-21 09:57:00,BANKNIFTY29SEP2656000PE,56000.0,PE,29SEP2026,216.45,219.05,216.45,219.05,7
2026-08-21 09:57:00,BANKNIFTY29SEP2656500PE,56500.0,PE,29SEP2026,302.85,307.5,302.85,307.5,18
2026-08-21 09:57:00,BANKNIFTY29SEP2656700PE,56700.0,PE,29SEP2026,349.0,349.0,349.0,349.0,3
2026-08-21 09:57:00,BANKNIFTY29SEP2656800CE,56800.0,CE,29SEP2026,1636.75,1636.75,1636.65,1636.65,0
2026-08-21 09:57:00,BANKNIFTY29SEP2656800PE,56800.0,PE,29SEP2026,373.6,373.6,373.6,373.6,1
2026-08-21 09:57:00,BANKNIFTY29SEP2656900CE,56900.0,CE,29SEP2026,1594.75,1594.75,1594.75,1594.75,1
2026-08-21 09:57:00,BANKNIFTY29SEP2656900PE,56900.0,PE,29SEP2026,401.8,401.8,401.8,401.8,1
2026-08-21 09:57:00,BANKNIFTY29SEP2657000CE,57000.0,CE,29SEP2026,1506.75,1507.0,1505.25,1507.0,3
2026-08-21 09:57:00,BANKNIFTY29SEP2657000PE,57000.0,PE,29SEP2026,421.9,424.9,420.55,424.8,13
2026-08-21 09:57:00,BANKNIFTY29SEP2657100CE,57100.0,CE,29SEP2026,1447.3,1447.35,1447.3,1447.35,2
2026-08-21 09:57:00,BANKNIFTY29SEP2657200PE,57200.0,PE,29SEP2026,484.9,484.95,484.9,484.95,2
2026-08-21 09:57:00,BANKNIFTY29SEP2657300CE,57300.0,CE,29SEP2026,1292.35,1292.35,1292.35,1292.35,1
2026-08-21 09:57:00,BANKNIFTY29SEP2657400PE,57400.0,PE,29SEP2026,547.0,547.0,547.0,547.0,1
2026-08-21 09:57:00,BANKNIFTY29SEP2657500CE,57500.0,CE,29SEP2026,1170.0,1171.05,1160.15,1160.15,14
2026-08-21 09:57:00,BANKNIFTY29SEP2657500PE,57500.0,PE,29SEP2026,577.55,579.0,577.25,578.75,22
2026-08-21 09:58:00,BANKNIFTY29SEP2656000PE,56000.0,PE,29SEP2026,218.0,218.0,218.0,218.0,2
2026-08-21 09:58:00,BANKNIFTY29SEP2656500PE,56500.0,PE,29SEP2026,303.85,305.55,303.85,304.6,11
2026-08-21 09:58:00,BANKNIFTY29SEP2656600PE,56600.0,PE,29SEP2026,324.05,324.05,324.05,324.05,1
2026-08-21 09:58:00,BANKNIFTY29SEP2656700PE,56700.0,PE,29SEP2026,349.25,349.25,349.15,349.15,3
2026-08-21 09:58:00,BANKNIFTY29SEP2656800PE,56800.0,PE,29SEP2026,370.0,370.0,370.0,370.0,1
2026-08-21 09:58:00,BANKNIFTY29SEP2656900PE,56900.0,PE,29SEP2026,401.8,401.8,401.8,401.8,1
2026-08-21 09:58:00,BANKNIFTY29SEP2657000CE,57000.0,CE,29SEP2026,1510.0,1510.0,1503.05,1503.05,5
2026-08-21 09:58:00,BANKNIFTY29SEP2657000PE,57000.0,PE,29SEP2026,424.0,424.15,421.5,424.15,15
2026-08-21 09:58:00,BANKNIFTY29SEP2657200PE,57200.0,PE,29SEP2026,483.75,483.75,483.3,483.3,3
2026-08-21 09:58:00,BANKNIFTY29SEP2657300PE,57300.0,PE,29SEP2026,514.5,514.5,513.0,513.0,2
2026-08-21 09:58:00,BANKNIFTY29SEP2657400CE,57400.0,CE,29SEP2026,1233.25,1233.3,1233.25,1233.3,8
2026-08-21 09:58:00,BANKNIFTY29SEP2657400PE,57400.0,PE,29SEP2026,545.5,545.5,543.55,543.55,3
2026-08-21 09:58:00,BANKNIFTY29SEP2657500CE,57500.0,CE,29SEP2026,1167.0,1168.0,1161.15,1167.8,7
2026-08-21 09:58:00,BANKNIFTY29SEP2657500PE,57500.0,PE,29SEP2026,578.8,579.0,575.1,579.0,30
2026-08-21 09:59:00,BANKNIFTY29SEP2656000CE,56000.0,CE,29SEP2026,2277.45,2277.9,2277.45,2277.8,9
2026-08-21 09:59:00,BANKNIFTY29SEP2656000PE,56000.0,PE,29SEP2026,217.7,219.65,217.05,219.65,15
2026-08-21 09:59:00,BANKNIFTY29SEP2656500PE,56500.0,PE,29SEP2026,304.6,305.0,304.6,305.0,2
2026-08-21 09:59:00,BANKNIFTY29SEP2657000CE,57000.0,CE,29SEP2026,1505.0,1505.0,1500.0,1500.0,8
2026-08-21 09:59:00,BANKNIFTY29SEP2657000PE,57000.0,PE,29SEP2026,423.55,425.0,421.55,423.1,8
2026-08-21 09:59:00,BANKNIFTY29SEP2657200CE,57200.0,CE,29SEP2026,1355.4,1355.4,1355.4,1355.4,2
2026-08-21 09:59:00,BANKNIFTY29SEP2657400CE,57400.0,CE,29SEP2026,1230.0,1230.0,1230.0,1230.0,1
2026-08-21 09:59:00,BANKNIFTY29SEP2657500CE,57500.0,CE,29SEP2026,1166.5,1166.5,1158.1,1164.65,7
2026-08-21 09:59:00,BANKNIFTY29SEP2657500PE,57500.0,PE,29SEP2026,579.0,582.1,575.0,582.1,21
2026-08-21 10:00:00,BANKNIFTY29SEP2655500PE,55500.0,PE,29SEP2026,156.5,156.5,156.4,156.5,10
2026-08-21 10:00:00,BANKNIFTY29SEP2656000PE,56000.0,PE,29SEP2026,218.1,220.0,216.0,219.95,135
2026-08-21 10:00:00,BANKNIFTY29SEP2656300PE,56300.0,PE,29SEP2026,269.75,269.75,269.75,269.75,1
2026-08-21 10:00:00,BANKNIFTY29SEP2656500PE,56500.0,PE,29SEP2026,302.65,305.25,302.65,305.25,7
2026-08-21 10:00:00,BANKNIFTY29SEP2656600PE,56600.0,PE,29SEP2026,325.7,328.7,325.5,328.45,4
2026-08-21 10:00:00,BANKNIFTY29SEP2656800PE,56800.0,PE,29SEP2026,373.8,373.8,373.8,373.8,1
2026-08-21 10:00:00,BANKNIFTY29SEP2657000PE,57000.0,PE,29SEP2026,424.65,425.0,421.05,424.35,17
2026-08-21 10:00:00,BANKNIFTY29SEP2657200CE,57200.0,CE,29SEP2026,1356.9,1356.9,1356.9,1356.9,1
2026-08-21 10:00:00,BANKNIFTY29SEP2657200PE,57200.0,PE,29SEP2026,485.75,486.35,485.75,486.35,10
2026-08-21 10:00:00,BANKNIFTY29SEP2657300CE,57300.0,CE,29SEP2026,1297.0,1297.0,1290.0,1290.0,4
2026-08-21 10:00:00,BANKNIFTY29SEP2657300PE,57300.0,PE,29SEP2026,513.0,515.25,513.0,514.45,6
2026-08-21 10:00:00,BANKNIFTY29SEP2657400PE,57400.0,PE,29SEP2026,549.35,549.55,549.35,549.35,6
2026-08-21 10:00:00,BANKNIFTY29SEP2657500CE,57500.0,CE,29SEP2026,1165.0,1165.0,1154.65,1154.65,12
2026-08-21 10:00:00,BANKNIFTY29SEP2657500PE,57500.0,PE,29SEP2026,580.0,583.0,575.8,583.0,10
2026-08-21 10:01:00,BANKNIFTY29SEP2655500PE,55500.0,PE,29SEP2026,157.6,157.6,156.3,156.3,10
2026-08-21 10:01:00,BANKNIFTY29SEP2655900PE,55900.0,PE,29SEP2026,208.6,208.6,204.6,204.6,3
2026-08-21 10:01:00,BANKNIFTY29SEP2656000PE,56000.0,PE,29SEP2026,220.0,220.0,219.35,219.5,69
2026-08-21 10:01:00,BANKNIFTY29SEP2656200PE,56200.0,PE,29SEP2026,251.0,251.0,251.0,251.0,4
2026-08-21 10:01:00,BANKNIFTY29SEP2656300PE,56300.0,PE,29SEP2026,271.65,271.65,271.65,271.65,1
2026-08-21 10:01:00,BANKNIFTY29SEP2656500PE,56500.0,PE,29SEP2026,305.6,308.9,305.6,308.6,20
2026-08-21 10:01:00,BANKNIFTY29SEP2656600PE,56600.0,PE,29SEP2026,328.45,328.45,328.45,328.45,1
2026-08-21 10:01:00,BANKNIFTY29SEP2656700PE,56700.0,PE,29SEP2026,348.0,348.0,347.95,347.95,2
2026-08-21 10:01:00,BANKNIFTY29SEP2656800PE,56800.0,PE,29SEP2026,374.0,374.0,374.0,374.0,20
2026-08-21 10:01:00,BANKNIFTY29SEP2657000CE,57000.0,CE,29SEP2026,1491.0,1491.0,1491.0,1491.0,1
2026-08-21 10:01:00,BANKNIFTY29SEP2657000PE,57000.0,PE,29SEP2026,425.3,429.5,425.3,429.5,31
2026-08-21 10:01:00,BANKNIFTY29SEP2657100PE,57100.0,PE,29SEP2026,455.75,455.75,455.75,455.75,2
2026-08-21 10:01:00,BANKNIFTY29SEP2657200PE,57200.0,PE,29SEP2026,487.35,489.5,486.8,486.8,6
2026-08-21 10:01:00,BANKNIFTY29SEP2657300CE,57300.0,CE,29SEP2026,1290.0,1290.0,1290.0,1290.0,1
2026-08-21 10:01:00,BANKNIFTY29SEP2657300PE,57300.0,PE,29SEP2026,519.9,522.6,519.9,522.6,4
2026-08-21 10:01:00,BANKNIFTY29SEP2657400CE,57400.0,CE,29SEP2026,1222.0,1222.0,1222.0,1222.0,1
2026-08-21 10:01:00,BANKNIFTY29SEP2657400PE,57400.0,PE,29SEP2026,550.5,554.6,550.5,554.0,3
2026-08-21 10:01:00,BANKNIFTY29SEP2657500CE,57500.0,CE,29SEP2026,1153.0,1157.55,1151.5,1153.05,24
2026-08-21 10:01:00,BANKNIFTY29SEP2657500PE,57500.0,PE,29SEP2026,582.0,586.6,582.0,582.55,63
2026-08-21 10:02:00,BANKNIFTY29SEP2655500PE,55500.0,PE,29SEP2026,157.2,157.7,156.2,157.7,15
2026-08-21 10:02:00,BANKNIFTY29SEP2656000PE,56000.0,PE,29SEP2026,220.0,220.0,218.9,220.0,24
2026-08-21 10:02:00,BANKNIFTY29SEP2656300PE,56300.0,PE,29SEP2026,271.85,277.55,271.85,277.55,5
2026-08-21 10:02:00,BANKNIFTY29SEP2656600PE,56600.0,PE,29SEP2026,331.5,331.5,326.05,326.05,2
2026-08-21 10:02:00,BANKNIFTY29SEP2657000CE,57000.0,CE,29SEP2026,1498.9,1505.8,1498.9,1500.0,8
2026-08-21 10:02:00,BANKNIFTY29SEP2657000PE,57000.0,PE,29SEP2026,427.45,427.45,426.95,426.95,5
2026-08-21 10:02:00,BANKNIFTY29SEP2657500CE,57500.0,CE,29SEP2026,1155.4,1163.0,1155.4,1157.45,18
2026-08-21 10:02:00,BANKNIFTY29SEP2657500PE,57500.0,PE,29SEP2026,582.05,585.0,580.05,585.0,7
2026-08-21 10:03:00,BANKNIFTY29SEP2655500PE,55500.0,PE,29SEP2026,158.1,159.0,157.15,158.7,24
2026-08-21 10:03:00,BANKNIFTY29SEP2655900PE,55900.0,PE,29SEP2026,208.75,208.75,208.75,208.75,1
2026-08-21 10:03:00,BANKNIFTY29SEP2656000PE,56000.0,PE,29SEP2026,220.0,220.65,220.0,220.65,20
2026-08-21 10:03:00,BANKNIFTY29SEP2656500CE,56500.0,CE,29SEP2026,1865.0,1865.0,1865.0,1865.0,1
2026-08-21 10:03:00,BANKNIFTY29SEP2656500PE,56500.0,PE,29SEP2026,308.85,308.85,308.85,308.85,1
2026-08-21 10:03:00,BANKNIFTY29SEP2656600PE,56600.0,PE,29SEP2026,333.0,333.0,333.0,333.0,1
2026-08-21 10:03:00,BANKNIFTY29SEP2656700PE,56700.0,PE,29SEP2026,348.35,348.35,348.35,348.35,1
2026-08-21 10:03:00,BANKNIFTY29SEP2656900PE,56900.0,PE,29SEP2026,403.25,404.15,403.25,404.15,3
2026-08-21 10:03:00,BANKNIFTY29SEP2657000CE,57000.0,CE,29SEP2026,1494.1,1494.1,1492.6,1492.6,4
2026-08-21 10:03:00,BANKNIFTY29SEP2657000PE,57000.0,PE,29SEP2026,427.5,428.0,426.75,427.5,12
2026-08-21 10:03:00,BANKNIFTY29SEP2657100CE,57100.0,CE,29SEP2026,1414.65,1414.65,1414.65,1414.65,1
2026-08-21 10:03:00,BANKNIFTY29SEP2657100PE,57100.0,PE,29SEP2026,459.35,459.35,459.35,459.35,1
2026-08-21 10:03:00,BANKNIFTY29SEP2657200CE,57200.0,CE,29SEP2026,1346.2,1346.2,1346.2,1346.2,1
2026-08-21 10:03:00,BANKNIFTY29SEP2657200PE,57200.0,PE,29SEP2026,487.95,489.4,487.95,489.35,3
2026-08-21 10:03:00,BANKNIFTY29SEP2657300PE,57300.0,PE,29SEP2026,521.15,521.15,521.15,521.15,1
2026-08-21 10:03:00,BANKNIFTY29SEP2657400PE,57400.0,PE,29SEP2026,555.15,555.15,555.15,555.15,1
2026-08-21 10:03:00,BANKNIFTY29SEP2657500CE,57500.0,CE,29SEP2026,1153.0,1155.0,1150.0,1152.55,26
2026-08-21 10:03:00,BANKNIFTY29SEP2657500PE,57500.0,PE,29SEP2026,585.0,587.65,584.1,587.65,18
2026-08-21 10:04:00,BANKNIFTY29SEP2655500PE,55500.0,PE,29SEP2026,158.7,158.7,158.7,158.7,7
2026-08-21 10:04:00,BANKNIFTY29SEP2656000CE,56000.0,CE,29SEP2026,2252.65,2252.65,2252.65,2252.65,1
2026-08-21 10:04:00,BANKNIFTY29SEP2656000PE,56000.0,PE,29SEP2026,220.45,221.3,220.3,220.35,14
2026-08-21 10:04:00,BANKNIFTY29SEP2656300PE,56300.0,PE,29SEP2026,269.35,269.35,269.35,269.35,1
2026-08-21 10:04:00,BANKNIFTY29SEP2656500CE,56500.0,CE,29SEP2026,1855.45,1855.45,1854.0,1854.0,19
2026-08-21 10:04:00,BANKNIFTY29SEP2656500PE,56500.0,PE,29SEP2026,307.8,309.75,304.25,307.2,17
2026-08-21 10:04:00,BANKNIFTY29SEP2656700PE,56700.0,PE,29SEP2026,352.9,352.9,352.9,352.9,1
2026-08-21 10:04:00,BANKNIFTY29SEP2657000CE,57000.0,CE,29SEP2026,1486.05,1486.05,1482.05,1486.0,7
2026-08-21 10:04:00,BANKNIFTY29SEP2657000PE,57000.0,PE,29SEP2026,427.8,430.65,427.7,430.65,22
2026-08-21 10:04:00,BANKNIFTY29SEP2657100CE,57100.0,CE,29SEP2026,1427.3,1440.25,1427.3,1440.25,3
2026-08-21 10:04:00,BANKNIFTY29SEP2657400CE,57400.0,CE,29SEP2026,1222.0,1222.0,1222.0,1222.0,1
2026-08-21 10:04:00,BANKNIFTY29SEP2657500CE,57500.0,CE,29SEP2026,1148.6,1152.0,1144.4,1148.0,18
2026-08-21 10:04:00,BANKNIFTY29SEP2657500PE,57500.0,PE,29SEP2026,587.65,588.8,584.85,585.0,13
2026-08-21 10:05:00,BANKNIFTY29SEP2655500PE,55500.0,PE,29SEP2026,159.0,159.3,157.9,159.3,18
2026-08-21 10:05:00,BANKNIFTY29SEP2656000PE,56000.0,PE,29SEP2026,221.8,221.8,220.7,220.7,19
2026-08-21 10:05:00,BANKNIFTY29SEP2656300PE,56300.0,PE,29SEP2026,273.55,273.55,273.55,273.55,1
2026-08-21 10:05:00,BANKNIFTY29SEP2656500CE,56500.0,CE,29SEP2026,1870.7,1870.8,1870.7,1870.8,2
2026-08-21 10:05:00,BANKNIFTY29SEP2656500PE,56500.0,PE,29SEP2026,309.0,309.0,309.0,309.0,1
2026-08-21 10:05:00,BANKNIFTY29SEP2656800PE,56800.0,PE,29SEP2026,378.0,378.0,378.0,378.0,2
2026-08-21 10:05:00,BANKNIFTY29SEP2657000CE,57000.0,CE,29SEP2026,1483.1,1487.0,1483.1,1487.0,5
2026-08-21 10:05:00,BANKNIFTY29SEP2657000PE,57000.0,PE,29SEP2026,430.6,431.0,427.65,427.65,15
2026-08-21 10:05:00,BANKNIFTY29SEP2657100CE,57100.0,CE,29SEP2026,1414.0,1428.15,1414.0,1428.15,3
2026-08-21 10:05:00,BANKNIFTY29SEP2657100PE,57100.0,PE,29SEP2026,457.8,460.65,457.8,460.65,2
2026-08-21 10:05:00,BANKNIFTY29SEP2657300PE,57300.0,PE,29SEP2026,521.65,524.15,521.6,524.15,3
2026-08-21 10:05:00,BANKNIFTY29SEP2657400PE,57400.0,PE,29SEP2026,553.05,553.05,553.0,553.0,3
2026-08-21 10:05:00,BANKNIFTY29SEP2657500CE,57500.0,CE,29SEP2026,1145.25,1148.0,1144.25,1146.2,15
2026-08-21 10:05:00,BANKNIFTY29SEP2657500PE,57500.0,PE,29SEP2026,585.0,587.8,585.0,585.6,5
2026-08-21 10:06:00,BANKNIFTY29SEP2655800PE,55800.0,PE,29SEP2026,257.4,257.4,257.4,257.4,0
2026-08-21 10:06:00,BANKNIFTY29SEP2656000CE,56000.0,CE,29SEP2026,2266.9,2266.9,2266.9,2266.9,5
2026-08-21 10:06:00,BANKNIFTY29SEP2656000PE,56000.0,PE,29SEP2026,220.65,224.05,220.65,223.05,27
2026-08-21 10:06:00,BANKNIFTY29SEP2656500PE,56500.0,PE,29SEP2026,306.4,310.0,306.4,310.0,2
2026-08-21 10:06:00,BANKNIFTY29SEP2656600PE,56600.0,PE,29SEP2026,330.0,330.0,330.0,330.0,3
2026-08-21 10:06:00,BANKNIFTY29SEP2656800PE,56800.0,PE,29SEP2026,373.75,375.3,373.7,375.3,3
2026-08-21 10:06:00,BANKNIFTY29SEP2656900PE,56900.0,PE,29SEP2026,406.55,406.55,406.55,406.55,1
2026-08-21 10:06:00,BANKNIFTY29SEP2657000CE,57000.0,CE,29SEP2026,1487.0,1487.0,1477.0,1477.0,4
2026-08-21 10:06:00,BANKNIFTY29SEP2657000PE,57000.0,PE,29SEP2026,429.0,431.0,428.0,431.0,14
2026-08-21 10:06:00,BANKNIFTY29SEP2657100PE,57100.0,PE,29SEP2026,456.3,456.3,455.75,455.75,2
2026-08-21 10:06:00,BANKNIFTY29SEP2657200PE,57200.0,PE,29SEP2026,490.0,494.15,489.9,491.1,6
2026-08-21 10:06:00,BANKNIFTY29SEP2657300PE,57300.0,PE,29SEP2026,520.1,525.65,520.1,525.65,5
2026-08-21 10:06:00,BANKNIFTY29SEP2657400PE,57400.0,PE,29SEP2026,556.25,556.25,552.5,554.15,3
2026-08-21 10:06:00,BANKNIFTY29SEP2657500CE,57500.0,CE,29SEP2026,1149.0,1151.5,1143.0,1143.0,9
2026-08-21 10:06:00,BANKNIFTY29SEP2657500PE,57500.0,PE,29SEP2026,585.0,590.0,585.0,588.0,59
2026-08-21 10:07:00,BANKNIFTY29SEP2655500PE,55500.0,PE,29SEP2026,158.15,158.6,158.15,158.6,2
2026-08-21 10:07:00,BANKNIFTY29SEP2655800PE,55800.0,PE,29SEP2026,205.0,205.0,197.55,197.55,69
2026-08-21 10:07:00,BANKNIFTY29SEP2656000PE,56000.0,PE,29SEP2026,223.0,223.6,221.65,221.65,53
2026-08-21 10:07:00,BANKNIFTY29SEP2656500PE,56500.0,PE,29SEP2026,309.95,310.55,309.95,310.55,3
2026-08-21 10:07:00,BANKNIFTY29SEP2657000PE,57000.0,PE,29SEP2026,429.4,429.4,428.7,428.7,12
2026-08-21 10:07:00,BANKNIFTY29SEP2657200CE,57200.0,CE,29SEP2026,1337.05,1337.05,1337.05,1337.05,1
2026-08-21 10:07:00,BANKNIFTY29SEP2657200PE,57200.0,PE,29SEP2026,490.8,494.05,490.65,493.4,4
2026-08-21 10:07:00,BANKNIFTY29SEP2657300PE,57300.0,PE,29SEP2026,520.65,520.65,520.6,520.6,2
2026-08-21 10:07:00,BANKNIFTY29SEP2657400CE,57400.0,CE,29SEP2026,1221.7,1221.7,1221.7,1221.7,2
2026-08-21 10:07:00,BANKNIFTY29SEP2657400PE,57400.0,PE,29SEP2026,554.55,554.55,554.55,554.55,2
2026-08-21 10:07:00,BANKNIFTY29SEP2657500CE,57500.0,CE,29SEP2026,1147.2,1148.5,1147.0,1148.5,5
2026-08-21 10:07:00,BANKNIFTY29SEP2657500PE,57500.0,PE,29SEP2026,587.05,588.9,585.0,585.0,48
2026-08-21 10:08:00,BANKNIFTY29SEP2655500PE,55500.0,PE,29SEP2026,159.0,159.85,158.15,158.5,6
2026-08-21 10:08:00,BANKNIFTY29SEP2655800PE,55800.0,PE,29SEP2026,197.9,198.05,197.55,198.05,4
2026-08-21 10:08:00,BANKNIFTY29SEP2656000PE,56000.0,PE,29SEP2026,221.75,222.9,221.15,222.1,42
2026-08-21 10:08:00,BANKNIFTY29SEP2656200PE,56200.0,PE,29SEP2026,254.25,255.0,254.2,255.0,3
2026-08-21 10:08:00,BANKNIFTY29SEP2656600PE,56600.0,PE,29SEP2026,334.7,334.7,334.7,334.7,1
2026-08-21 10:08:00,BANKNIFTY29SEP2656800PE,56800.0,PE,29SEP2026,375.0,375.0,375.0,375.0,1
2026-08-21 10:08:00,BANKNIFTY29SEP2657000CE,57000.0,CE,29SEP2026,1485.25,1485.25,1485.25,1485.25,1
2026-08-21 10:08:00,BANKNIFTY29SEP2657000PE,57000.0,PE,29SEP2026,430.05,432.85,429.8,430.0,25
2026-08-21 10:08:00,BANKNIFTY29SEP2657100CE,57100.0,CE,29SEP2026,1410.0,1410.0,1410.0,1410.0,1
2026-08-21 10:08:00,BANKNIFTY29SEP2657300PE,57300.0,PE,29SEP2026,524.6,524.6,522.45,523.9,4
2026-08-21 10:08:00,BANKNIFTY29SEP2657400PE,57400.0,PE,29SEP2026,557.7,557.7,557.7,557.7,1
2026-08-21 10:08:00,BANKNIFTY29SEP2657500CE,57500.0,CE,29SEP2026,1147.55,1152.4,1140.05,1143.5,18
2026-08-21 10:08:00,BANKNIFTY29SEP2657500PE,57500.0,PE,29SEP2026,585.05,591.15,585.0,589.0,40
2026-08-21 10:09:00,BANKNIFTY29SEP2655500PE,55500.0,PE,29SEP2026,159.65,160.0,159.45,159.8,8
2026-08-21 10:09:00,BANKNIFTY29SEP2655800PE,55800.0,PE,29SEP2026,195.85,198.0,195.85,198.0,7
2026-08-21 10:09:00,BANKNIFTY29SEP2656000CE,56000.0,CE,29SEP2026,2246.6,2246.6,2246.6,2246.6,2
2026-08-21 10:09:00,BANKNIFTY29SEP2656000PE,56000.0,PE,29SEP2026,222.1,223.6,221.05,223.35,20
2026-08-21 10:09:00,BANKNIFTY29SEP2656200PE,56200.0,PE,29SEP2026,253.95,253.95,253.95,253.95,1
2026-08-21 10:09:00,BANKNIFTY29SEP2656500PE,56500.0,PE,29SEP2026,310.5,312.95,309.7,312.95,7
2026-08-21 10:09:00,BANKNIFTY29SEP2656900PE,56900.0,PE,29SEP2026,403.55,403.55,403.55,403.55,1
2026-08-21 10:09:00,BANKNIFTY29SEP2657000CE,57000.0,CE,29SEP2026,1481.0,1481.0,1476.0,1476.0,3
2026-08-21 10:09:00,BANKNIFTY29SEP2657000PE,57000.0,PE,29SEP2026,429.9,433.7,429.25,433.7,13
2026-08-21 10:09:00,BANKNIFTY29SEP2657100CE,57100.0,CE,29SEP2026,1403.3,1403.3,1403.3,1403.3,1
2026-08-21 10:09:00,BANKNIFTY29SEP2657100PE,57100.0,PE,29SEP2026,463.0,463.0,463.0,463.0,1
2026-08-21 10:09:00,BANKNIFTY29SEP2657200PE,57200.0,PE,29SEP2026,492.0,494.0,492.0,494.0,2
2026-08-21 10:09:00,BANKNIFTY29SEP2657300PE,57300.0,PE,29SEP2026,527.85,527.9,527.85,527.9,2
2026-08-21 10:09:00,BANKNIFTY29SEP2657400CE,57400.0,CE,29SEP2026,1209.3,1209.3,1207.55,1207.6,3
2026-08-21 10:09:00,BANKNIFTY29SEP2657400PE,57400.0,PE,29SEP2026,557.4,557.4,557.4,557.4,1
2026-08-21 10:09:00,BANKNIFTY29SEP2657500CE,57500.0,CE,29SEP2026,1142.0,1147.1,1140.0,1140.0,12
2026-08-21 10:09:00,BANKNIFTY29SEP2657500PE,57500.0,PE,29SEP2026,588.5,593.65,585.7,593.45,26
2026-08-21 10:10:00,BANKNIFTY29SEP2655500PE,55500.0,PE,29SEP2026,161.2,161.25,159.25,159.25,17
2026-08-21 10:10:00,BANKNIFTY29SEP2655800PE,55800.0,PE,29SEP2026,195.55,195.55,195.5,195.5,2
2026-08-21 10:10:00,BANKNIFTY29SEP2655900PE,55900.0,PE,29SEP2026,208.55,208.55,208.55,208.55,1
2026-08-21 10:10:00,BANKNIFTY29SEP2656000CE,56000.0,CE,29SEP2026,2269.05,2269.05,2245.3,2245.3,2
2026-08-21 10:10:00,BANKNIFTY29SEP2656000PE,56000.0,PE,29SEP2026,224.05,224.05,222.0,222.05,19
2026-08-21 10:10:00,BANKNIFTY29SEP2656500CE,56500.0,CE,29SEP2026,1852.1,1852.1,1852.1,1852.1,2
2026-08-21 10:10:00,BANKNIFTY29SEP2656500PE,56500.0,PE,29SEP2026,310.0,310.0,309.1,310.0,3
2026-08-21 10:10:00,BANKNIFTY29SEP2656900PE,56900.0,PE,29SEP2026,409.6,409.6,409.6,409.6,1
2026-08-21 10:10:00,BANKNIFTY29SEP2657000CE,57000.0,CE,29SEP2026,1487.9,1490.0,1480.55,1490.0,15
2026-08-21 10:10:00,BANKNIFTY29SEP2657000PE,57000.0,PE,29SEP2026,429.55,431.7,429.35,430.0,24
2026-08-21 10:10:00,BANKNIFTY29SEP2657100PE,57100.0,PE,29SEP2026,462.4,462.4,462.4,462.4,1
2026-08-21 10:10:00,BANKNIFTY29SEP2657200PE,57200.0,PE,29SEP2026,493.5,494.25,493.5,494.25,7
2026-08-21 10:10:00,BANKNIFTY29SEP2657300PE,57300.0,PE,29SEP2026,525.0,525.7,523.0,525.7,4
2026-08-21 10:10:00,BANKNIFTY29SEP2657400CE,57400.0,CE,29SEP2026,1212.9,1219.35,1212.9,1219.35,3
2026-08-21 10:10:00,BANKNIFTY29SEP2657400PE,57400.0,PE,29SEP2026,557.4,559.0,554.05,554.05,10
2026-08-21 10:10:00,BANKNIFTY29SEP2657500CE,57500.0,CE,29SEP2026,1147.45,1152.0,1145.05,1150.65,4
2026-08-21 10:10:00,BANKNIFTY29SEP2657500PE,57500.0,PE,29SEP2026,592.55,592.55,585.7,586.4,31
2026-08-21 10:11:00,BANKNIFTY29SEP2655500PE,55500.0,PE,29SEP2026,158.5,159.15,158.4,158.65,47
2026-08-21 10:11:00,BANKNIFTY29SEP2655800PE,55800.0,PE,29SEP2026,197.55,197.55,197.55,197.55,1
2026-08-21 10:11:00,BANKNIFTY29SEP2656000PE,56000.0,PE,29SEP2026,222.05,222.45,220.5,220.5,37
2026-08-21 10:11:00,BANKNIFTY29SEP2656300PE,56300.0,PE,29SEP2026,270.25,270.25,270.25,270.25,1
2026-08-21 10:11:00,BANKNIFTY29SEP2656500PE,56500.0,PE,29SEP2026,309.05,309.05,306.0,306.0,10
2026-08-21 10:11:00,BANKNIFTY29SEP2657000CE,57000.0,CE,29SEP2026,1497.0,1500.0,1497.0,1500.0,6
2026-08-21 10:11:00,BANKNIFTY29SEP2657000PE,57000.0,PE,29SEP2026,430.0,430.55,425.1,425.15,17
2026-08-21 10:11:00,BANKNIFTY29SEP2657200CE,57200.0,CE,29SEP2026,1355.95,1355.95,1355.95,1355.95,1
2026-08-21 10:11:00,BANKNIFTY29SEP2657500CE,57500.0,CE,29SEP2026,1147.8,1160.0,1147.8,1156.15,10
2026-08-21 10:11:00,BANKNIFTY29SEP2657500PE,57500.0,PE,29SEP2026,588.85,588.85,581.55,581.55,7
2026-08-21 10:12:00,BANKNIFTY29SEP2655500PE,55500.0,PE,29SEP2026,159.15,159.15,159.15,159.15,1
2026-08-21 10:12:00,BANKNIFTY29SEP2655800PE,55800.0,PE,29SEP2026,196.3,196.3,196.3,196.3,1
2026-08-21 10:12:00,BANKNIFTY29SEP2656000PE,56000.0,PE,29SEP2026,220.1,222.0,220.1,221.5,9
2026-08-21 10:12:00,BANKNIFTY29SEP2656500PE,56500.0,PE,29SEP2026,307.0,309.3,306.0,309.3,13
2026-08-21 10:12:00,BANKNIFTY29SEP2656700PE,56700.0,PE,29SEP2026,348.35,348.35,348.35,348.35,1
2026-08-21 10:12:00,BANKNIFTY29SEP2657000CE,57000.0,CE,29SEP2026,1500.0,1501.0,1494.0,1494.0,9
2026-08-21 10:12:00,BANKNIFTY29SEP2657000PE,57000.0,PE,29SEP2026,425.75,429.85,425.65,428.25,10
2026-08-21 10:12:00,BANKNIFTY29SEP2657200PE,57200.0,PE,29SEP2026,487.9,488.2,487.45,488.2,6
2026-08-21 10:12:00,BANKNIFTY29SEP2657400CE,57400.0,CE,29SEP2026,1222.0,1222.0,1220.0,1220.0,3
2026-08-21 10:12:00,BANKNIFTY29SEP2657400PE,57400.0,PE,29SEP2026,551.05,553.0,551.05,553.0,2
2026-08-21 10:12:00,BANKNIFTY29SEP2657500CE,57500.0,CE,29SEP2026,1161.55,1161.55,1154.0,1157.35,11
2026-08-21 10:12:00,BANKNIFTY29SEP2657500PE,57500.0,PE,29SEP2026,583.05,586.35,582.75,586.35,12
2026-08-21 10:13:00,BANKNIFTY29SEP2655500PE,55500.0,PE,29SEP2026,159.0,159.0,158.9,158.9,2
2026-08-21 10:13:00,BANKNIFTY29SEP2656000CE,56000.0,CE,29SEP2026,2273.9,2279.0,2273.9,2279.0,10
2026-08-21 10:13:00,BANKNIFTY29SEP2656000PE,56000.0,PE,29SEP2026,221.6,222.5,220.0,220.0,13
2026-08-21 10:13:00,BANKNIFTY29SEP2656200PE,56200.0,PE,29SEP2026,252.6,252.6,252.6,252.6,1
2026-08-21 10:13:00,BANKNIFTY29SEP2656500PE,56500.0,PE,29SEP2026,308.95,308.95,307.55,308.9,4
2026-08-21 10:13:00,BANKNIFTY29SEP2656900PE,56900.0,PE,29SEP2026,401.0,401.0,401.0,401.0,1
2026-08-21 10:13:00,BANKNIFTY29SEP2657000CE,57000.0,CE,29SEP2026,1500.0,1500.0,1500.0,1500.0,5
2026-08-21 10:13:00,BANKNIFTY29SEP2657000PE,57000.0,PE,29SEP2026,430.1,430.1,425.0,425.0,4
2026-08-21 10:13:00,BANKNIFTY29SEP2657200CE,57200.0,CE,29SEP2026,1360.0,1360.0,1360.0,1360.0,1
2026-08-21 10:13:00,BANKNIFTY29SEP2657200PE,57200.0,PE,29SEP2026,488.6,489.4,488.6,489.4,5
2026-08-21 10:13:00,BANKNIFTY29SEP2657400PE,57400.0,PE,29SEP2026,550.35,550.35,549.15,549.15,2
2026-08-21 10:13:00,BANKNIFTY29SEP2657500CE,57500.0,CE,29SEP2026,1157.35,1163.15,1151.35,1163.15,7
2026-08-21 10:13:00,BANKNIFTY29SEP2657500PE,57500.0,PE,29SEP2026,586.0,586.0,585.0,585.0,2
2026-08-21 10:14:00,BANKNIFTY29SEP2655500PE,55500.0,PE,29SEP2026,160.0,160.05,160.0,160.0,5
2026-08-21 10:14:00,BANKNIFTY29SEP2656500PE,56500.0,PE,29SEP2026,309.55,309.55,307.05,307.05,76
2026-08-21 10:14:00,BANKNIFTY29SEP2657000CE,57000.0,CE,29SEP2026,1494.2,1494.2,1490.2,1490.2,6
2026-08-21 10:14:00,BANKNIFTY29SEP2657000PE,57000.0,PE,29SEP2026,427.7,429.55,426.7,429.55,5
2026-08-21 10:14:00,BANKNIFTY29SEP2657200PE,57200.0,PE,29SEP2026,489.4,491.2,488.1,491.2,4
2026-08-21 10:14:00,BANKNIFTY29SEP2657300CE,57300.0,CE,29SEP2026,1285.0,1285.0,1285.0,1285.0,1
2026-08-21 10:14:00,BANKNIFTY29SEP2657300PE,57300.0,PE,29SEP2026,523.0,523.0,523.0,523.0,11
2026-08-21 10:14:00,BANKNIFTY29SEP2657400PE,57400.0,PE,29SEP2026,553.4,553.4,551.6,551.6,2
2026-08-21 10:14:00,BANKNIFTY29SEP2657500CE,57500.0,CE,29SEP2026,1153.3,1156.6,1153.3,1156.6,5
2026-08-21 10:14:00,BANKNIFTY29SEP2657500PE,57500.0,PE,29SEP2026,585.5,587.0,585.0,585.4,4
2026-08-21 10:15:00,BANKNIFTY29SEP2655500PE,55500.0,PE,29SEP2026,159.95,159.95,159.95,159.95,1
2026-08-21 10:15:00,BANKNIFTY29SEP2655800PE,55800.0,PE,29SEP2026,196.7,197.65,196.7,197.65,3
2026-08-21 10:15:00,BANKNIFTY29SEP2656000PE,56000.0,PE,29SEP2026,222.05,222.05,221.4,221.4,6
2026-08-21 10:15:00,BANKNIFTY29SEP2656500PE,56500.0,PE,29SEP2026,307.1,308.5,306.65,308.4,36
2026-08-21 10:15:00,BANKNIFTY29SEP2657000CE,57000.0,CE,29SEP2026,1494.4,1496.0,1494.1,1496.0,6
2026-08-21 10:15:00,BANKNIFTY29SEP2657200PE,57200.0,PE,29SEP2026,492.4,492.4,492.4,492.4,1
2026-08-21 10:15:00,BANKNIFTY29SEP2657300PE,57300.0,PE,29SEP2026,520.05,520.05,520.05,520.05,2
2026-08-21 10:15:00,BANKNIFTY29SEP2657500CE,57500.0,CE,29SEP2026,1157.95,1158.55,1152.1,1155.0,21
2026-08-21 10:15:00,BANKNIFTY29SEP2657500PE,57500.0,PE,29SEP2026,587.05,587.55,584.55,584.55,4
2026-08-21 10:16:00,BANKNIFTY29SEP2655500PE,55500.0,PE,29SEP2026,159.65,159.65,159.15,159.15,4
2026-08-21 10:16:00,BANKNIFTY29SEP2655800PE,55800.0,PE,29SEP2026,193.0,193.0,193.0,193.0,1
2026-08-21 10:16:00,BANKNIFTY29SEP2656000CE,56000.0,CE,29SEP2026,2274.9,2274.9,2274.9,2274.9,5
2026-08-21 10:16:00,BANKNIFTY29SEP2656000PE,56000.0,PE,29SEP2026,221.6,221.6,218.25,218.25,20
2026-08-21 10:16:00,BANKNIFTY29SEP2656500PE,56500.0,PE,29SEP2026,308.6,308.8,304.1,304.2,74
2026-08-21 10:16:00,BANKNIFTY29SEP2656600PE,56600.0,PE,29SEP2026,333.0,333.0,333.0,333.0,1
2026-08-21 10:16:00,BANKNIFTY29SEP2657000CE,57000.0,CE,29SEP2026,1501.4,1501.65,1501.4,1501.65,2
2026-08-21 10:16:00,BANKNIFTY29SEP2657000PE,57000.0,PE,29SEP2026,426.7,426.7,425.0,425.0,9
2026-08-21 10:16:00,BANKNIFTY29SEP2657200PE,57200.0,PE,29SEP2026,488.0,488.0,488.0,488.0,1
2026-08-21 10:16:00,BANKNIFTY29SEP2657400CE,57400.0,CE,29SEP2026,1233.5,1237.35,1230.0,1230.0,6
2026-08-21 10:16:00,BANKNIFTY29SEP2657400PE,57400.0,PE,29SEP2026,550.9,550.9,550.9,550.9,2
2026-08-21 10:16:00,BANKNIFTY29SEP2657500CE,57500.0,CE,29SEP2026,1160.0,1161.8,1160.0,1161.8,5
2026-08-21 10:16:00,BANKNIFTY29SEP2657500PE,57500.0,PE,29SEP2026,586.65,586.65,582.0,583.0,5
2026-08-21 10:17:00,BANKNIFTY29SEP2655500PE,55500.0,PE,29SEP2026,157.5,157.5,155.2,155.2,60
2026-08-21 10:17:00,BANKNIFTY29SEP2656000CE,56000.0,CE,29SEP2026,2279.7,2279.7,2279.7,2279.7,11
2026-08-21 10:17:00,BANKNIFTY29SEP2656000PE,56000.0,PE,29SEP2026,218.4,219.0,218.2,219.0,12
2026-08-21 10:17:00,BANKNIFTY29SEP2656200PE,56200.0,PE,29SEP2026,249.95,249.95,249.75,249.75,2
2026-08-21 10:17:00,BANKNIFTY29SEP2656300PE,56300.0,PE,29SEP2026,266.85,266.85,266.75,266.75,4
2026-08-21 10:17:00,BANKNIFTY29SEP2656500PE,56500.0,PE,29SEP2026,304.1,308.5,303.45,304.65,88
2026-08-21 10:17:00,BANKNIFTY29SEP2657000CE,57000.0,CE,29SEP2026,1501.4,1501.4,1501.0,1501.0,4
2026-08-21 10:17:00,BANKNIFTY29SEP2657000PE,57000.0,PE,29SEP2026,425.0,425.0,423.0,423.0,7
2026-08-21 10:17:00,BANKNIFTY29SEP2657200PE,57200.0,PE,29SEP2026,483.95,483.95,483.95,483.95,4
2026-08-21 10:17:00,BANKNIFTY29SEP2657300CE,57300.0,CE,29SEP2026,1300.0,1300.0,1300.0,1300.0,1
2026-08-21 10:17:00,BANKNIFTY29SEP2657400CE,57400.0,CE,29SEP2026,1230.15,1230.15,1230.0,1230.0,3
2026-08-21 10:17:00,BANKNIFTY29SEP2657400PE,57400.0,PE,29SEP2026,548.4,548.4,546.0,546.0,3
2026-08-21 10:17:00,BANKNIFTY29SEP2657500CE,57500.0,CE,29SEP2026,1159.8,1167.0,1159.8,1167.0,9
2026-08-21 10:17:00,BANKNIFTY29SEP2657500PE,57500.0,PE,29SEP2026,580.0,581.95,578.0,579.7,40
2026-08-21 10:18:00,BANKNIFTY29SEP2655500PE,55500.0,PE,29SEP2026,156.95,157.15,156.95,157.15,10
2026-08-21 10:18:00,BANKNIFTY29SEP2655800PE,55800.0,PE,29SEP2026,193.0,193.0,193.0,193.0,3
2026-08-21 10:18:00,BANKNIFTY29SEP2656000PE,56000.0,PE,29SEP2026,219.2,219.2,218.5,218.5,2
2026-08-21 10:18:00,BANKNIFTY29SEP2656500CE,56500.0,CE,29SEP2026,1880.0,1880.0,1880.0,1880.0,2
2026-08-21 10:18:00,BANKNIFTY29SEP2656500PE,56500.0,PE,29SEP2026,304.9,304.9,304.9,304.9,1
2026-08-21 10:18:00,BANKNIFTY29SEP2656600PE,56600.0,PE,29SEP2026,325.05,325.05,325.05,325.05,1
2026-08-21 10:18:00,BANKNIFTY29SEP2657000CE,57000.0,CE,29SEP2026,1498.35,1498.35,1498.35,1498.35,2
2026-08-21 10:18:00,BANKNIFTY29SEP2657000PE,57000.0,PE,29SEP2026,422.3,425.45,422.3,425.45,9
2026-08-21 10:18:00,BANKNIFTY29SEP2657100PE,57100.0,PE,29SEP2026,451.8,451.8,451.8,451.8,1
2026-08-21 10:18:00,BANKNIFTY29SEP2657200CE,57200.0,CE,29SEP2026,1360.0,1360.0,1360.0,1360.0,1
2026-08-21 10:18:00,BANKNIFTY29SEP2657200PE,57200.0,PE,29SEP2026,484.45,484.45,484.1,484.1,5
2026-08-21 10:18:00,BANKNIFTY29SEP2657300PE,57300.0,PE,29SEP2026,515.1,518.05,515.1,518.05,2
2026-08-21 10:18:00,BANKNIFTY29SEP2657400PE,57400.0,PE,29SEP2026,550.55,550.55,547.8,547.8,2
2026-08-21 10:18:00,BANKNIFTY29SEP2657500CE,57500.0,CE,29SEP2026,1159.8,1162.9,1159.8,1162.9,2
2026-08-21 10:18:00,BANKNIFTY29SEP2657500PE,57500.0,PE,29SEP2026,582.25,582.25,579.55,579.55,25
2026-08-21 10:19:00,BANKNIFTY29SEP2655500PE,55500.0,PE,29SEP2026,157.3,157.45,157.3,157.45,5
2026-08-21 10:19:00,BANKNIFTY29SEP2655800PE,55800.0,PE,29SEP2026,194.5,194.95,194.5,194.95,2
2026-08-21 10:19:00,BANKNIFTY29SEP2656000PE,56000.0,PE,29SEP2026,218.4,221.45,218.4,220.0,10
2026-08-21 10:19:00,BANKNIFTY29SEP2656500PE,56500.0,PE,29SEP2026,306.75,308.0,306.75,308.0,6
2026-08-21 10:19:00,BANKNIFTY29SEP2657000CE,57000.0,CE,29SEP2026,1496.2,1496.9,1488.65,1488.8,17
2026-08-21 10:19:00,BANKNIFTY29SEP2657000PE,57000.0,PE,29SEP2026,425.1,428.5,423.85,428.5,39
2026-08-21 10:19:00,BANKNIFTY29SEP2657100PE,57100.0,PE,29SEP2026,453.55,453.55,453.55,453.55,1
2026-08-21 10:19:00,BANKNIFTY29SEP2657300CE,57300.0,CE,29SEP2026,1290.5,1290.5,1290.5,1290.5,1
2026-08-21 10:19:00,BANKNIFTY29SEP2657500CE,57500.0,CE,29SEP2026,1158.05,1158.6,1152.0,1152.0,35
2026-08-21 10:19:00,BANKNIFTY29SEP2657500PE,57500.0,PE,29SEP2026,580.0,585.0,579.2,583.05,19
2026-08-21 10:20:00,BANKNIFTY29SEP2655500PE,55500.0,PE,29SEP2026,157.45,158.7,157.45,158.7,2
2026-08-21 10:20:00,BANKNIFTY29SEP2656000PE,56000.0,PE,29SEP2026,220.5,220.55,220.05,220.55,18
2026-08-21 10:20:00,BANKNIFTY29SEP2656500PE,56500.0,PE,29SEP2026,305.6,305.6,304.55,304.55,7
2026-08-21 10:20:00,BANKNIFTY29SEP2656600PE,56600.0,PE,29SEP2026,332.65,332.65,332.65,332.65,1
2026-08-21 10:20:00,BANKNIFTY29SEP2657000CE,57000.0,CE,29SEP2026,1488.95,1488.95,1488.9,1488.9,3
2026-08-21 10:20:00,BANKNIFTY29SEP2657000PE,57000.0,PE,29SEP2026,428.15,428.75,427.75,427.75,6
2026-08-21 10:20:00,BANKNIFTY29SEP2657500CE,57500.0,CE,29SEP2026,1153.85,1153.85,1150.15,1150.15,2
2026-08-21 10:20:00,BANKNIFTY29SEP2657500PE,57500.0,PE,29SEP2026,583.35,584.0,583.35,584.0,7
2026-08-21 10:21:00,BANKNIFTY29SEP2656000PE,56000.0,PE,29SEP2026,221.4,222.55,221.35,222.55,6
2026-08-21 10:21:00,BANKNIFTY29SEP2656500CE,56500.0,CE,29SEP2026,1860.0,1860.0,1860.0,1860.0,1
2026-08-21 10:21:00,BANKNIFTY29SEP2656500PE,56500.0,PE,29SEP2026,307.8,310.0,307.8,310.0,7
2026-08-21 10:21:00,BANKNIFTY29SEP2656800PE,56800.0,PE,29SEP2026,379.05,379.05,379.05,379.05,1
2026-08-21 10:21:00,BANKNIFTY29SEP2656900PE,56900.0,PE,29SEP2026,402.7,402.7,402.7,402.7,1
2026-08-21 10:21:00,BANKNIFTY29SEP2657000CE,57000.0,CE,29SEP2026,1483.1,1486.3,1481.4,1481.8,20
2026-08-21 10:21:00,BANKNIFTY29SEP2657000PE,57000.0,PE,29SEP2026,429.2,431.85,427.65,428.7,34
2026-08-21 10:21:00,BANKNIFTY29SEP2657500CE,57500.0,CE,29SEP2026,1154.4,1154.4,1154.4,1154.4,1
2026-08-21 10:21:00,BANKNIFTY29SEP2657500PE,57500.0,PE,29SEP2026,586.3,588.0,586.05,587.0,22
2026-08-21 10:22:00,BANKNIFTY29SEP2655500CE,55500.0,CE,29SEP2026,2700.0,2700.0,2700.0,2700.0,1
2026-08-21 10:22:00,BANKNIFTY29SEP2655500PE,55500.0,PE,29SEP2026,159.85,159.85,157.8,157.8,8
2026-08-21 10:22:00,BANKNIFTY29SEP2656000PE,56000.0,PE,29SEP2026,221.4,221.4,219.3,219.3,31
2026-08-21 10:22:00,BANKNIFTY29SEP2656200PE,56200.0,PE,29SEP2026,255.6,257.5,255.6,257.5,5
2026-08-21 10:22:00,BANKNIFTY29SEP2656500CE,56500.0,CE,29SEP2026,1860.0,1860.0,1860.0,1860.0,2
2026-08-21 10:22:00,BANKNIFTY29SEP2656500PE,56500.0,PE,29SEP2026,308.0,308.0,308.0,308.0,1
2026-08-21 10:22:00,BANKNIFTY29SEP2656700PE,56700.0,PE,29SEP2026,347.05,347.05,346.2,346.2,5
2026-08-21 10:22:00,BANKNIFTY29SEP2657000CE,57000.0,CE,29SEP2026,1480.8,1492.0,1478.2,1491.4,11
2026-08-21 10:22:00,BANKNIFTY29SEP2657000PE,57000.0,PE,29SEP2026,428.2,430.35,424.65,427.15,8
2026-08-21 10:22:00,BANKNIFTY29SEP2657300PE,57300.0,PE,29SEP2026,521.35,521.35,521.35,521.35,1
2026-08-21 10:22:00,BANKNIFTY29SEP2657500CE,57500.0,CE,29SEP2026,1150.85,1156.3,1150.85,1156.3,7
2026-08-21 10:22:00,BANKNIFTY29SEP2657500PE,57500.0,PE,29SEP2026,587.0,587.0,583.0,583.0,15
2026-08-21 10:23:00,BANKNIFTY29SEP2655500PE,55500.0,PE,29SEP2026,156.3,157.65,156.25,157.65,6
2026-08-21 10:23:00,BANKNIFTY29SEP2656000PE,56000.0,PE,29SEP2026,218.95,219.25,217.35,219.05,14
2026-08-21 10:23:00,BANKNIFTY29SEP2656200PE,56200.0,PE,29SEP2026,249.8,254.55,249.8,254.55,2
2026-08-21 10:23:00,BANKNIFTY29SEP2656300PE,56300.0,PE,29SEP2026,271.2,271.4,271.2,271.4,5
2026-08-21 10:23:00,BANKNIFTY29SEP2656500CE,56500.0,CE,29SEP2026,1860.65,1860.65,1860.65,1860.65,1
2026-08-21 10:23:00,BANKNIFTY29SEP2656500PE,56500.0,PE,29SEP2026,305.7,305.9,305.7,305.9,2
2026-08-21 10:23:00,BANKNIFTY29SEP2656700PE,56700.0,PE,29SEP2026,351.1,351.1,350.1,350.1,4
2026-08-21 10:23:00,BANKNIFTY29SEP2657000CE,57000.0,CE,29SEP2026,1492.5,1495.3,1489.5,1491.25,8
2026-08-21 10:23:00,BANKNIFTY29SEP2657000PE,57000.0,PE,29SEP2026,426.15,427.0,423.45,424.85,18
2026-08-21 10:23:00,BANKNIFTY29SEP2657100PE,57100.0,PE,29SEP2026,454.0,454.0,454.0,454.0,1
2026-08-21 10:23:00,BANKNIFTY29SEP2657300PE,57300.0,PE,29SEP2026,515.9,517.6,515.9,517.6,2
2026-08-21 10:23:00,BANKNIFTY29SEP2657500CE,57500.0,CE,29SEP2026,1156.3,1161.65,1152.75,1161.65,4
2026-08-21 10:23:00,BANKNIFTY29SEP2657500PE,57500.0,PE,29SEP2026,580.45,581.4,580.0,581.4,3
2026-08-21 10:24:00,BANKNIFTY29SEP2655500PE,55500.0,PE,29SEP2026,155.9,156.15,155.9,156.15,3
2026-08-21 10:24:00,BANKNIFTY29SEP2656000CE,56000.0,CE,29SEP2026,2279.0,2279.0,2279.0,2279.0,1
2026-08-21 10:24:00,BANKNIFTY29SEP2656000PE,56000.0,PE,29SEP2026,218.9,219.55,218.3,218.85,5
2026-08-21 10:24:00,BANKNIFTY29SEP2656500PE,56500.0,PE,29SEP2026,303.8,303.8,302.6,302.6,10
2026-08-21 10:24:00,BANKNIFTY29SEP2656700PE,56700.0,PE,29SEP2026,349.9,349.9,349.9,349.9,1
2026-08-21 10:24:00,BANKNIFTY29SEP2657000CE,57000.0,CE,29SEP2026,1500.0,1501.0,1500.0,1501.0,6
2026-08-21 10:24:00,BANKNIFTY29SEP2657000PE,57000.0,PE,29SEP2026,423.0,424.45,423.0,423.0,5
2026-08-21 10:24:00,BANKNIFTY29SEP2657100PE,57100.0,PE,29SEP2026,453.55,453.55,453.55,453.55,4
2026-08-21 10:24:00,BANKNIFTY29SEP2657200PE,57200.0,PE,29SEP2026,483.1,483.1,483.1,483.1,2
2026-08-21 10:24:00,BANKNIFTY29SEP2657400CE,57400.0,CE,29SEP2026,1229.95,1229.95,1229.95,1229.95,1
2026-08-21 10:24:00,BANKNIFTY29SEP2657400PE,57400.0,PE,29SEP2026,546.55,546.55,546.55,546.55,1
2026-08-21 10:24:00,BANKNIFTY29SEP2657500CE,57500.0,CE,29SEP2026,1161.0,1163.0,1155.65,1160.15,28
2026-08-21 10:24:00,BANKNIFTY29SEP2657500PE,57500.0,PE,29SEP2026,580.0,581.0,579.35,579.35,49
2026-08-21 10:25:00,BANKNIFTY29SEP2655900PE,55900.0,PE,29SEP2026,204.6,204.6,204.6,204.6,4
2026-08-21 10:25:00,BANKNIFTY29SEP2656000CE,56000.0,CE,29SEP2026,2287.3,2287.3,2287.3,2287.3,1
2026-08-21 10:25:00,BANKNIFTY29SEP2656000PE,56000.0,PE,29SEP2026,219.8,219.95,218.75,218.8,8
2026-08-21 10:25:00,BANKNIFTY29SEP2656300PE,56300.0,PE,29SEP2026,268.45,268.45,268.45,268.45,2
2026-08-21 10:25:00,BANKNIFTY29SEP2656500CE,56500.0,CE,29SEP2026,1879.75,1879.85,1879.75,1879.85,2
2026-08-21 10:25:00,BANKNIFTY29SEP2656500PE,56500.0,PE,29SEP2026,304.7,304.95,304.7,304.95,4
2026-08-21 10:25:00,BANKNIFTY29SEP2656800PE,56800.0,PE,29SEP2026,370.8,370.8,370.8,370.8,1
2026-08-21 10:25:00,BANKNIFTY29SEP2657000CE,57000.0,CE,29SEP2026,1494.6,1494.6,1494.4,1494.4,5
2026-08-21 10:25:00,BANKNIFTY29SEP2657000PE,57000.0,PE,29SEP2026,424.25,424.25,424.25,424.25,1
2026-08-21 10:25:00,BANKNIFTY29SEP2657500CE,57500.0,CE,29SEP2026,1156.45,1157.1,1156.45,1157.1,2
2026-08-21 10:25:00,BANKNIFTY29SEP2657500PE,57500.0,PE,29SEP2026,579.4,579.4,579.4,579.4,1
2026-08-21 10:26:00,BANKNIFTY29SEP2655500PE,55500.0,PE,29SEP2026,156.95,157.0,156.15,156.15,3
2026-08-21 10:26:00,BANKNIFTY29SEP2656000PE,56000.0,PE,29SEP2026,218.7,218.7,218.4,218.4,5
2026-08-21 10:26:00,BANKNIFTY29SEP2656200PE,56200.0,PE,29SEP2026,249.95,249.95,249.95,249.95,1
2026-08-21 10:26:00,BANKNIFTY29SEP2656500PE,56500.0,PE,29SEP2026,304.0,304.45,301.7,301.7,14
2026-08-21 10:26:00,BANKNIFTY29SEP2656600PE,56600.0,PE,29SEP2026,325.0,325.0,325.0,325.0,3
2026-08-21 10:26:00,BANKNIFTY29SEP2656900PE,56900.0,PE,29SEP2026,398.0,398.0,397.8,397.8,5
2026-08-21 10:26:00,BANKNIFTY29SEP2657000CE,57000.0,CE,29SEP2026,1503.9,1504.0,1503.9,1504.0,4
2026-08-21 10:26:00,BANKNIFTY29SEP2657000PE,57000.0,PE,29SEP2026,423.0,423.0,421.05,421.1,23
2026-08-21 10:26:00,BANKNIFTY29SEP2657200PE,57200.0,PE,29SEP2026,480.65,483.5,480.65,483.5,2
2026-08-21 10:26:00,BANKNIFTY29SEP2657300PE,57300.0,PE,29SEP2026,515.0,515.0,511.9,512.9,5
2026-08-21 10:26:00,BANKNIFTY29SEP2657400CE,57400.0,CE,29SEP2026,1230.0,1230.0,1230.0,1230.0,2
2026-08-21 10:26:00,BANKNIFTY29SEP2657400PE,57400.0,PE,29SEP2026,545.0,545.0,545.0,545.0,1
2026-08-21 10:26:00,BANKNIFTY29SEP2657500CE,57500.0,CE,29SEP2026,1160.15,1162.0,1160.15,1162.0,9
2026-08-21 10:26:00,BANKNIFTY29SEP2657500PE,57500.0,PE,29SEP2026,579.35,579.35,575.05,577.75,30
2026-08-21 10:27:00,BANKNIFTY29SEP2655500PE,55500.0,PE,29SEP2026,156.1,156.15,155.7,155.7,14
2026-08-21 10:27:00,BANKNIFTY29SEP2656000PE,56000.0,PE,29SEP2026,217.2,217.9,217.1,217.85,52
2026-08-21 10:27:00,BANKNIFTY29SEP2656500CE,56500.0,CE,29SEP2026,1868.8,1868.8,1868.75,1868.75,2
2026-08-21 10:27:00,BANKNIFTY29SEP2656500PE,56500.0,PE,29SEP2026,304.95,304.95,304.95,304.95,1
2026-08-21 10:27:00,BANKNIFTY29SEP2656800PE,56800.0,PE,29SEP2026,370.8,370.8,370.8,370.8,1
2026-08-21 10:27:00,BANKNIFTY29SEP2657000CE,57000.0,CE,29SEP2026,1500.1,1500.1,1500.1,1500.1,1
2026-08-21 10:27:00,BANKNIFTY29SEP2657000PE,57000.0,PE,29SEP2026,422.0,423.0,421.8,423.0,4
2026-08-21 10:27:00,BANKNIFTY29SEP2657200PE,57200.0,PE,29SEP2026,484.55,484.55,484.55,484.55,1
2026-08-21 10:27:00,BANKNIFTY29SEP2657400CE,57400.0,CE,29SEP2026,1230.4,1230.4,1230.4,1230.4,1
2026-08-21 10:27:00,BANKNIFTY29SEP2657500CE,57500.0,CE,29SEP2026,1164.75,1164.75,1160.15,1160.15,3
2026-08-21 10:27:00,BANKNIFTY29SEP2657500PE,57500.0,PE,29SEP2026,577.95,578.0,577.95,578.0,2
2026-08-21 10:28:00,BANKNIFTY29SEP2655500PE,55500.0,PE,29SEP2026,157.05,157.05,155.45,155.45,6
2026-08-21 10:28:00,BANKNIFTY29SEP2656000CE,56000.0,CE,29SEP2026,2287.3,2289.7,2287.3,2289.7,3
2026-08-21 10:28:00,BANKNIFTY29SEP2656000PE,56000.0,PE,29SEP2026,217.85,218.15,216.0,217.0,57
2026-08-21 10:28:00,BANKNIFTY29SEP2656200PE,56200.0,PE,29SEP2026,252.1,254.95,252.1,254.95,7
2026-08-21 10:28:00,BANKNIFTY29SEP2656500CE,56500.0,CE,29SEP2026,1879.85,1882.85,1879.85,1882.85,4
2026-08-21 10:28:00,BANKNIFTY29SEP2656500PE,56500.0,PE,29SEP2026,302.2,302.2,302.2,302.2,1
2026-08-21 10:28:00,BANKNIFTY29SEP2656600PE,56600.0,PE,29SEP2026,325.0,325.0,325.0,325.0,2
2026-08-21 10:28:00,BANKNIFTY29SEP2657000CE,57000.0,CE,29SEP2026,1506.95,1511.45,1506.95,1511.45,26
2026-08-21 10:28:00,BANKNIFTY29SEP2657000PE,57000.0,PE,29SEP2026,421.05,421.05,420.0,420.0,20
2026-08-21 10:28:00,BANKNIFTY29SEP2657200PE,57200.0,PE,29SEP2026,480.95,480.95,480.9,480.9,2
2026-08-21 10:28:00,BANKNIFTY29SEP2657400CE,57400.0,CE,29SEP2026,1235.0,1235.0,1235.0,1235.0,1
2026-08-21 10:28:00,BANKNIFTY29SEP2657400PE,57400.0,PE,29SEP2026,543.05,543.05,542.5,542.5,7
2026-08-21 10:28:00,BANKNIFTY29SEP2657500CE,57500.0,CE,29SEP2026,1163.85,1166.0,1163.35,1164.15,13
2026-08-21 10:28:00,BANKNIFTY29SEP2657500PE,57500.0,PE,29SEP2026,577.9,577.9,576.0,576.0,8
2026-08-21 10:29:00,BANKNIFTY29SEP2656000PE,56000.0,PE,29SEP2026,216.95,216.95,215.0,215.0,27
2026-08-21 10:29:00,BANKNIFTY29SEP2656200PE,56200.0,PE,29SEP2026,246.95,246.95,246.95,246.95,1
2026-08-21 10:29:00,BANKNIFTY29SEP2656500CE,56500.0,CE,29SEP2026,1884.95,1885.0,1884.95,1885.0,3
2026-08-21 10:29:00,BANKNIFTY29SEP2656500PE,56500.0,PE,29SEP2026,300.4,300.4,300.05,300.05,7
2026-08-21 10:29:00,BANKNIFTY29SEP2656600PE,56600.0,PE,29SEP2026,321.9,321.9,321.9,321.9,1
2026-08-21 10:29:00,BANKNIFTY29SEP2657000CE,57000.0,CE,29SEP2026,1511.45,1511.45,1505.15,1505.15,3
2026-08-21 10:29:00,BANKNIFTY29SEP2657000PE,57000.0,PE,29SEP2026,420.0,420.0,416.65,417.7,96
2026-08-21 10:29:00,BANKNIFTY29SEP2657100PE,57100.0,PE,29SEP2026,450.7,450.7,450.7,450.7,1
2026-08-21 10:29:00,BANKNIFTY29SEP2657400CE,57400.0,CE,29SEP2026,1239.9,1239.9,1239.9,1239.9,1
2026-08-21 10:29:00,BANKNIFTY29SEP2657500CE,57500.0,CE,29SEP2026,1167.0,1170.0,1167.0,1167.0,7
2026-08-21 10:29:00,BANKNIFTY29SEP2657500PE,57500.0,PE,29SEP2026,575.0,575.0,574.0,574.0,16
2026-08-21 10:30:00,BANKNIFTY29SEP2655500PE,55500.0,PE,29SEP2026,156.8,156.85,156.8,156.85,5
2026-08-21 10:30:00,BANKNIFTY29SEP2655800PE,55800.0,PE,29SEP2026,192.0,192.0,192.0,192.0,3
2026-08-21 10:30:00,BANKNIFTY29SEP2656000CE,56000.0,CE,29SEP2026,2289.7,2289.7,2289.7,2289.7,2
2026-08-21 10:30:00,BANKNIFTY29SEP2656000PE,56000.0,PE,29SEP2026,216.0,217.45,215.5,216.55,57
2026-08-21 10:30:00,BANKNIFTY29SEP2656200PE,56200.0,PE,29SEP2026,245.85,245.85,245.85,245.85,1
2026-08-21 10:30:00,BANKNIFTY29SEP2656500PE,56500.0,PE,29SEP2026,300.15,302.5,300.1,302.0,8
2026-08-21 10:30:00,BANKNIFTY29SEP2656700PE,56700.0,PE,29SEP2026,342.4,342.4,341.8,341.8,4
2026-08-21 10:30:00,BANKNIFTY29SEP2656800PE,56800.0,PE,29SEP2026,370.0,370.0,370.0,370.0,1
2026-08-21 10:30:00,BANKNIFTY29SEP2657000PE,57000.0,PE,29SEP2026,419.7,421.0,416.25,421.0,42
2026-08-21 10:30:00,BANKNIFTY29SEP2657100PE,57100.0,PE,29SEP2026,448.95,448.95,448.95,448.95,1
2026-08-21 10:30:00,BANKNIFTY29SEP2657400CE,57400.0,CE,29SEP2026,1230.0,1230.0,1230.0,1230.0,1
2026-08-21 10:30:00,BANKNIFTY29SEP2657400PE,57400.0,PE,29SEP2026,545.45,545.45,542.5,545.35,43
2026-08-21 10:30:00,BANKNIFTY29SEP2657500CE,57500.0,CE,29SEP2026,1165.0,1166.6,1165.0,1166.6,21
2026-08-21 10:30:00,BANKNIFTY29SEP2657500PE,57500.0,PE,29SEP2026,573.0,575.0,572.85,574.55,9
2026-08-21 10:31:00,BANKNIFTY29SEP2655500PE,55500.0,PE,29SEP2026,155.45,155.45,155.4,155.4,2
2026-08-21 10:31:00,BANKNIFTY29SEP2655800PE,55800.0,PE,29SEP2026,190.0,190.0,189.95,189.95,2
2026-08-21 10:31:00,BANKNIFTY29SEP2656000PE,56000.0,PE,29SEP2026,217.4,218.65,216.1,216.1,107
2026-08-21 10:31:00,BANKNIFTY29SEP2656200PE,56200.0,PE,29SEP2026,246.75,246.8,246.65,246.65,6
2026-08-21 10:31:00,BANKNIFTY29SEP2656400CE,56400.0,CE,29SEP2026,1987.6,1987.6,1975.1,1975.1,0
2026-08-21 10:31:00,BANKNIFTY29SEP2656400PE,56400.0,PE,29SEP2026,340.0,340.0,340.0,340.0,0
2026-08-21 10:31:00,BANKNIFTY29SEP2656500PE,56500.0,PE,29SEP2026,301.95,302.2,301.85,302.2,6
2026-08-21 10:31:00,BANKNIFTY29SEP2656600PE,56600.0,PE,29SEP2026,322.8,322.8,322.75,322.75,2
2026-08-21 10:31:00,BANKNIFTY29SEP2656900PE,56900.0,PE,29SEP2026,393.65,393.65,386.95,391.85,15
2026-08-21 10:31:00,BANKNIFTY29SEP2657000PE,57000.0,PE,29SEP2026,421.0,421.0,418.7,421.0,5
2026-08-21 10:31:00,BANKNIFTY29SEP2657100PE,57100.0,PE,29SEP2026,448.95,448.95,442.3,448.95,19
2026-08-21 10:31:00,BANKNIFTY29SEP2657200PE,57200.0,PE,29SEP2026,480.9,481.1,474.65,480.8,34
2026-08-21 10:31:00,BANKNIFTY29SEP2657300PE,57300.0,PE,29SEP2026,512.2,512.2,511.35,511.35,28
2026-08-21 10:31:00,BANKNIFTY29SEP2657400CE,57400.0,CE,29SEP2026,1226.05,1226.05,1226.05,1226.05,1
2026-08-21 10:31:00,BANKNIFTY29SEP2657400PE,57400.0,PE,29SEP2026,546.5,547.1,541.9,545.35,26
2026-08-21 10:31:00,BANKNIFTY29SEP2657500CE,57500.0,CE,29SEP2026,1160.0,1165.75,1157.7,1157.7,22
2026-08-21 10:31:00,BANKNIFTY29SEP2657500PE,57500.0,PE,29SEP2026,577.45,577.5,574.0,574.6,29
2026-08-21 10:32:00,BANKNIFTY29SEP2655500PE,55500.0,PE,29SEP2026,155.1,155.1,155.1,155.1,1
2026-08-21 10:32:00,BANKNIFTY29SEP2656000PE,56000.0,PE,29SEP2026,216.5,216.5,216.5,216.5,3
2026-08-21 10:32:00,BANKNIFTY29SEP2656300PE,56300.0,PE,29SEP2026,263.1,263.1,263.1,263.1,1
2026-08-21 10:32:00,BANKNIFTY29SEP2656400PE,56400.0,PE,29SEP2026,285.45,291.95,285.45,288.0,8
2026-08-21 10:32:00,BANKNIFTY29SEP2656500PE,56500.0,PE,29SEP2026,302.0,302.35,302.0,302.35,5
2026-08-21 10:32:00,BANKNIFTY29SEP2657000CE,57000.0,CE,29SEP2026,1500.0,1502.45,1500.0,1502.45,8
2026-08-21 10:32:00,BANKNIFTY29SEP2657000PE,57000.0,PE,29SEP2026,421.55,421.55,419.05,421.0,10
2026-08-21 10:32:00,BANKNIFTY29SEP2657200PE,57200.0,PE,29SEP2026,481.0,481.0,481.0,481.0,4
2026-08-21 10:32:00,BANKNIFTY29SEP2657400PE,57400.0,PE,29SEP2026,544.8,544.8,544.7,544.7,2
2026-08-21 10:32:00,BANKNIFTY29SEP2657500CE,57500.0,CE,29SEP2026,1157.0,1163.55,1157.0,1159.05,4
2026-08-21 10:32:00,BANKNIFTY29SEP2657500PE,57500.0,PE,29SEP2026,576.45,576.75,574.95,576.75,8
2026-08-21 10:33:00,BANKNIFTY29SEP2655500PE,55500.0,PE,29SEP2026,155.9,155.9,155.9,155.9,1
2026-08-21 10:33:00,BANKNIFTY29SEP2656000PE,56000.0,PE,29SEP2026,216.8,217.7,216.55,217.7,8
2026-08-21 10:33:00,BANKNIFTY29SEP2656300PE,56300.0,PE,29SEP2026,263.8,263.8,263.8,263.8,1
2026-08-21 10:33:00,BANKNIFTY29SEP2656400PE,56400.0,PE,29SEP2026,288.7,288.7,284.3,284.6,94
2026-08-21 10:33:00,BANKNIFTY29SEP2656500PE,56500.0,PE,29SEP2026,302.5,303.05,300.9,303.05,23
2026-08-21 10:33:00,BANKNIFTY29SEP2656900PE,56900.0,PE,29SEP2026,392.15,392.15,392.15,392.15,1
2026-08-21 10:33:00,BANKNIFTY29SEP2657000CE,57000.0,CE,29SEP2026,1503.5,1503.5,1503.5,1503.5,1
2026-08-21 10:33:00,BANKNIFTY29SEP2657000PE,57000.0,PE,29SEP2026,420.0,421.5,420.0,421.15,3
2026-08-21 10:33:00,BANKNIFTY29SEP2657100PE,57100.0,PE,29SEP2026,450.75,450.75,450.25,450.25,2
2026-08-21 10:33:00,BANKNIFTY29SEP2657400PE,57400.0,PE,29SEP2026,544.75,545.4,544.75,545.4,2
2026-08-21 10:33:00,BANKNIFTY29SEP2657500CE,57500.0,CE,29SEP2026,1156.65,1157.45,1156.65,1157.45,2
2026-08-21 10:33:00,BANKNIFTY29SEP2657500PE,57500.0,PE,29SEP2026,575.8,577.0,574.4,577.0,9
2026-08-21 10:34:00,BANKNIFTY29SEP2655500PE,55500.0,PE,29SEP2026,155.15,156.5,154.85,156.5,18
2026-08-21 10:34:00,BANKNIFTY29SEP2656000CE,56000.0,CE,29SEP2026,2279.0,2279.0,2279.0,2279.0,1
2026-08-21 10:34:00,BANKNIFTY29SEP2656000PE,56000.0,PE,29SEP2026,217.75,218.35,217.75,218.35,5
2026-08-21 10:34:00,BANKNIFTY29SEP2656400PE,56400.0,PE,29SEP2026,285.8,285.8,285.8,285.8,1
2026-08-21 10:34:00,BANKNIFTY29SEP2656500PE,56500.0,PE,29SEP2026,302.3,302.3,302.25,302.25,3
2026-08-21 10:34:00,BANKNIFTY29SEP2656900PE,56900.0,PE,29SEP2026,397.25,397.25,397.25,397.25,2
2026-08-21 10:34:00,BANKNIFTY29SEP2657000CE,57000.0,CE,29SEP2026,1500.0,1505.0,1500.0,1504.3,25
2026-08-21 10:34:00,BANKNIFTY29SEP2657000PE,57000.0,PE,29SEP2026,422.15,422.15,422.15,422.15,1
2026-08-21 10:34:00,BANKNIFTY29SEP2657200CE,57200.0,CE,29SEP2026,1359.5,1359.5,1359.5,1359.5,1
2026-08-21 10:34:00,BANKNIFTY29SEP2657200PE,57200.0,PE,29SEP2026,482.65,482.65,482.65,482.65,1
2026-08-21 10:34:00,BANKNIFTY29SEP2657400PE,57400.0,PE,29SEP2026,543.25,546.1,543.25,546.1,2
2026-08-21 10:34:00,BANKNIFTY29SEP2657500CE,57500.0,CE,29SEP2026,1157.05,1157.05,1154.05,1156.55,4
2026-08-21 10:34:00,BANKNIFTY29SEP2657500PE,57500.0,PE,29SEP2026,577.3,578.5,576.75,578.5,13
2026-08-21 10:35:00,BANKNIFTY29SEP2656000PE,56000.0,PE,29SEP2026,217.1,217.15,216.9,216.9,6
2026-08-21 10:35:00,BANKNIFTY29SEP2656200PE,56200.0,PE,29SEP2026,251.5,251.5,251.5,251.5,1
2026-08-21 10:35:00,BANKNIFTY29SEP2656400PE,56400.0,PE,29SEP2026,285.3,285.35,285.25,285.35,3
2026-08-21 10:35:00,BANKNIFTY29SEP2656500PE,56500.0,PE,29SEP2026,302.6,303.9,302.2,303.0,5
2026-08-21 10:35:00,BANKNIFTY29SEP2656800PE,56800.0,PE,29SEP2026,370.0,370.0,370.0,370.0,1
2026-08-21 10:35:00,BANKNIFTY29SEP2657000CE,57000.0,CE,29SEP2026,1503.4,1503.5,1496.1,1496.1,13
2026-08-21 10:35:00,BANKNIFTY29SEP2657000PE,57000.0,PE,29SEP2026,421.5,421.5,421.0,421.0,3
2026-08-21 10:35:00,BANKNIFTY29SEP2657200PE,57200.0,PE,29SEP2026,482.1,483.0,482.1,483.0,2
2026-08-21 10:35:00,BANKNIFTY29SEP2657300PE,57300.0,PE,29SEP2026,513.9,513.9,513.35,513.35,5
2026-08-21 10:35:00,BANKNIFTY29SEP2657400CE,57400.0,CE,29SEP2026,1223.0,1223.0,1223.0,1223.0,1
2026-08-21 10:35:00,BANKNIFTY29SEP2657500CE,57500.0,CE,29SEP2026,1161.0,1161.0,1157.4,1157.4,4
2026-08-21 10:35:00,BANKNIFTY29SEP2657500PE,57500.0,PE,29SEP2026,577.0,578.5,575.6,578.5,6
2026-08-21 10:36:00,BANKNIFTY29SEP2655500PE,55500.0,PE,29SEP2026,155.95,155.95,154.85,154.85,2
2026-08-21 10:36:00,BANKNIFTY29SEP2656000PE,56000.0,PE,29SEP2026,216.8,217.85,216.8,217.85,7
2026-08-21 10:36:00,BANKNIFTY29SEP2656400PE,56400.0,PE,29SEP2026,286.1,286.1,286.1,286.1,1
2026-08-21 10:36:00,BANKNIFTY29SEP2656500PE,56500.0,PE,29SEP2026,303.0,303.8,302.0,303.8,4
2026-08-21 10:36:00,BANKNIFTY29SEP2657000CE,57000.0,CE,29SEP2026,1497.25,1504.95,1497.25,1503.9,25
2026-08-21 10:36:00,BANKNIFTY29SEP2657000PE,57000.0,PE,29SEP2026,423.45,423.45,421.0,421.0,11
2026-08-21 10:36:00,BANKNIFTY29SEP2657400CE,57400.0,CE,29SEP2026,1223.0,1223.0,1223.0,1223.0,2
2026-08-21 10:36:00,BANKNIFTY29SEP2657500CE,57500.0,CE,29SEP2026,1160.0,1160.0,1160.0,1160.0,1
2026-08-21 10:36:00,BANKNIFTY29SEP2657500PE,57500.0,PE,29SEP2026,577.1,577.65,577.0,577.0,3
2026-08-21 10:37:00,BANKNIFTY29SEP2655500PE,55500.0,PE,29SEP2026,154.85,154.85,154.0,154.0,9
2026-08-21 10:37:00,BANKNIFTY29SEP2656000PE,56000.0,PE,29SEP2026,217.85,217.85,214.1,214.1,21
2026-08-21 10:37:00,BANKNIFTY29SEP2656400PE,56400.0,PE,29SEP2026,282.65,282.65,282.65,282.65,1
2026-08-21 10:37:00,BANKNIFTY29SEP2656500PE,56500.0,PE,29SEP2026,300.3,300.3,300.0,300.0,4
2026-08-21 10:37:00,BANKNIFTY29SEP2656600PE,56600.0,PE,29SEP2026,322.75,322.75,318.8,319.2,6
2026-08-21 10:37:00,BANKNIFTY29SEP2656900PE,56900.0,PE,29SEP2026,393.0,393.0,393.0,393.0,1
2026-08-21 10:37:00,BANKNIFTY29SEP2657000CE,57000.0,CE,29SEP2026,1502.45,1502.45,1502.4,1502.4,3
2026-08-21 10:37:00,BANKNIFTY29SEP2657000PE,57000.0,PE,29SEP2026,419.1,419.1,418.0,418.0,18
2026-08-21 10:37:00,BANKNIFTY29SEP2657200PE,57200.0,PE,29SEP2026,481.7,481.7,481.7,481.7,1
2026-08-21 10:37:00,BANKNIFTY29SEP2657300PE,57300.0,PE,29SEP2026,511.0,511.0,511.0,511.0,1
2026-08-21 10:37:00,BANKNIFTY29SEP2657400PE,57400.0,PE,29SEP2026,540.0,540.0,540.0,540.0,2
2026-08-21 10:37:00,BANKNIFTY29SEP2657500CE,57500.0,CE,29SEP2026,1160.5,1167.2,1160.5,1163.3,7
2026-08-21 10:37:00,BANKNIFTY29SEP2657500PE,57500.0,PE,29SEP2026,575.05,575.05,570.6,570.6,7
2026-08-21 10:38:00,BANKNIFTY29SEP2655500PE,55500.0,PE,29SEP2026,152.75,154.0,152.7,154.0,4
2026-08-21 10:38:00,BANKNIFTY29SEP2655900CE,55900.0,CE,29SEP2026,2390.0,2390.0,2390.0,2390.0,0
2026-08-21 10:38:00,BANKNIFTY29SEP2656000CE,56000.0,CE,29SEP2026,2289.7,2290.0,2289.7,2290.0,2
2026-08-21 10:38:00,BANKNIFTY29SEP2656000PE,56000.0,PE,29SEP2026,214.5,215.35,214.0,215.35,26
2026-08-21 10:38:00,BANKNIFTY29SEP2656500PE,56500.0,PE,29SEP2026,300.0,300.0,298.0,298.0,8
2026-08-21 10:38:00,BANKNIFTY29SEP2656800PE,56800.0,PE,29SEP2026,366.0,366.0,366.0,366.0,1
2026-08-21 10:38:00,BANKNIFTY29SEP2657000CE,57000.0,CE,29SEP2026,1514.95,1514.95,1514.95,1514.95,1
2026-08-21 10:38:00,BANKNIFTY29SEP2657000PE,57000.0,PE,29SEP2026,416.2,416.5,414.0,414.0,80
2026-08-21 10:38:00,BANKNIFTY29SEP2657100CE,57100.0,CE,29SEP2026,1428.1,1428.1,1428.05,1428.05,2
2026-08-21 10:38:00,BANKNIFTY29SEP2657300CE,57300.0,CE,29SEP2026,1300.95,1304.0,1300.95,1304.0,9
2026-08-21 10:38:00,BANKNIFTY29SEP2657300PE,57300.0,PE,29SEP2026,507.5,508.25,507.5,508.25,4
2026-08-21 10:38:00,BANKNIFTY29SEP2657400PE,57400.0,PE,29SEP2026,539.0,539.0,539.0,539.0,1
2026-08-21 10:38:00,BANKNIFTY29SEP2657500CE,57500.0,CE,29SEP2026,1171.0,1171.05,1170.05,1170.05,4
2026-08-21 10:38:00,BANKNIFTY29SEP2657500PE,57500.0,PE,29SEP2026,570.6,571.4,567.0,570.4,48
2026-08-21 10:39:00,BANKNIFTY29SEP2655500PE,55500.0,PE,29SEP2026,154.75,154.75,154.75,154.75,3
2026-08-21 10:39:00,BANKNIFTY29SEP2656000PE,56000.0,PE,29SEP2026,214.25,215.6,214.0,215.6,6
2026-08-21 10:39:00,BANKNIFTY29SEP2656500PE,56500.0,PE,29SEP2026,300.15,301.0,300.15,301.0,11
2026-08-21 10:39:00,BANKNIFTY29SEP2656600PE,56600.0,PE,29SEP2026,317.15,317.15,317.15,317.15,1
2026-08-21 10:39:00,BANKNIFTY29SEP2656800PE,56800.0,PE,29SEP2026,362.8,362.8,362.8,362.8,1
2026-08-21 10:39:00,BANKNIFTY29SEP2657000CE,57000.0,CE,29SEP2026,1512.0,1512.0,1512.0,1512.0,1
2026-08-21 10:39:00,BANKNIFTY29SEP2657000PE,57000.0,PE,29SEP2026,415.05,417.5,414.7,415.3,26
2026-08-21 10:39:00,BANKNIFTY29SEP2657200PE,57200.0,PE,29SEP2026,475.65,475.65,474.75,474.75,8
2026-08-21 10:39:00,BANKNIFTY29SEP2657300PE,57300.0,PE,29SEP2026,507.1,507.1,507.1,507.1,1
2026-08-21 10:39:00,BANKNIFTY29SEP2657400PE,57400.0,PE,29SEP2026,538.45,540.0,538.4,540.0,16
2026-08-21 10:39:00,BANKNIFTY29SEP2657500CE,57500.0,CE,29SEP2026,1168.0,1168.0,1163.1,1165.0,28
2026-08-21 10:39:00,BANKNIFTY29SEP2657500PE,57500.0,PE,29SEP2026,569.9,571.75,569.9,570.35,5
2026-08-21 10:40:00,BANKNIFTY29SEP2655500PE,55500.0,PE,29SEP2026,154.0,154.0,152.9,152.9,5
2026-08-21 10:40:00,BANKNIFTY29SEP2655800PE,55800.0,PE,29SEP2026,187.7,187.7,187.7,187.7,1
2026-08-21 10:40:00,BANKNIFTY29SEP2656000PE,56000.0,PE,29SEP2026,214.55,215.15,214.0,214.3,12
2026-08-21 10:40:00,BANKNIFTY29SEP2656400PE,56400.0,PE,29SEP2026,279.65,281.4,279.65,281.4,5
2026-08-21 10:40:00,BANKNIFTY29SEP2656500PE,56500.0,PE,29SEP2026,298.6,298.75,298.6,298.75,4
2026-08-21 10:40:00,BANKNIFTY29SEP2656700PE,56700.0,PE,29SEP2026,342.0,342.0,342.0,342.0,4
2026-08-21 10:40:00,BANKNIFTY29SEP2656800PE,56800.0,PE,29SEP2026,368.45,368.5,368.45,368.5,2
2026-08-21 10:40:00,BANKNIFTY29SEP2657000CE,57000.0,CE,29SEP2026,1515.9,1515.9,1515.9,1515.9,1
2026-08-21 10:40:00,BANKNIFTY29SEP2657000PE,57000.0,PE,29SEP2026,417.4,419.4,415.25,416.05,111
2026-08-21 10:40:00,BANKNIFTY29SEP2657100PE,57100.0,PE,29SEP2026,448.15,448.15,448.15,448.15,1
2026-08-21 10:40:00,BANKNIFTY29SEP2657200PE,57200.0,PE,29SEP2026,478.2,478.25,478.2,478.25,2
2026-08-21 10:40:00,BANKNIFTY29SEP2657300CE,57300.0,CE,29SEP2026,1301.6,1301.6,1301.6,1301.6,1
2026-08-21 10:40:00,BANKNIFTY29SEP2657300PE,57300.0,PE,29SEP2026,507.95,510.5,507.95,510.5,10
2026-08-21 10:40:00,BANKNIFTY29SEP2657500CE,57500.0,CE,29SEP2026,1168.4,1172.05,1166.3,1166.3,43
2026-08-21 10:40:00,BANKNIFTY29SEP2657500PE,57500.0,PE,29SEP2026,572.45,572.45,569.4,570.0,15
2026-08-21 10:41:00,BANKNIFTY29SEP2655500PE,55500.0,PE,29SEP2026,153.45,154.45,153.45,154.45,4
2026-08-21 10:41:00,BANKNIFTY29SEP2656000CE,56000.0,CE,29SEP2026,2284.35,2284.35,2280.5,2280.5,14
2026-08-21 10:41:00,BANKNIFTY29SEP2656000PE,56000.0,PE,29SEP2026,215.55,215.55,213.5,214.1,14
2026-08-21 10:41:00,BANKNIFTY29SEP2656500PE,56500.0,PE,29SEP2026,299.95,299.95,299.95,299.95,1
2026-08-21 10:41:00,BANKNIFTY29SEP2657000CE,57000.0,CE,29SEP2026,1507.5,1507.5,1507.5,1507.5,1
2026-08-21 10:41:00,BANKNIFTY29SEP2657000PE,57000.0,PE,29SEP2026,418.1,418.4,417.7,417.7,3
2026-08-21 10:41:00,BANKNIFTY29SEP2657200PE,57200.0,PE,29SEP2026,476.5,476.5,476.5,476.5,1
2026-08-21 10:41:00,BANKNIFTY29SEP2657300CE,57300.0,CE,29SEP2026,1300.9,1303.35,1300.9,1303.35,2
2026-08-21 10:41:00,BANKNIFTY29SEP2657300PE,57300.0,PE,29SEP2026,507.65,507.65,507.65,507.65,1
2026-08-21 10:41:00,BANKNIFTY29SEP2657400PE,57400.0,PE,29SEP2026,540.0,540.0,538.55,538.55,2
2026-08-21 10:41:00,BANKNIFTY29SEP2657500CE,57500.0,CE,29SEP2026,1167.0,1171.0,1165.5,1166.05,9
2026-08-21 10:41:00,BANKNIFTY29SEP2657500PE,57500.0,PE,29SEP2026,572.25,572.25,570.0,571.55,5
2026-08-21 10:42:00,BANKNIFTY29SEP2655500PE,55500.0,PE,29SEP2026,153.0,153.0,153.0,153.0,3
2026-08-21 10:42:00,BANKNIFTY29SEP2655800PE,55800.0,PE,29SEP2026,186.4,186.4,186.4,186.4,1
2026-08-21 10:42:00,BANKNIFTY29SEP2655900PE,55900.0,PE,29SEP2026,201.0,201.0,201.0,201.0,1
2026-08-21 10:42:00,BANKNIFTY29SEP2656000CE,56000.0,CE,29SEP2026,2284.7,2294.9,2281.1,2294.9,25
2026-08-21 10:42:00,BANKNIFTY29SEP2656000PE,56000.0,PE,29SEP2026,213.65,214.75,213.0,213.0,15
2026-08-21 10:42:00,BANKNIFTY29SEP2656200PE,56200.0,PE,29SEP2026,245.0,245.0,245.0,245.0,10
2026-08-21 10:42:00,BANKNIFTY29SEP2656400CE,56400.0,CE,29SEP2026,1979.75,1979.75,1979.75,1979.75,1
2026-08-21 10:42:00,BANKNIFTY29SEP2656500PE,56500.0,PE,29SEP2026,298.0,298.0,298.0,298.0,3
2026-08-21 10:42:00,BANKNIFTY29SEP2656800PE,56800.0,PE,29SEP2026,364.05,364.05,364.0,364.0,5
2026-08-21 10:42:00,BANKNIFTY29SEP2656900PE,56900.0,PE,29SEP2026,390.8,390.8,390.8,390.8,2
2026-08-21 10:42:00,BANKNIFTY29SEP2657000CE,57000.0,CE,29SEP2026,1509.2,1518.45,1509.2,1518.45,4
2026-08-21 10:42:00,BANKNIFTY29SEP2657000PE,57000.0,PE,29SEP2026,417.15,417.15,412.5,416.25,18
2026-08-21 10:42:00,BANKNIFTY29SEP2657100CE,57100.0,CE,29SEP2026,1445.0,1466.6,1425.5,1442.05,10
2026-08-21 10:42:00,BANKNIFTY29SEP2657200PE,57200.0,PE,29SEP2026,476.35,476.4,471.15,471.15,6
2026-08-21 10:42:00,BANKNIFTY29SEP2657300PE,57300.0,PE,29SEP2026,505.0,507.55,505.0,505.15,7
2026-08-21 10:42:00,BANKNIFTY29SEP2657400CE,57400.0,CE,29SEP2026,1243.1,1255.0,1243.1,1255.0,5
2026-08-21 10:42:00,BANKNIFTY29SEP2657400PE,57400.0,PE,29SEP2026,534.7,536.7,530.55,536.7,5
2026-08-21 10:42:00,BANKNIFTY29SEP2657500CE,57500.0,CE,29SEP2026,1168.0,1174.7,1167.5,1170.0,28
2026-08-21 10:42:00,BANKNIFTY29SEP2657500PE,57500.0,PE,29SEP2026,571.05,571.2,566.05,568.6,19
2026-08-21 10:43:00,BANKNIFTY29SEP2655500PE,55500.0,PE,29SEP2026,152.75,152.75,152.7,152.7,5
2026-08-21 10:43:00,BANKNIFTY29SEP2656000PE,56000.0,PE,29SEP2026,213.95,214.35,213.1,214.35,10
2026-08-21 10:43:00,BANKNIFTY29SEP2656200PE,56200.0,PE,29SEP2026,243.65,243.65,243.65,243.65,1
2026-08-21 10:43:00,BANKNIFTY29SEP2656300PE,56300.0,PE,29SEP2026,260.15,260.15,260.15,260.15,1
2026-08-21 10:43:00,BANKNIFTY29SEP2657000PE,57000.0,PE,29SEP2026,415.25,415.25,415.25,415.25,5
2026-08-21 10:43:00,BANKNIFTY29SEP2657100PE,57100.0,PE,29SEP2026,442.7,442.7,442.7,442.7,5
2026-08-21 10:43:00,BANKNIFTY29SEP2657200PE,57200.0,PE,29SEP2026,475.8,477.05,475.8,477.05,4
2026-08-21 10:43:00,BANKNIFTY29SEP2657400PE,57400.0,PE,29SEP2026,538.95,538.95,538.95,538.95,2
2026-08-21 10:43:00,BANKNIFTY29SEP2657500CE,57500.0,CE,29SEP2026,1169.0,1173.65,1169.0,1173.65,3
2026-08-21 10:43:00,BANKNIFTY29SEP2657500PE,57500.0,PE,29SEP2026,567.65,568.15,567.65,568.15,2
2026-08-21 10:44:00,BANKNIFTY29SEP2655500PE,55500.0,PE,29SEP2026,152.1,153.15,151.0,151.0,46
2026-08-21 10:44:00,BANKNIFTY29SEP2656000CE,56000.0,CE,29SEP2026,2299.0,2299.0,2299.0,2299.0,5
2026-08-21 10:44:00,BANKNIFTY29SEP2656000PE,56000.0,PE,29SEP2026,213.1,213.65,212.0,212.0,45
2026-08-21 10:44:00,BANKNIFTY29SEP2656200PE,56200.0,PE,29SEP2026,247.3,247.3,247.3,247.3,1
2026-08-21 10:44:00,BANKNIFTY29SEP2656500PE,56500.0,PE,29SEP2026,296.7,296.7,295.05,295.05,10
2026-08-21 10:44:00,BANKNIFTY29SEP2656600PE,56600.0,PE,29SEP2026,318.0,318.0,318.0,318.0,2
2026-08-21 10:44:00,BANKNIFTY29SEP2656700PE,56700.0,PE,29SEP2026,340.4,340.4,340.4,340.4,1
2026-08-21 10:44:00,BANKNIFTY29SEP2656900PE,56900.0,PE,29SEP2026,388.25,388.25,388.2,388.2,2
2026-08-21 10:44:00,BANKNIFTY29SEP2657000CE,57000.0,CE,29SEP2026,1518.45,1521.45,1518.45,1521.45,6
2026-08-21 10:44:00,BANKNIFTY29SEP2657000PE,57000.0,PE,29SEP2026,415.0,415.0,412.25,412.4,15
2026-08-21 10:44:00,BANKNIFTY29SEP2657100PE,57100.0,PE,29SEP2026,440.1,440.1,440.05,440.05,2
2026-08-21 10:44:00,BANKNIFTY29SEP2657200PE,57200.0,PE,29SEP2026,471.15,471.6,471.15,471.6,3
2026-08-21 10:44:00,BANKNIFTY29SEP2657300PE,57300.0,PE,29SEP2026,502.25,502.35,501.1,501.1,8
2026-08-21 10:44:00,BANKNIFTY29SEP2657400PE,57400.0,PE,29SEP2026,537.25,537.25,534.4,534.4,2
2026-08-21 10:44:00,BANKNIFTY29SEP2657500CE,57500.0,CE,29SEP2026,1174.95,1176.95,1172.8,1175.75,20
2026-08-21 10:44:00,BANKNIFTY29SEP2657500PE,57500.0,PE,29SEP2026,568.1,568.1,565.0,565.0,39
2026-08-21 10:45:00,BANKNIFTY29SEP2655500PE,55500.0,PE,29SEP2026,151.1,151.85,150.7,150.7,51
2026-08-21 10:45:00,BANKNIFTY29SEP2656000CE,56000.0,CE,29SEP2026,2301.05,2301.05,2301.05,2301.05,1
2026-08-21 10:45:00,BANKNIFTY29SEP2656000PE,56000.0,PE,29SEP2026,212.05,212.05,211.0,211.0,6
2026-08-21 10:45:00,BANKNIFTY29SEP2656300PE,56300.0,PE,29SEP2026,260.0,263.75,260.0,263.75,3
2026-08-21 10:45:00,BANKNIFTY29SEP2656500PE,56500.0,PE,29SEP2026,295.0,295.0,295.0,295.0,1
2026-08-21 10:45:00,BANKNIFTY29SEP2656700PE,56700.0,PE,29SEP2026,336.15,336.15,336.15,336.15,1
2026-08-21 10:45:00,BANKNIFTY29SEP2656900PE,56900.0,PE,29SEP2026,385.0,385.0,385.0,385.0,3
2026-08-21 10:45:00,BANKNIFTY29SEP2657000CE,57000.0,CE,29SEP2026,1523.0,1528.0,1523.0,1528.0,19
2026-08-21 10:45:00,BANKNIFTY29SEP2657000PE,57000.0,PE,29SEP2026,412.0,413.3,408.7,408.7,81
2026-08-21 10:45:00,BANKNIFTY29SEP2657100PE,57100.0,PE,29SEP2026,440.25,440.25,436.0,436.0,5
2026-08-21 10:45:00,BANKNIFTY29SEP2657200PE,57200.0,PE,29SEP2026,470.3,474.25,470.0,470.0,16
2026-08-21 10:45:00,BANKNIFTY29SEP2657300CE,57300.0,CE,29SEP2026,1303.85,1303.85,1303.8,1303.8,2
2026-08-21 10:45:00,BANKNIFTY29SEP2657300PE,57300.0,PE,29SEP2026,502.0,502.35,497.6,497.6,20
2026-08-21 10:45:00,BANKNIFTY29SEP2657400PE,57400.0,PE,29SEP2026,533.2,535.8,533.1,533.1,7
2026-08-21 10:45:00,BANKNIFTY29SEP2657500CE,57500.0,CE,29SEP2026,1175.7,1184.85,1174.0,1180.45,75
2026-08-21 10:45:00,BANKNIFTY29SEP2657500PE,57500.0,PE,29SEP2026,563.6,566.25,558.65,560.0,32
2026-08-21 10:46:00,BANKNIFTY29SEP2655500PE,55500.0,PE,29SEP2026,150.7,152.25,150.7,152.25,7
2026-08-21 10:46:00,BANKNIFTY29SEP2656000PE,56000.0,PE,29SEP2026,211.55,212.95,210.05,212.9,11
2026-08-21 10:46:00,BANKNIFTY29SEP2656500PE,56500.0,PE,29SEP2026,294.55,296.95,294.55,296.95,33
2026-08-21 10:46:00,BANKNIFTY29SEP2657000CE,57000.0,CE,29SEP2026,1530.0,1530.0,1523.0,1523.0,9
2026-08-21 10:46:00,BANKNIFTY29SEP2657000PE,57000.0,PE,29SEP2026,408.85,413.85,408.75,411.5,13
2026-08-21 10:46:00,BANKNIFTY29SEP2657100PE,57100.0,PE,29SEP2026,435.6,435.7,435.6,435.7,2
2026-08-21 10:46:00,BANKNIFTY29SEP2657200PE,57200.0,PE,29SEP2026,467.0,473.75,467.0,473.75,9
2026-08-21 10:46:00,BANKNIFTY29SEP2657300PE,57300.0,PE,29SEP2026,497.0,499.05,496.75,496.75,6
2026-08-21 10:46:00,BANKNIFTY29SEP2657400CE,57400.0,CE,29SEP2026,1242.35,1242.35,1241.05,1241.05,3
2026-08-21 10:46:00,BANKNIFTY29SEP2657500CE,57500.0,CE,29SEP2026,1184.0,1184.95,1176.15,1176.15,5
2026-08-21 10:46:00,BANKNIFTY29SEP2657500PE,57500.0,PE,29SEP2026,560.0,566.3,559.05,566.3,17
2026-08-21 10:47:00,BANKNIFTY29SEP2655500PE,55500.0,PE,29SEP2026,151.55,151.55,151.35,151.35,2
2026-08-21 10:47:00,BANKNIFTY29SEP2656000PE,56000.0,PE,29SEP2026,211.2,213.15,210.9,213.15,11
2026-08-21 10:47:00,BANKNIFTY29SEP2656500PE,56500.0,PE,29SEP2026,297.5,297.5,297.5,297.5,2
2026-08-21 10:47:00,BANKNIFTY29SEP2657000CE,57000.0,CE,29SEP2026,1523.9,1523.9,1523.9,1523.9,1
2026-08-21 10:47:00,BANKNIFTY29SEP2657000PE,57000.0,PE,29SEP2026,413.45,414.85,412.85,412.85,10
2026-08-21 10:47:00,BANKNIFTY29SEP2657200CE,57200.0,CE,29SEP2026,1380.0,1380.0,1380.0,1380.0,1
2026-08-21 10:47:00,BANKNIFTY29SEP2657200PE,57200.0,PE,29SEP2026,473.75,473.75,473.75,473.75,1
2026-08-21 10:47:00,BANKNIFTY29SEP2657300CE,57300.0,CE,29SEP2026,1310.05,1310.05,1310.0,1310.0,2
2026-08-21 10:47:00,BANKNIFTY29SEP2657300PE,57300.0,PE,29SEP2026,504.05,504.05,504.05,504.05,2
2026-08-21 10:47:00,BANKNIFTY29SEP2657400CE,57400.0,CE,29SEP2026,1246.55,1246.55,1246.55,1246.55,1
2026-08-21 10:47:00,BANKNIFTY29SEP2657400PE,57400.0,PE,29SEP2026,536.35,536.35,536.35,536.35,1
2026-08-21 10:47:00,BANKNIFTY29SEP2657500CE,57500.0,CE,29SEP2026,1177.05,1179.05,1174.05,1179.05,7
2026-08-21 10:47:00,BANKNIFTY29SEP2657500PE,57500.0,PE,29SEP2026,563.75,567.75,563.75,567.75,9
2026-08-21 10:48:00,BANKNIFTY29SEP2655500PE,55500.0,PE,29SEP2026,152.75,152.75,151.25,151.25,4
2026-08-21 10:48:00,BANKNIFTY29SEP2655900PE,55900.0,PE,29SEP2026,200.95,201.0,200.95,201.0,2
2026-08-21 10:48:00,BANKNIFTY29SEP2656000PE,56000.0,PE,29SEP2026,213.15,213.2,212.7,212.7,16
2026-08-21 10:48:00,BANKNIFTY29SEP2656800PE,56800.0,PE,29SEP2026,364.95,364.95,364.95,364.95,1
2026-08-21 10:48:00,BANKNIFTY29SEP2656900CE,56900.0,CE,29SEP2026,1580.15,1580.15,1580.15,1580.15,1
2026-08-21 10:48:00,BANKNIFTY29SEP2656900PE,56900.0,PE,29SEP2026,386.7,386.7,386.7,386.7,1
2026-08-21 10:48:00,BANKNIFTY29SEP2657000PE,57000.0,PE,29SEP2026,413.3,416.1,413.3,415.0,6
2026-08-21 10:48:00,BANKNIFTY29SEP2657100PE,57100.0,PE,29SEP2026,446.3,446.3,446.3,446.3,1
2026-08-21 10:48:00,BANKNIFTY29SEP2657200PE,57200.0,PE,29SEP2026,473.9,473.9,473.75,473.75,2
2026-08-21 10:48:00,BANKNIFTY29SEP2657400PE,57400.0,PE,29SEP2026,536.35,536.35,536.35,536.35,1
2026-08-21 10:48:00,BANKNIFTY29SEP2657500CE,57500.0,CE,29SEP2026,1170.0,1170.0,1167.15,1167.15,7
2026-08-21 10:48:00,BANKNIFTY29SEP2657500PE,57500.0,PE,29SEP2026,567.65,568.85,567.65,568.85,20
2026-08-21 10:49:00,BANKNIFTY29SEP2655900PE,55900.0,PE,29SEP2026,201.0,201.0,201.0,201.0,1
2026-08-21 10:49:00,BANKNIFTY29SEP2656000PE,56000.0,PE,29SEP2026,212.35,214.45,212.15,214.45,56
2026-08-21 10:49:00,BANKNIFTY29SEP2656200PE,56200.0,PE,29SEP2026,242.05,242.05,242.0,242.0,3
2026-08-21 10:49:00,BANKNIFTY29SEP2656500PE,56500.0,PE,29SEP2026,297.05,299.45,295.7,298.75,53
2026-08-21 10:49:00,BANKNIFTY29SEP2656800PE,56800.0,PE,29SEP2026,364.95,365.0,364.95,365.0,7
2026-08-21 10:49:00,BANKNIFTY29SEP2657000CE,57000.0,CE,29SEP2026,1518.95,1518.95,1503.7,1503.7,21
2026-08-21 10:49:00,BANKNIFTY29SEP2657000PE,57000.0,PE,29SEP2026,413.5,414.8,413.5,414.3,9
2026-08-21 10:49:00,BANKNIFTY29SEP2657200PE,57200.0,PE,29SEP2026,474.05,474.05,474.05,474.05,1
2026-08-21 10:49:00,BANKNIFTY29SEP2657400CE,57400.0,CE,29SEP2026,1236.15,1236.15,1236.15,1236.15,1
2026-08-21 10:49:00,BANKNIFTY29SEP2657500CE,57500.0,CE,29SEP2026,1172.0,1173.25,1170.35,1170.35,3
2026-08-21 10:49:00,BANKNIFTY29SEP2657500PE,57500.0,PE,29SEP2026,567.65,570.3,566.6,570.3,20
2026-08-21 10:50:00,BANKNIFTY29SEP2655500PE,55500.0,PE,29SEP2026,154.0,154.0,152.95,152.95,86
2026-08-21 10:50:00,BANKNIFTY29SEP2655800PE,55800.0,PE,29SEP2026,188.85,188.9,188.85,188.85,4
2026-08-21 10:50:00,BANKNIFTY29SEP2656000PE,56000.0,PE,29SEP2026,214.6,216.1,214.6,216.0,209
2026-08-21 10:50:00,BANKNIFTY29SEP2656400PE,56400.0,PE,29SEP2026,284.15,284.15,284.15,284.15,1
2026-08-21 10:50:00,BANKNIFTY29SEP2656500PE,56500.0,PE,29SEP2026,299.65,300.05,299.65,300.0,4
2026-08-21 10:50:00,BANKNIFTY29SEP2656600PE,56600.0,PE,29SEP2026,320.8,320.8,320.8,320.8,1
2026-08-21 10:50:00,BANKNIFTY29SEP2656800PE,56800.0,PE,29SEP2026,365.0,365.0,365.0,365.0,14
2026-08-21 10:50:00,BANKNIFTY29SEP2656900PE,56900.0,PE,29SEP2026,392.0,392.0,392.0,392.0,1
2026-08-21 10:50:00,BANKNIFTY29SEP2657000CE,57000.0,CE,29SEP2026,1510.25,1510.3,1510.2,1510.3,7
2026-08-21 10:50:00,BANKNIFTY29SEP2657000PE,57000.0,PE,29SEP2026,416.05,418.2,415.3,418.2,25
2026-08-21 10:50:00,BANKNIFTY29SEP2657300CE,57300.0,CE,29SEP2026,1285.15,1285.15,1285.05,1285.05,3
2026-08-21 10:50:00,BANKNIFTY29SEP2657300PE,57300.0,PE,29SEP2026,509.8,509.9,509.8,509.9,2
2026-08-21 10:50:00,BANKNIFTY29SEP2657400CE,57400.0,CE,29SEP2026,1228.6,1228.6,1228.6,1228.6,1
2026-08-21 10:50:00,BANKNIFTY29SEP2657500CE,57500.0,CE,29SEP2026,1165.05,1166.15,1160.0,1160.0,12
2026-08-21 10:50:00,BANKNIFTY29SEP2657500PE,57500.0,PE,29SEP2026,571.6,575.05,570.15,574.95,6
2026-08-21 10:51:00,BANKNIFTY29SEP2655500PE,55500.0,PE,29SEP2026,152.95,153.0,152.0,152.0,100
2026-08-21 10:51:00,BANKNIFTY29SEP2656000PE,56000.0,PE,29SEP2026,216.0,216.0,215.5,215.5,188
2026-08-21 10:51:00,BANKNIFTY29SEP2656500PE,56500.0,PE,29SEP2026,300.3,300.3,299.95,299.95,3
2026-08-21 10:51:00,BANKNIFTY29SEP2657000PE,57000.0,PE,29SEP2026,418.0,418.0,417.0,417.0,3
2026-08-21 10:51:00,BANKNIFTY29SEP2657100PE,57100.0,PE,29SEP2026,448.1,448.1,448.1,448.1,1
2026-08-21 10:51:00,BANKNIFTY29SEP2657200PE,57200.0,PE,29SEP2026,479.75,479.8,479.75,479.8,2
2026-08-21 10:51:00,BANKNIFTY29SEP2657400CE,57400.0,CE,29SEP2026,1228.6,1228.6,1228.6,1228.6,5
2026-08-21 10:51:00,BANKNIFTY29SEP2657500CE,57500.0,CE,29SEP2026,1161.25,1168.05,1161.0,1166.55,6
2026-08-21 10:51:00,BANKNIFTY29SEP2657500PE,57500.0,PE,29SEP2026,573.1,574.95,569.55,569.55,8
2026-08-21 10:52:00,BANKNIFTY29SEP2655500PE,55500.0,PE,29SEP2026,151.9,151.9,151.0,151.3,40
2026-08-21 10:52:00,BANKNIFTY29SEP2656000PE,56000.0,PE,29SEP2026,215.5,215.8,214.0,214.0,85
2026-08-21 10:52:00,BANKNIFTY29SEP2656500PE,56500.0,PE,29SEP2026,299.35,299.35,296.85,296.85,2
2026-08-21 10:52:00,BANKNIFTY29SEP2656800PE,56800.0,PE,29SEP2026,365.7,365.7,365.7,365.7,1
2026-08-21 10:52:00,BANKNIFTY29SEP2657300CE,57300.0,CE,29SEP2026,1309.3,1309.3,1309.3,1309.3,1
2026-08-21 10:52:00,BANKNIFTY29SEP2657500CE,57500.0,CE,29SEP2026,1163.5,1169.0,1163.5,1165.05,12
2026-08-21 10:52:00,BANKNIFTY29SEP2657500PE,57500.0,PE,29SEP2026,571.85,571.85,568.4,569.55,4
2026-08-21 10:53:00,BANKNIFTY29SEP2655500PE,55500.0,PE,29SEP2026,152.35,152.35,152.35,152.35,5
2026-08-21 10:53:00,BANKNIFTY29SEP2656000PE,56000.0,PE,29SEP2026,214.05,214.05,214.05,214.05,2
2026-08-21 10:53:00,BANKNIFTY29SEP2656500CE,56500.0,CE,29SEP2026,1898.15,1898.25,1898.15,1898.25,2
2026-08-21 10:53:00,BANKNIFTY29SEP2657000CE,57000.0,CE,29SEP2026,1517.0,1517.95,1517.0,1517.4,10
2026-08-21 10:53:00,BANKNIFTY29SEP2657000PE,57000.0,PE,29SEP2026,415.0,415.3,414.0,414.0,13
2026-08-21 10:53:00,BANKNIFTY29SEP2657100PE,57100.0,PE,29SEP2026,442.1,442.1,442.1,442.1,1
2026-08-21 10:53:00,BANKNIFTY29SEP2657300PE,57300.0,PE,29SEP2026,504.3,507.05,504.3,507.05,2
2026-08-21 10:53:00,BANKNIFTY29SEP2657400PE,57400.0,PE,29SEP2026,539.5,539.65,539.5,539.65,4
2026-08-21 10:53:00,BANKNIFTY29SEP2657500CE,57500.0,CE,29SEP2026,1169.5,1174.95,1169.5,1174.95,2
2026-08-21 10:53:00,BANKNIFTY29SEP2657500PE,57500.0,PE,29SEP2026,570.7,570.7,566.75,569.7,7
2026-08-21 10:54:00,BANKNIFTY29SEP2656000PE,56000.0,PE,29SEP2026,213.4,214.5,211.9,214.5,17
2026-08-21 10:54:00,BANKNIFTY29SEP2656500CE,56500.0,CE,29SEP2026,1886.55,1886.55,1886.55,1886.55,2
2026-08-21 10:54:00,BANKNIFTY29SEP2656500PE,56500.0,PE,29SEP2026,297.95,298.0,295.95,297.0,41
2026-08-21 10:54:00,BANKNIFTY29SEP2657000CE,57000.0,CE,29SEP2026,1517.0,1517.0,1517.0,1517.0,2
2026-08-21 10:54:00,BANKNIFTY29SEP2657000PE,57000.0,PE,29SEP2026,416.05,416.05,414.15,414.15,5
2026-08-21 10:54:00,BANKNIFTY29SEP2657500PE,57500.0,PE,29SEP2026,567.05,569.25,567.05,569.25,5
2026-08-21 10:55:00,BANKNIFTY29SEP2655500PE,55500.0,PE,29SEP2026,152.0,152.45,152.0,152.45,4
2026-08-21 10:55:00,BANKNIFTY29SEP2655900PE,55900.0,PE,29SEP2026,201.0,201.0,201.0,201.0,1
2026-08-21 10:55:00,BANKNIFTY29SEP2656000PE,56000.0,PE,29SEP2026,213.0,216.3,213.0,216.3,28
2026-08-21 10:55:00,BANKNIFTY29SEP2656500PE,56500.0,PE,29SEP2026,296.65,298.7,296.35,298.7,6
2026-08-21 10:55:00,BANKNIFTY29SEP2657000CE,57000.0,CE,29SEP2026,1508.15,1513.95,1508.0,1513.9,9
2026-08-21 10:55:00,BANKNIFTY29SEP2657000PE,57000.0,PE,29SEP2026,414.0,415.1,414.0,415.0,49
2026-08-21 10:55:00,BANKNIFTY29SEP2657200PE,57200.0,PE,29SEP2026,472.4,472.4,472.35,472.35,2
2026-08-21 10:55:00,BANKNIFTY29SEP2657300CE,57300.0,CE,29SEP2026,1300.0,1300.0,1300.0,1300.0,1
2026-08-21 10:55:00,BANKNIFTY29SEP2657500CE,57500.0,CE,29SEP2026,1171.9,1171.9,1165.25,1165.25,4
2026-08-21 10:55:00,BANKNIFTY29SEP2657500PE,57500.0,PE,29SEP2026,567.5,571.45,567.5,569.3,6
2026-08-21 10:56:00,BANKNIFTY29SEP2656000PE,56000.0,PE,29SEP2026,215.4,217.6,214.65,215.3,93
2026-08-21 10:56:00,BANKNIFTY29SEP2656300PE,56300.0,PE,29SEP2026,259.95,259.95,259.9,259.9,2
2026-08-21 10:56:00,BANKNIFTY29SEP2656500PE,56500.0,PE,29SEP2026,298.75,298.75,298.75,298.75,3
2026-08-21 10:56:00,BANKNIFTY29SEP2656800PE,56800.0,PE,29SEP2026,365.0,365.0,365.0,365.0,1
2026-08-21 10:56:00,BANKNIFTY29SEP2657000CE,57000.0,CE,29SEP2026,1510.05,1510.05,1510.05,1510.05,1
2026-08-21 10:56:00,BANKNIFTY29SEP2657000PE,57000.0,PE,29SEP2026,415.95,415.95,415.0,415.0,10
2026-08-21 10:56:00,BANKNIFTY29SEP2657100PE,57100.0,PE,29SEP2026,442.15,446.5,442.1,444.1,6
2026-08-21 10:56:00,BANKNIFTY29SEP2657300CE,57300.0,CE,29SEP2026,1303.0,1303.0,1303.0,1303.0,1
2026-08-21 10:56:00,BANKNIFTY29SEP2657300PE,57300.0,PE,29SEP2026,505.7,508.7,505.7,508.6,5
2026-08-21 10:56:00,BANKNIFTY29SEP2657500PE,57500.0,PE,29SEP2026,569.3,569.3,567.8,568.65,43
2026-08-21 10:57:00,BANKNIFTY29SEP2656000PE,56000.0,PE,29SEP2026,215.7,219.3,215.65,216.5,56
2026-08-21 10:57:00,BANKNIFTY29SEP2656500PE,56500.0,PE,29SEP2026,299.95,300.3,299.95,300.3,4
2026-08-21 10:57:00,BANKNIFTY29SEP2656600PE,56600.0,PE,29SEP2026,321.2,321.2,321.2,321.2,1
2026-08-21 10:57:00,BANKNIFTY29SEP2656900PE,56900.0,PE,29SEP2026,391.9,392.0,391.9,392.0,35
2026-08-21 10:57:00,BANKNIFTY29SEP2657000CE,57000.0,CE,29SEP2026,1510.0,1510.0,1510.0,1510.0,1
2026-08-21 10:57:00,BANKNIFTY29SEP2657000PE,57000.0,PE,29SEP2026,416.0,418.0,416.0,418.0,21
2026-08-21 10:57:00,BANKNIFTY29SEP2657100CE,57100.0,CE,29SEP2026,1431.7,1431.7,1431.7,1431.7,1
2026-08-21 10:57:00,BANKNIFTY29SEP2657200PE,57200.0,PE,29SEP2026,476.3,476.3,476.3,476.3,1
2026-08-21 10:57:00,BANKNIFTY29SEP2657400CE,57400.0,CE,29SEP2026,1232.0,1232.0,1232.0,1232.0,2
2026-08-21 10:57:00,BANKNIFTY29SEP2657500CE,57500.0,CE,29SEP2026,1166.6,1166.6,1158.2,1158.2,5
2026-08-21 10:57:00,BANKNIFTY29SEP2657500PE,57500.0,PE,29SEP2026,572.1,572.1,571.25,571.25,3
2026-08-21 10:58:00,BANKNIFTY29SEP2655500PE,55500.0,PE,29SEP2026,153.3,153.3,152.9,153.3,11
2026-08-21 10:58:00,BANKNIFTY29SEP2656000PE,56000.0,PE,29SEP2026,217.0,217.75,216.0,216.0,16
2026-08-21 10:58:00,BANKNIFTY29SEP2656400PE,56400.0,PE,29SEP2026,286.2,286.2,286.2,286.2,1
2026-08-21 10:58:00,BANKNIFTY29SEP2656500PE,56500.0,PE,29SEP2026,300.0,300.0,298.6,298.6,6
2026-08-21 10:58:00,BANKNIFTY29SEP2656600PE,56600.0,PE,29SEP2026,322.6,322.6,318.85,318.85,2
2026-08-21 10:58:00,BANKNIFTY29SEP2656800PE,56800.0,PE,29SEP2026,368.65,368.65,368.65,368.65,1
2026-08-21 10:58:00,BANKNIFTY29SEP2656900PE,56900.0,PE,29SEP2026,392.0,392.0,392.0,392.0,7
2026-08-21 10:58:00,BANKNIFTY29SEP2657000CE,57000.0,CE,29SEP2026,1507.95,1507.95,1507.95,1507.95,2
2026-08-21 10:58:00,BANKNIFTY29SEP2657000PE,57000.0,PE,29SEP2026,418.1,418.1,416.25,416.25,6
2026-08-21 10:58:00,BANKNIFTY29SEP2657200CE,57200.0,CE,29SEP2026,1365.0,1365.0,1365.0,1365.0,1
2026-08-21 10:58:00,BANKNIFTY29SEP2657200PE,57200.0,PE,29SEP2026,477.0,477.0,477.0,477.0,4
2026-08-21 10:58:00,BANKNIFTY29SEP2657500PE,57500.0,PE,29SEP2026,575.25,575.25,572.0,572.0,6
2026-08-21 10:59:00,BANKNIFTY29SEP2656000PE,56000.0,PE,29SEP2026,215.95,217.05,215.95,217.05,40
2026-08-21 10:59:00,BANKNIFTY29SEP2656500CE,56500.0,CE,29SEP2026,1890.25,1890.3,1890.25,1890.3,2
2026-08-21 10:59:00,BANKNIFTY29SEP2656500PE,56500.0,PE,29SEP2026,297.7,297.7,297.65,297.65,2
2026-08-21 10:59:00,BANKNIFTY29SEP2656700PE,56700.0,PE,29SEP2026,342.85,342.85,342.85,342.85,2
2026-08-21 10:59:00,BANKNIFTY29SEP2657000CE,57000.0,CE,29SEP2026,1507.95,1511.95,1504.0,1511.0,15
2026-08-21 10:59:00,BANKNIFTY29SEP2657000PE,57000.0,PE,29SEP2026,415.5,416.15,415.5,416.05,10
2026-08-21 10:59:00,BANKNIFTY29SEP2657300CE,57300.0,CE,29SEP2026,1302.85,1302.85,1302.85,1302.85,1
2026-08-21 10:59:00,BANKNIFTY29SEP2657500CE,57500.0,CE,29SEP2026,1165.0,1167.65,1165.0,1167.65,5
2026-08-21 10:59:00,BANKNIFTY29SEP2657500PE,57500.0,PE,29SEP2026,571.25,572.0,571.25,571.25,8
2026-08-21 11:00:00,BANKNIFTY29SEP2656500PE,56500.0,PE,29SEP2026,298.7,298.7,298.7,298.7,1
2026-08-21 11:00:00,BANKNIFTY29SEP2656900PE,56900.0,PE,29SEP2026,390.85,390.85,390.8,390.8,2
2026-08-21 11:00:00,BANKNIFTY29SEP2657000CE,57000.0,CE,29SEP2026,1514.95,1515.0,1514.95,1515.0,4
2026-08-21 11:00:00,BANKNIFTY29SEP2657000PE,57000.0,PE,29SEP2026,418.9,418.9,417.25,417.25,2
2026-08-21 11:00:00,BANKNIFTY29SEP2657100PE,57100.0,PE,29SEP2026,445.05,445.05,444.75,444.85,4
2026-08-21 11:00:00,BANKNIFTY29SEP2657400CE,57400.0,CE,29SEP2026,1237.2,1237.2,1237.2,1237.2,3
2026-08-21 11:00:00,BANKNIFTY29SEP2657500CE,57500.0,CE,29SEP2026,1165.0,1166.1,1165.0,1166.1,2
2026-08-21 11:00:00,BANKNIFTY29SEP2657500PE,57500.0,PE,29SEP2026,571.85,571.9,571.25,571.25,65
2026-08-21 11:01:00,BANKNIFTY29SEP2655500PE,55500.0,PE,29SEP2026,152.9,153.3,152.35,152.35,16
2026-08-21 11:01:00,BANKNIFTY29SEP2655900PE,55900.0,PE,29SEP2026,200.75,200.75,200.75,200.75,1
2026-08-21 11:01:00,BANKNIFTY29SEP2656000PE,56000.0,PE,29SEP2026,215.65,215.65,215.65,215.65,2
2026-08-21 11:01:00,BANKNIFTY29SEP2656500CE,56500.0,CE,29SEP2026,1878.95,1878.95,1878.9,1878.9,2
2026-08-21 11:01:00,BANKNIFTY29SEP2656500PE,56500.0,PE,29SEP2026,297.1,298.15,297.1,298.15,3
2026-08-21 11:01:00,BANKNIFTY29SEP2657000CE,57000.0,CE,29SEP2026,1517.0,1517.0,1517.0,1517.0,1
2026-08-21 11:01:00,BANKNIFTY29SEP2657000PE,57000.0,PE,29SEP2026,414.0,414.0,413.5,413.5,5
2026-08-21 11:01:00,BANKNIFTY29SEP2657300PE,57300.0,PE,29SEP2026,504.3,504.3,504.3,504.3,1
2026-08-21 11:01:00,BANKNIFTY29SEP2657400PE,57400.0,PE,29SEP2026,537.05,537.05,537.0,537.0,5
2026-08-21 11:01:00,BANKNIFTY29SEP2657500CE,57500.0,CE,29SEP2026,1170.0,1170.75,1170.0,1170.75,2
2026-08-21 11:01:00,BANKNIFTY29SEP2657500PE,57500.0,PE,29SEP2026,570.0,570.0,566.55,569.0,50
2026-08-21 11:02:00,BANKNIFTY29SEP2655500PE,55500.0,PE,29SEP2026,153.15,156.7,153.15,154.35,110
2026-08-21 11:02:00,BANKNIFTY29SEP2656000PE,56000.0,PE,29SEP2026,214.2,215.0,214.2,214.8,12
2026-08-21 11:02:00,BANKNIFTY29SEP2656500PE,56500.0,PE,29SEP2026,298.15,298.25,298.15,298.25,3
2026-08-21 11:02:00,BANKNIFTY29SEP2656800PE,56800.0,PE,29SEP2026,363.05,363.05,363.05,363.05,2
2026-08-21 11:02:00,BANKNIFTY29SEP2657000CE,57000.0,CE,29SEP2026,1515.0,1515.0,1515.0,1515.0,3
2026-08-21 11:02:00,BANKNIFTY29SEP2657000PE,57000.0,PE,29SEP2026,414.05,416.5,414.0,415.95,31
2026-08-21 11:02:00,BANKNIFTY29SEP2657200PE,57200.0,PE,29SEP2026,473.05,475.4,468.85,475.4,25
2026-08-21 11:02:00,BANKNIFTY29SEP2657400PE,57400.0,PE,29SEP2026,536.15,536.15,534.65,534.65,4
2026-08-21 11:02:00,BANKNIFTY29SEP2657500CE,57500.0,CE,29SEP2026,1170.4,1170.4,1170.4,1170.4,2
2026-08-21 11:02:00,BANKNIFTY29SEP2657500PE,57500.0,PE,29SEP2026,570.9,570.9,568.0,570.4,4
2026-08-21 11:03:00,BANKNIFTY29SEP2655500PE,55500.0,PE,29SEP2026,153.25,153.65,153.25,153.65,4
2026-08-21 11:03:00,BANKNIFTY29SEP2655800PE,55800.0,PE,29SEP2026,188.9,188.9,188.85,188.85,4
2026-08-21 11:03:00,BANKNIFTY29SEP2656000PE,56000.0,PE,29SEP2026,216.35,216.8,214.4,214.45,17
2026-08-21 11:03:00,BANKNIFTY29SEP2656200PE,56200.0,PE,29SEP2026,248.55,248.6,248.55,248.6,2
2026-08-21 11:03:00,BANKNIFTY29SEP2656300PE,56300.0,PE,29SEP2026,265.45,265.5,265.45,265.5,2
2026-08-21 11:03:00,BANKNIFTY29SEP2656500PE,56500.0,PE,29SEP2026,298.25,298.25,298.25,298.25,2
2026-08-21 11:03:00,BANKNIFTY29SEP2656600PE,56600.0,PE,29SEP2026,319.1,319.1,319.1,319.1,1
2026-08-21 11:03:00,BANKNIFTY29SEP2657000PE,57000.0,PE,29SEP2026,416.95,416.95,415.15,415.15,2
2026-08-21 11:03:00,BANKNIFTY29SEP2657500CE,57500.0,CE,29SEP2026,1170.35,1170.35,1170.35,1170.35,1
2026-08-21 11:03:00,BANKNIFTY29SEP2657500PE,57500.0,PE,29SEP2026,569.4,569.4,566.5,568.8,6
2026-08-21 11:04:00,BANKNIFTY29SEP2655500PE,55500.0,PE,29SEP2026,154.1,154.1,154.05,154.05,5
2026-08-21 11:04:00,BANKNIFTY29SEP2656000PE,56000.0,PE,29SEP2026,216.85,216.85,216.85,216.85,1
2026-08-21 11:04:00,BANKNIFTY29SEP2656500PE,56500.0,PE,29SEP2026,297.05,297.3,297.05,297.3,2
2026-08-21 11:04:00,BANKNIFTY29SEP2656800PE,56800.0,PE,29SEP2026,362.6,362.6,362.6,362.6,1
2026-08-21 11:04:00,BANKNIFTY29SEP2657000CE,57000.0,CE,29SEP2026,1518.95,1518.95,1518.95,1518.95,1
2026-08-21 11:04:00,BANKNIFTY29SEP2657000PE,57000.0,PE,29SEP2026,415.8,415.85,414.05,415.85,3
2026-08-21 11:04:00,BANKNIFTY29SEP2657500PE,57500.0,PE,29SEP2026,568.65,570.75,568.65,569.35,4
2026-08-21 11:05:00,BANKNIFTY29SEP2655500PE,55500.0,PE,29SEP2026,153.05,153.6,153.05,153.6,6
2026-08-21 11:05:00,BANKNIFTY29SEP2655800PE,55800.0,PE,29SEP2026,186.95,186.95,186.85,186.85,2
2026-08-21 11:05:00,BANKNIFTY29SEP2656000PE,56000.0,PE,29SEP2026,215.5,215.5,215.5,215.5,1
2026-08-21 11:05:00,BANKNIFTY29SEP2656200PE,56200.0,PE,29SEP2026,243.8,243.8,240.0,240.0,7
2026-08-21 11:05:00,BANKNIFTY29SEP2656500PE,56500.0,PE,29SEP2026,297.0,298.75,297.0,298.75,2
2026-08-21 11:05:00,BANKNIFTY29SEP2657000CE,57000.0,CE,29SEP2026,1514.95,1514.95,1514.95,1514.95,1
2026-08-21 11:05:00,BANKNIFTY29SEP2657000PE,57000.0,PE,29SEP2026,414.6,414.6,414.6,414.6,1
2026-08-21 11:05:00,BANKNIFTY29SEP2657400PE,57400.0,PE,29SEP2026,539.0,540.5,539.0,540.5,7
2026-08-21 11:05:00,BANKNIFTY29SEP2657500CE,57500.0,CE,29SEP2026,1168.0,1168.0,1168.0,1168.0,1
2026-08-21 11:05:00,BANKNIFTY29SEP2657500PE,57500.0,PE,29SEP2026,568.6,569.65,568.15,569.65,5
2026-08-21 11:06:00,BANKNIFTY29SEP2655500PE,55500.0,PE,29SEP2026,153.55,154.0,153.2,154.0,16
2026-08-21 11:06:00,BANKNIFTY29SEP2656000PE,56000.0,PE,29SEP2026,215.9,216.6,215.25,215.25,19
2026-08-21 11:06:00,BANKNIFTY29SEP2656200PE,56200.0,PE,29SEP2026,242.4,242.4,242.4,242.4,1
2026-08-21 11:06:00,BANKNIFTY29SEP2656500PE,56500.0,PE,29SEP2026,297.35,298.0,297.3,298.0,4
2026-08-21 11:06:00,BANKNIFTY29SEP2656600PE,56600.0,PE,29SEP2026,316.75,316.75,316.75,316.75,1
2026-08-21 11:06:00,BANKNIFTY29SEP2657000CE,57000.0,CE,29SEP2026,1514.95,1514.95,1514.95,1514.95,1
2026-08-21 11:06:00,BANKNIFTY29SEP2657000PE,57000.0,PE,29SEP2026,416.45,417.55,414.9,415.55,19
2026-08-21 11:06:00,BANKNIFTY29SEP2657400PE,57400.0,PE,29SEP2026,536.1,536.1,536.05,536.05,2
2026-08-21 11:06:00,BANKNIFTY29SEP2657500CE,57500.0,CE,29SEP2026,1170.4,1170.4,1166.0,1166.0,8
2026-08-21 11:06:00,BANKNIFTY29SEP2657500PE,57500.0,PE,29SEP2026,569.65,570.5,568.4,570.5,14
2026-08-21 11:07:00,BANKNIFTY29SEP2655500PE,55500.0,PE,29SEP2026,152.85,154.5,152.85,154.5,5
2026-08-21 11:07:00,BANKNIFTY29SEP2656000PE,56000.0,PE,29SEP2026,215.2,215.95,214.8,214.95,17
2026-08-21 11:07:00,BANKNIFTY29SEP2657000CE,57000.0,CE,29SEP2026,1514.95,1514.95,1508.1,1508.1,2
2026-08-21 11:07:00,BANKNIFTY29SEP2657000PE,57000.0,PE,29SEP2026,415.25,418.0,415.25,415.55,13
2026-08-21 11:07:00,BANKNIFTY29SEP2657500CE,57500.0,CE,29SEP2026,1168.9,1168.9,1164.25,1164.25,5
2026-08-21 11:07:00,BANKNIFTY29SEP2657500PE,57500.0,PE,29SEP2026,568.55,570.4,568.25,570.4,20
2026-08-21 11:08:00,BANKNIFTY29SEP2655500PE,55500.0,PE,29SEP2026,153.9,155.35,153.9,155.35,21
2026-08-21 11:08:00,BANKNIFTY29SEP2656500PE,56500.0,PE,29SEP2026,298.85,298.85,298.85,298.85,2
2026-08-21 11:08:00,BANKNIFTY29SEP2657000PE,57000.0,PE,29SEP2026,415.1,415.1,415.0,415.0,4
2026-08-21 11:08:00,BANKNIFTY29SEP2657400CE,57400.0,CE,29SEP2026,1232.0,1232.0,1232.0,1232.0,2
2026-08-21 11:08:00,BANKNIFTY29SEP2657400PE,57400.0,PE,29SEP2026,540.1,540.1,539.95,539.95,3
2026-08-21 11:08:00,BANKNIFTY29SEP2657500CE,57500.0,CE,29SEP2026,1169.6,1169.6,1166.15,1168.0,6
2026-08-21 11:08:00,BANKNIFTY29SEP2657500PE,57500.0,PE,29SEP2026,569.0,570.6,569.0,570.6,7
2026-08-21 11:09:00,BANKNIFTY29SEP2655500PE,55500.0,PE,29SEP2026,154.2,155.05,153.85,154.25,30
2026-08-21 11:09:00,BANKNIFTY29SEP2656000PE,56000.0,PE,29SEP2026,217.0,217.0,217.0,217.0,5
2026-08-21 11:09:00,BANKNIFTY29SEP2656300PE,56300.0,PE,29SEP2026,261.55,261.55,260.9,260.9,4
2026-08-21 11:09:00,BANKNIFTY29SEP2656500PE,56500.0,PE,29SEP2026,299.0,299.25,297.85,297.85,9
2026-08-21 11:09:00,BANKNIFTY29SEP2656700PE,56700.0,PE,29SEP2026,343.0,343.0,343.0,343.0,1
2026-08-21 11:09:00,BANKNIFTY29SEP2657000CE,57000.0,CE,29SEP2026,1508.0,1508.0,1508.0,1508.0,1
2026-08-21 11:09:00,BANKNIFTY29SEP2657000PE,57000.0,PE,29SEP2026,417.15,417.25,416.65,416.65,10
2026-08-21 11:09:00,BANKNIFTY29SEP2657300PE,57300.0,PE,29SEP2026,510.0,510.0,510.0,510.0,1
2026-08-21 11:09:00,BANKNIFTY29SEP2657500CE,57500.0,CE,29SEP2026,1165.0,1165.0,1159.4,1159.4,3
2026-08-21 11:09:00,BANKNIFTY29SEP2657500PE,57500.0,PE,29SEP2026,570.6,573.7,570.6,573.7,12
2026-08-21 11:10:00,BANKNIFTY29SEP2655500PE,55500.0,PE,29SEP2026,154.15,155.55,154.15,155.15,21
2026-08-21 11:10:00,BANKNIFTY29SEP2656000PE,56000.0,PE,29SEP2026,218.0,219.55,217.7,219.55,47
2026-08-21 11:10:00,BANKNIFTY29SEP2656500CE,56500.0,CE,29SEP2026,1879.0,1879.0,1879.0,1879.0,1
2026-08-21 11:10:00,BANKNIFTY29SEP2656500PE,56500.0,PE,29SEP2026,299.95,303.25,299.95,303.25,12
2026-08-21 11:10:00,BANKNIFTY29SEP2656600PE,56600.0,PE,29SEP2026,323.55,323.55,323.55,323.55,1
2026-08-21 11:10:00,BANKNIFTY29SEP2657000CE,57000.0,CE,29SEP2026,1500.15,1500.15,1500.0,1500.0,3
2026-08-21 11:10:00,BANKNIFTY29SEP2657000PE,57000.0,PE,29SEP2026,416.95,420.0,416.9,420.0,15
2026-08-21 11:10:00,BANKNIFTY29SEP2657400CE,57400.0,CE,29SEP2026,1231.55,1231.65,1231.55,1231.65,2
2026-08-21 11:10:00,BANKNIFTY29SEP2657400PE,57400.0,PE,29SEP2026,540.35,540.35,540.3,540.3,2
2026-08-21 11:10:00,BANKNIFTY29SEP2657500CE,57500.0,CE,29SEP2026,1157.6,1161.75,1155.0,1155.95,30
2026-08-21 11:10:00,BANKNIFTY29SEP2657500PE,57500.0,PE,29SEP2026,572.0,576.6,572.0,576.6,17
2026-08-21 11:11:00,BANKNIFTY29SEP2655500PE,55500.0,PE,29SEP2026,155.1,155.1,155.1,155.1,43
2026-08-21 11:11:00,BANKNIFTY29SEP2656000PE,56000.0,PE,29SEP2026,219.0,219.05,218.2,218.2,27
2026-08-21 11:11:00,BANKNIFTY29SEP2656300PE,56300.0,PE,29SEP2026,267.2,267.2,267.2,267.2,1
2026-08-21 11:11:00,BANKNIFTY29SEP2656500PE,56500.0,PE,29SEP2026,300.45,300.45,300.45,300.45,1
2026-08-21 11:11:00,BANKNIFTY29SEP2656900PE,56900.0,PE,29SEP2026,396.75,396.75,396.75,396.75,1
2026-08-21 11:11:00,BANKNIFTY29SEP2657000CE,57000.0,CE,29SEP2026,1499.25,1500.45,1499.05,1500.45,3
2026-08-21 11:11:00,BANKNIFTY29SEP2657000PE,57000.0,PE,29SEP2026,420.25,420.25,420.0,420.05,3
2026-08-21 11:11:00,BANKNIFTY29SEP2657400PE,57400.0,PE,29SEP2026,545.55,545.65,544.6,544.6,5
2026-08-21 11:11:00,BANKNIFTY29SEP2657500CE,57500.0,CE,29SEP2026,1152.45,1153.0,1150.7,1152.05,12
2026-08-21 11:11:00,BANKNIFTY29SEP2657500PE,57500.0,PE,29SEP2026,576.0,576.95,576.0,576.95,21
2026-08-21 11:12:00,BANKNIFTY29SEP2655900PE,55900.0,PE,29SEP2026,202.65,202.65,202.65,202.65,1
2026-08-21 11:12:00,BANKNIFTY29SEP2656000PE,56000.0,PE,29SEP2026,218.0,218.0,218.0,218.0,4
2026-08-21 11:12:00,BANKNIFTY29SEP2656400PE,56400.0,PE,29SEP2026,281.65,281.65,281.6,281.6,2
2026-08-21 11:12:00,BANKNIFTY29SEP2656500CE,56500.0,CE,29SEP2026,1886.0,1886.0,1886.0,1886.0,2
2026-08-21 11:12:00,BANKNIFTY29SEP2656500PE,56500.0,PE,29SEP2026,300.25,300.5,298.5,298.5,14
2026-08-21 11:12:00,BANKNIFTY29SEP2656800PE,56800.0,PE,29SEP2026,367.0,367.0,367.0,367.0,1
2026-08-21 11:12:00,BANKNIFTY29SEP2656900PE,56900.0,PE,29SEP2026,392.3,392.3,392.3,392.3,1
2026-08-21 11:12:00,BANKNIFTY29SEP2657000CE,57000.0,CE,29SEP2026,1510.0,1510.0,1510.0,1510.0,1
2026-08-21 11:12:00,BANKNIFTY29SEP2657000PE,57000.0,PE,29SEP2026,417.8,417.8,415.0,415.0,13
2026-08-21 11:12:00,BANKNIFTY29SEP2657300CE,57300.0,CE,29SEP2026,1301.95,1301.95,1301.95,1301.95,2
2026-08-21 11:12:00,BANKNIFTY29SEP2657500CE,57500.0,CE,29SEP2026,1160.35,1160.35,1160.35,1160.35,1
2026-08-21 11:12:00,BANKNIFTY29SEP2657500PE,57500.0,PE,29SEP2026,575.0,575.0,570.0,571.05,74
2026-08-21 11:13:00,BANKNIFTY29SEP2656000PE,56000.0,PE,29SEP2026,216.15,216.15,216.0,216.0,6
2026-08-21 11:13:00,BANKNIFTY29SEP2656500CE,56500.0,CE,29SEP2026,1878.55,1878.55,1878.55,1878.55,1
2026-08-21 11:13:00,BANKNIFTY29SEP2656900PE,56900.0,PE,29SEP2026,392.25,393.45,392.25,393.45,2
2026-08-21 11:13:00,BANKNIFTY29SEP2657000PE,57000.0,PE,29SEP2026,416.8,416.8,416.8,416.8,1
2026-08-21 11:13:00,BANKNIFTY29SEP2657400PE,57400.0,PE,29SEP2026,539.1,539.1,539.1,539.1,12
2026-08-21 11:13:00,BANKNIFTY29SEP2657500CE,57500.0,CE,29SEP2026,1162.05,1162.05,1162.05,1162.05,1
2026-08-21 11:13:00,BANKNIFTY29SEP2657500PE,57500.0,PE,29SEP2026,570.95,571.0,570.95,571.0,2
2026-08-21 11:14:00,BANKNIFTY29SEP2655500PE,55500.0,PE,29SEP2026,152.95,154.25,152.95,153.35,4
2026-08-21 11:14:00,BANKNIFTY29SEP2656000PE,56000.0,PE,29SEP2026,216.95,216.95,215.65,215.75,3
2026-08-21 11:14:00,BANKNIFTY29SEP2656200PE,56200.0,PE,29SEP2026,248.05,248.1,248.05,248.1,2
2026-08-21 11:14:00,BANKNIFTY29SEP2657000CE,57000.0,CE,29SEP2026,1510.95,1510.95,1510.95,1510.95,1
2026-08-21 11:14:00,BANKNIFTY29SEP2657000PE,57000.0,PE,29SEP2026,417.0,417.0,416.05,416.05,2
2026-08-21 11:14:00,BANKNIFTY29SEP2657400PE,57400.0,PE,29SEP2026,540.65,540.7,540.65,540.7,2
2026-08-21 11:14:00,BANKNIFTY29SEP2657500CE,57500.0,CE,29SEP2026,1164.35,1164.35,1164.35,1164.35,3
2026-08-21 11:14:00,BANKNIFTY29SEP2657500PE,57500.0,PE,29SEP2026,570.2,571.45,570.05,571.45,3
2026-08-21 11:15:00,BANKNIFTY29SEP2655500PE,55500.0,PE,29SEP2026,154.25,154.25,154.25,154.25,2
2026-08-21 11:15:00,BANKNIFTY29SEP2656000CE,56000.0,CE,29SEP2026,2290.3,2290.3,2282.3,2282.3,8
2026-08-21 11:15:00,BANKNIFTY29SEP2656000PE,56000.0,PE,29SEP2026,216.85,219.8,214.9,216.45,36
2026-08-21 11:15:00,BANKNIFTY29SEP2656500PE,56500.0,PE,29SEP2026,299.35,299.35,299.35,299.35,2
2026-08-21 11:15:00,BANKNIFTY29SEP2656700PE,56700.0,PE,29SEP2026,343.0,343.0,343.0,343.0,1
2026-08-21 11:15:00,BANKNIFTY29SEP2657000PE,57000.0,PE,29SEP2026,416.75,417.4,416.75,417.4,10
2026-08-21 11:15:00,BANKNIFTY29SEP2657300CE,57300.0,CE,29SEP2026,1301.0,1302.0,1301.0,1302.0,8
2026-08-21 11:15:00,BANKNIFTY29SEP2657400PE,57400.0,PE,29SEP2026,541.3,541.3,541.3,541.3,1
2026-08-21 11:15:00,BANKNIFTY29SEP2657500CE,57500.0,CE,29SEP2026,1170.85,1170.95,1169.15,1170.95,14
2026-08-21 11:15:00,BANKNIFTY29SEP2657500PE,57500.0,PE,29SEP2026,570.2,570.2,570.2,570.2,2
2026-08-21 11:16:00,BANKNIFTY29SEP2655500PE,55500.0,PE,29SEP2026,155.0,155.15,155.0,155.15,10
2026-08-21 11:16:00,BANKNIFTY29SEP2656000CE,56000.0,CE,29SEP2026,2282.3,2282.3,2278.25,2278.25,3
2026-08-21 11:16:00,BANKNIFTY29SEP2656000PE,56000.0,PE,29SEP2026,216.2,216.2,215.25,215.6,14
2026-08-21 11:16:00,BANKNIFTY29SEP2656500PE,56500.0,PE,29SEP2026,301.3,301.35,301.3,301.35,2
2026-08-21 11:16:00,BANKNIFTY29SEP2656700PE,56700.0,PE,29SEP2026,344.3,344.3,344.3,344.3,1
2026-08-21 11:16:00,BANKNIFTY29SEP2657000PE,57000.0,PE,29SEP2026,418.7,418.75,417.85,417.85,4
2026-08-21 11:16:00,BANKNIFTY29SEP2657100CE,57100.0,CE,29SEP2026,1427.55,1427.55,1427.55,1427.55,1
2026-08-21 11:16:00,BANKNIFTY29SEP2657200PE,57200.0,PE,29SEP2026,474.7,474.7,474.65,474.65,2
2026-08-21 11:16:00,BANKNIFTY29SEP2657300CE,57300.0,CE,29SEP2026,1290.45,1290.45,1290.45,1290.45,1
2026-08-21 11:16:00,BANKNIFTY29SEP2657500CE,57500.0,CE,29SEP2026,1160.4,1160.4,1160.4,1160.4,2
2026-08-21 11:16:00,BANKNIFTY29SEP2657500PE,57500.0,PE,29SEP2026,572.0,573.0,572.0,573.0,3
2026-08-21 11:17:00,BANKNIFTY29SEP2656000CE,56000.0,CE,29SEP2026,2271.75,2271.75,2271.75,2271.75,2
2026-08-21 11:17:00,BANKNIFTY29SEP2656000PE,56000.0,PE,29SEP2026,216.65,216.85,216.65,216.85,4
2026-08-21 11:17:00,BANKNIFTY29SEP2656500PE,56500.0,PE,29SEP2026,299.1,299.1,299.0,299.0,5
2026-08-21 11:17:00,BANKNIFTY29SEP2656800PE,56800.0,PE,29SEP2026,368.8,370.9,368.8,370.9,3
2026-08-21 11:17:00,BANKNIFTY29SEP2656900PE,56900.0,PE,29SEP2026,393.05,393.05,393.05,393.05,1
2026-08-21 11:17:00,BANKNIFTY29SEP2657000CE,57000.0,CE,29SEP2026,1500.0,1500.0,1500.0,1500.0,1
2026-08-21 11:17:00,BANKNIFTY29SEP2657000PE,57000.0,PE,29SEP2026,418.65,423.95,418.65,423.95,41
2026-08-21 11:17:00,BANKNIFTY29SEP2657100PE,57100.0,PE,29SEP2026,453.15,453.15,453.15,453.15,1
2026-08-21 11:17:00,BANKNIFTY29SEP2657200CE,57200.0,CE,29SEP2026,1350.4,1350.4,1350.4,1350.4,1
2026-08-21 11:17:00,BANKNIFTY29SEP2657200PE,57200.0,PE,29SEP2026,478.65,481.95,478.65,481.95,3
2026-08-21 11:17:00,BANKNIFTY29SEP2657300PE,57300.0,PE,29SEP2026,510.0,511.9,510.0,511.9,2
2026-08-21 11:17:00,BANKNIFTY29SEP2657400PE,57400.0,PE,29SEP2026,546.95,547.0,546.95,547.0,2
2026-08-21 11:17:00,BANKNIFTY29SEP2657500CE,57500.0,CE,29SEP2026,1160.35,1160.35,1160.0,1160.0,6
2026-08-21 11:17:00,BANKNIFTY29SEP2657500PE,57500.0,PE,29SEP2026,572.7,575.0,572.7,575.0,2
2026-08-21 11:18:00,BANKNIFTY29SEP2656000CE,56000.0,CE,29SEP2026,2275.0,2275.0,2275.0,2275.0,1
2026-08-21 11:18:00,BANKNIFTY29SEP2656000PE,56000.0,PE,29SEP2026,217.6,217.6,217.6,217.6,3
2026-08-21 11:18:00,BANKNIFTY29SEP2656900PE,56900.0,PE,29SEP2026,396.95,401.0,396.95,401.0,10
2026-08-21 11:18:00,BANKNIFTY29SEP2657000CE,57000.0,CE,29SEP2026,1495.9,1499.9,1494.2,1499.9,6
2026-08-21 11:18:00,BANKNIFTY29SEP2657000PE,57000.0,PE,29SEP2026,420.15,422.95,420.15,420.85,9
2026-08-21 11:18:00,BANKNIFTY29SEP2657500CE,57500.0,CE,29SEP2026,1154.15,1155.7,1151.0,1151.05,44
2026-08-21 11:18:00,BANKNIFTY29SEP2657500PE,57500.0,PE,29SEP2026,576.0,577.0,576.0,577.0,3
2026-08-21 11:19:00,BANKNIFTY29SEP2655500PE,55500.0,PE,29SEP2026,154.95,154.95,154.3,154.3,15
2026-08-21 11:19:00,BANKNIFTY29SEP2655800PE,55800.0,PE,29SEP2026,193.0,193.0,193.0,193.0,1
2026-08-21 11:19:00,BANKNIFTY29SEP2656000PE,56000.0,PE,29SEP2026,217.7,217.7,217.7,217.7,1
2026-08-21 11:19:00,BANKNIFTY29SEP2656500PE,56500.0,PE,29SEP2026,301.25,301.7,301.25,301.7,5
2026-08-21 11:19:00,BANKNIFTY29SEP2657000CE,57000.0,CE,29SEP2026,1500.0,1500.0,1500.0,1500.0,1
2026-08-21 11:19:00,BANKNIFTY29SEP2657000PE,57000.0,PE,29SEP2026,420.95,420.95,420.0,420.0,2
2026-08-21 11:19:00,BANKNIFTY29SEP2657500CE,57500.0,CE,29SEP2026,1156.5,1158.3,1152.95,1158.3,22
2026-08-21 11:19:00,BANKNIFTY29SEP2657500PE,57500.0,PE,29SEP2026,577.45,577.45,573.55,574.45,15
2026-08-21 11:20:00,BANKNIFTY29SEP2655500PE,55500.0,PE,29SEP2026,155.7,155.7,155.7,155.7,1
2026-08-21 11:20:00,BANKNIFTY29SEP2655800PE,55800.0,PE,29SEP2026,189.25,189.25,189.25,189.25,1
2026-08-21 11:20:00,BANKNIFTY29SEP2656000PE,56000.0,PE,29SEP2026,217.65,217.7,217.0,217.0,6
2026-08-21 11:20:00,BANKNIFTY29SEP2656500PE,56500.0,PE,29SEP2026,303.0,303.0,303.0,303.0,1
2026-08-21 11:20:00,BANKNIFTY29SEP2657000CE,57000.0,CE,29SEP2026,1501.0,1501.1,1500.0,1500.0,5
2026-08-21 11:20:00,BANKNIFTY29SEP2657000PE,57000.0,PE,29SEP2026,420.05,420.2,420.05,420.2,6
2026-08-21 11:20:00,BANKNIFTY29SEP2657300PE,57300.0,PE,29SEP2026,512.0,512.0,512.0,512.0,1
2026-08-21 11:20:00,BANKNIFTY29SEP2657500CE,57500.0,CE,29SEP2026,1154.55,1158.15,1154.55,1158.15,2
2026-08-21 11:20:00,BANKNIFTY29SEP2657500PE,57500.0,PE,29SEP2026,576.0,576.0,576.0,576.0,2
2026-08-21 11:21:00,BANKNIFTY29SEP2655500PE,55500.0,PE,29SEP2026,154.0,155.1,153.85,155.1,11
2026-08-21 11:21:00,BANKNIFTY29SEP2656000CE,56000.0,CE,29SEP2026,2273.1,2273.1,2273.0,2273.0,2
2026-08-21 11:21:00,BANKNIFTY29SEP2656500PE,56500.0,PE,29SEP2026,300.45,300.45,300.0,300.0,5
2026-08-21 11:21:00,BANKNIFTY29SEP2657000CE,57000.0,CE,29SEP2026,1500.0,1500.0,1500.0,1500.0,2
2026-08-21 11:21:00,BANKNIFTY29SEP2657000PE,57000.0,PE,29SEP2026,421.5,421.5,419.0,419.0,3
2026-08-21 11:21:00,BANKNIFTY29SEP2657400PE,57400.0,PE,29SEP2026,544.1,544.1,544.1,544.1,1
2026-08-21 11:21:00,BANKNIFTY29SEP2657500PE,57500.0,PE,29SEP2026,575.0,575.0,574.0,574.0,7
2026-08-21 11:22:00,BANKNIFTY29SEP2655500PE,55500.0,PE,29SEP2026,154.2,154.2,154.2,154.2,4
2026-08-21 11:22:00,BANKNIFTY29SEP2655900PE,55900.0,PE,29SEP2026,202.25,202.25,199.25,199.25,6
2026-08-21 11:22:00,BANKNIFTY29SEP2656000PE,56000.0,PE,29SEP2026,217.0,217.0,217.0,217.0,1
2026-08-21 11:22:00,BANKNIFTY29SEP2656500PE,56500.0,PE,29SEP2026,301.4,301.4,301.4,301.4,1
2026-08-21 11:22:00,BANKNIFTY29SEP2657000CE,57000.0,CE,29SEP2026,1505.0,1505.0,1505.0,1505.0,1
2026-08-21 11:22:00,BANKNIFTY29SEP2657200PE,57200.0,PE,29SEP2026,476.55,476.55,476.55,476.55,1
2026-08-21 11:22:00,BANKNIFTY29SEP2657300PE,57300.0,PE,29SEP2026,511.95,511.95,511.55,511.55,2
2026-08-21 11:22:00,BANKNIFTY29SEP2657500CE,57500.0,CE,29SEP2026,1159.6,1159.85,1155.0,1155.0,5
2026-08-21 11:22:00,BANKNIFTY29SEP2657500PE,57500.0,PE,29SEP2026,574.6,574.6,572.5,572.5,6
2026-08-21 11:23:00,BANKNIFTY29SEP2655800PE,55800.0,PE,29SEP2026,189.25,189.25,189.25,189.25,1
2026-08-21 11:23:00,BANKNIFTY29SEP2655900PE,55900.0,PE,29SEP2026,200.95,200.95,200.9,200.9,2
2026-08-21 11:23:00,BANKNIFTY29SEP2656000PE,56000.0,PE,29SEP2026,215.4,215.4,215.4,215.4,3
2026-08-21 11:23:00,BANKNIFTY29SEP2657000PE,57000.0,PE,29SEP2026,419.0,419.0,419.0,419.0,1
2026-08-21 11:23:00,BANKNIFTY29SEP2657400PE,57400.0,PE,29SEP2026,542.0,542.0,542.0,542.0,1
2026-08-21 11:23:00,BANKNIFTY29SEP2657500CE,57500.0,CE,29SEP2026,1160.0,1165.45,1160.0,1165.45,7
2026-08-21 11:23:00,BANKNIFTY29SEP2657500PE,57500.0,PE,29SEP2026,573.75,573.75,571.6,571.6,7
2026-08-21 11:24:00,BANKNIFTY29SEP2657000PE,57000.0,PE,29SEP2026,417.0,417.0,417.0,417.0,2
2026-08-21 11:24:00,BANKNIFTY29SEP2657500CE,57500.0,CE,29SEP2026,1160.1,1160.1,1160.1,1160.1,1
2026-08-21 11:25:00,BANKNIFTY29SEP2655500PE,55500.0,PE,29SEP2026,152.95,152.95,152.1,152.1,13
2026-08-21 11:25:00,BANKNIFTY29SEP2655900PE,55900.0,PE,29SEP2026,200.95,200.95,200.55,200.55,3
2026-08-21 11:25:00,BANKNIFTY29SEP2656000PE,56000.0,PE,29SEP2026,216.1,216.1,216.1,216.1,4
2026-08-21 11:25:00,BANKNIFTY29SEP2656500CE,56500.0,CE,29SEP2026,1878.55,1888.0,1878.55,1888.0,2
2026-08-21 11:25:00,BANKNIFTY29SEP2656500PE,56500.0,PE,29SEP2026,297.5,297.5,297.0,297.0,6
2026-08-21 11:25:00,BANKNIFTY29SEP2656600PE,56600.0,PE,29SEP2026,320.0,320.0,320.0,320.0,1
2026-08-21 11:25:00,BANKNIFTY29SEP2657000CE,57000.0,CE,29SEP2026,1508.0,1510.0,1508.0,1510.0,4
2026-08-21 11:25:00,BANKNIFTY29SEP2657000PE,57000.0,PE,29SEP2026,416.0,416.0,414.6,414.6,5
2026-08-21 11:25:00,BANKNIFTY29SEP2657400PE,57400.0,PE,29SEP2026,538.9,538.9,537.75,537.75,8
2026-08-21 11:25:00,BANKNIFTY29SEP2657500CE,57500.0,CE,29SEP2026,1164.9,1166.15,1164.9,1166.15,3
2026-08-21 11:25:00,BANKNIFTY29SEP2657500PE,57500.0,PE,29SEP2026,571.6,571.6,567.15,567.15,24
2026-08-21 11:26:00,BANKNIFTY29SEP2655500PE,55500.0,PE,29SEP2026,152.4,152.4,152.4,152.4,1
2026-08-21 11:26:00,BANKNIFTY29SEP2655800PE,55800.0,PE,29SEP2026,187.45,187.45,187.45,187.45,1
2026-08-21 11:26:00,BANKNIFTY29SEP2656000PE,56000.0,PE,29SEP2026,214.45,215.3,214.1,214.95,15
2026-08-21 11:26:00,BANKNIFTY29SEP2656400PE,56400.0,PE,29SEP2026,281.3,281.3,281.3,281.3,1
2026-08-21 11:26:00,BANKNIFTY29SEP2656500PE,56500.0,PE,29SEP2026,296.4,296.4,296.35,296.35,2
2026-08-21 11:26:00,BANKNIFTY29SEP2657000PE,57000.0,PE,29SEP2026,413.45,415.0,413.45,414.1,5
2026-08-21 11:26:00,BANKNIFTY29SEP2657500CE,57500.0,CE,29SEP2026,1168.5,1168.5,1165.65,1165.7,3
2026-08-21 11:26:00,BANKNIFTY29SEP2657500PE,57500.0,PE,29SEP2026,568.1,570.35,568.0,570.0,7
2026-08-21 11:27:00,BANKNIFTY29SEP2656000CE,56000.0,CE,29SEP2026,2296.6,2296.6,2296.6,2296.6,1
2026-08-21 11:27:00,BANKNIFTY29SEP2656000PE,56000.0,PE,29SEP2026,214.9,215.2,214.1,215.2,4
2026-08-21 11:27:00,BANKNIFTY29SEP2656200PE,56200.0,PE,29SEP2026,247.25,247.25,247.25,247.25,1
2026-08-21 11:27:00,BANKNIFTY29SEP2656500PE,56500.0,PE,29SEP2026,296.6,296.6,296.35,296.35,5
2026-08-21 11:27:00,BANKNIFTY29SEP2657000PE,57000.0,PE,29SEP2026,414.1,414.1,414.0,414.0,4
2026-08-21 11:27:00,BANKNIFTY29SEP2657200CE,57200.0,CE,29SEP2026,1381.65,1381.65,1381.65,1381.65,1
2026-08-21 11:27:00,BANKNIFTY29SEP2657200PE,57200.0,PE,29SEP2026,472.8,475.8,472.15,475.45,7
2026-08-21 11:27:00,BANKNIFTY29SEP2657300CE,57300.0,CE,29SEP2026,1296.65,1296.65,1296.6,1296.6,2
2026-08-21 11:27:00,BANKNIFTY29SEP2657500CE,57500.0,CE,29SEP2026,1170.95,1173.0,1170.9,1172.9,31
2026-08-21 11:27:00,BANKNIFTY29SEP2657500PE,57500.0,PE,29SEP2026,567.2,569.45,566.9,569.45,28
2026-08-21 11:28:00,BANKNIFTY29SEP2656000PE,56000.0,PE,29SEP2026,214.2,215.2,214.2,214.8,18
2026-08-21 11:28:00,BANKNIFTY29SEP2656500PE,56500.0,PE,29SEP2026,296.65,296.65,296.65,296.65,1
2026-08-21 11:28:00,BANKNIFTY29SEP2657000PE,57000.0,PE,29SEP2026,414.75,414.75,414.75,414.75,1
2026-08-21 11:28:00,BANKNIFTY29SEP2657100PE,57100.0,PE,29SEP2026,446.55,446.55,446.55,446.55,2
2026-08-21 11:28:00,BANKNIFTY29SEP2657500CE,57500.0,CE,29SEP2026,1167.55,1167.8,1166.1,1166.1,7
2026-08-21 11:28:00,BANKNIFTY29SEP2657500PE,57500.0,PE,29SEP2026,570.35,572.0,569.95,569.95,22
2026-08-21 11:29:00,BANKNIFTY29SEP2656000CE,56000.0,CE,29SEP2026,2293.2,2300.95,2293.2,2300.95,6
2026-08-21 11:29:00,BANKNIFTY29SEP2656000PE,56000.0,PE,29SEP2026,215.65,215.65,214.05,214.05,13
2026-08-21 11:29:00,BANKNIFTY29SEP2656300PE,56300.0,PE,29SEP2026,260.05,260.05,260.05,260.05,1
2026-08-21 11:29:00,BANKNIFTY29SEP2657000PE,57000.0,PE,29SEP2026,414.75,414.75,413.8,414.05,3
2026-08-21 11:29:00,BANKNIFTY29SEP2657300PE,57300.0,PE,29SEP2026,508.0,508.0,507.85,507.85,2
2026-08-21 11:29:00,BANKNIFTY29SEP2657500CE,57500.0,CE,29SEP2026,1168.2,1172.95,1167.85,1171.65,16
2026-08-21 11:29:00,BANKNIFTY29SEP2657500PE,57500.0,PE,29SEP2026,571.1,571.15,567.7,568.9,14
2026-08-21 11:30:00,BANKNIFTY29SEP2655500PE,55500.0,PE,29SEP2026,152.4,152.4,152.05,152.05,8
2026-08-21 11:30:00,BANKNIFTY29SEP2656000CE,56000.0,CE,29SEP2026,2300.4,2304.2,2292.3,2292.3,46
2026-08-21 11:30:00,BANKNIFTY29SEP2656000PE,56000.0,PE,29SEP2026,214.05,214.8,213.75,214.2,63
2026-08-21 11:30:00,BANKNIFTY29SEP2656500PE,56500.0,PE,29SEP2026,297.7,297.7,297.7,297.7,2
2026-08-21 11:30:00,BANKNIFTY29SEP2657000CE,57000.0,CE,29SEP2026,1515.9,1521.15,1514.8,1516.4,12
2026-08-21 11:30:00,BANKNIFTY29SEP2657000PE,57000.0,PE,29SEP2026,414.05,414.4,413.25,414.4,13
2026-08-21 11:30:00,BANKNIFTY29SEP2657300PE,57300.0,PE,29SEP2026,502.35,502.35,502.35,502.35,1
2026-08-21 11:30:00,BANKNIFTY29SEP2657400PE,57400.0,PE,29SEP2026,538.95,538.95,533.0,536.1,5
2026-08-21 11:30:00,BANKNIFTY29SEP2657500CE,57500.0,CE,29SEP2026,1172.9,1174.95,1169.7,1174.75,29
2026-08-21 11:30:00,BANKNIFTY29SEP2657500PE,57500.0,PE,29SEP2026,568.65,569.45,565.8,567.5,35
2026-08-21 11:31:00,BANKNIFTY29SEP2655500PE,55500.0,PE,29SEP2026,152.25,152.25,152.25,152.25,1
2026-08-21 11:31:00,BANKNIFTY29SEP2655800PE,55800.0,PE,29SEP2026,187.45,187.45,187.45,187.45,1
2026-08-21 11:31:00,BANKNIFTY29SEP2656000PE,56000.0,PE,29SEP2026,214.4,214.4,213.5,214.4,3
2026-08-21 11:31:00,BANKNIFTY29SEP2656500PE,56500.0,PE,29SEP2026,296.4,297.5,296.4,297.5,2
2026-08-21 11:31:00,BANKNIFTY29SEP2656800PE,56800.0,PE,29SEP2026,365.9,365.95,365.9,365.95,2
2026-08-21 11:31:00,BANKNIFTY29SEP2657000PE,57000.0,PE,29SEP2026,412.9,412.9,412.9,412.9,1
2026-08-21 11:31:00,BANKNIFTY29SEP2657100CE,57100.0,CE,29SEP2026,1464.0,1464.05,1464.0,1464.05,2
2026-08-21 11:31:00,BANKNIFTY29SEP2657100PE,57100.0,PE,29SEP2026,441.05,441.05,441.0,441.0,2
2026-08-21 11:31:00,BANKNIFTY29SEP2657300PE,57300.0,PE,29SEP2026,503.1,503.1,503.1,503.1,4
2026-08-21 11:31:00,BANKNIFTY29SEP2657500CE,57500.0,CE,29SEP2026,1170.15,1173.95,1170.15,1170.45,4
2026-08-21 11:31:00,BANKNIFTY29SEP2657500PE,57500.0,PE,29SEP2026,566.2,567.95,565.75,565.75,4
2026-08-21 11:32:00,BANKNIFTY29SEP2655500PE,55500.0,PE,29SEP2026,152.25,152.25,151.85,151.85,20
2026-08-21 11:32:00,BANKNIFTY29SEP2656000PE,56000.0,PE,29SEP2026,214.4,214.4,213.0,213.0,10
2026-08-21 11:32:00,BANKNIFTY29SEP2656500PE,56500.0,PE,29SEP2026,296.35,296.35,296.0,296.0,26
2026-08-21 11:32:00,BANKNIFTY29SEP2656800PE,56800.0,PE,29SEP2026,362.0,362.0,362.0,362.0,1
2026-08-21 11:32:00,BANKNIFTY29SEP2657000PE,57000.0,PE,29SEP2026,412.9,412.9,412.75,412.9,21
2026-08-21 11:32:00,BANKNIFTY29SEP2657100PE,57100.0,PE,29SEP2026,440.5,442.3,440.5,442.3,3
2026-08-21 11:32:00,BANKNIFTY29SEP2657200PE,57200.0,PE,29SEP2026,472.7,472.7,472.65,472.65,2
2026-08-21 11:32:00,BANKNIFTY29SEP2657300PE,57300.0,PE,29SEP2026,503.0,503.0,502.1,502.1,7
2026-08-21 11:32:00,BANKNIFTY29SEP2657400CE,57400.0,CE,29SEP2026,1245.0,1245.0,1245.0,1245.0,1
2026-08-21 11:32:00,BANKNIFTY29SEP2657500CE,57500.0,CE,29SEP2026,1173.9,1177.95,1172.6,1175.0,62
2026-08-21 11:32:00,BANKNIFTY29SEP2657500PE,57500.0,PE,29SEP2026,565.8,566.55,565.75,566.0,28
2026-08-21 11:33:00,BANKNIFTY29SEP2655500PE,55500.0,PE,29SEP2026,151.75,151.85,151.75,151.75,8
2026-08-21 11:33:00,BANKNIFTY29SEP2656000PE,56000.0,PE,29SEP2026,214.5,214.5,214.0,214.0,2
2026-08-21 11:33:00,BANKNIFTY29SEP2656600PE,56600.0,PE,29SEP2026,320.0,320.0,320.0,320.0,1
2026-08-21 11:33:00,BANKNIFTY29SEP2656700PE,56700.0,PE,29SEP2026,341.5,341.5,341.5,341.5,1
2026-08-21 11:33:00,BANKNIFTY29SEP2656900PE,56900.0,PE,29SEP2026,389.0,389.0,389.0,389.0,1
2026-08-21 11:33:00,BANKNIFTY29SEP2657000PE,57000.0,PE,29SEP2026,415.0,415.0,415.0,415.0,1
2026-08-21 11:33:00,BANKNIFTY29SEP2657100PE,57100.0,PE,29SEP2026,442.85,442.85,442.85,442.85,1
2026-08-21 11:33:00,BANKNIFTY29SEP2657500CE,57500.0,CE,29SEP2026,1173.25,1176.85,1173.25,1173.25,9
2026-08-21 11:33:00,BANKNIFTY29SEP2657500PE,57500.0,PE,29SEP2026,566.0,566.0,565.45,565.45,6
2026-08-21 11:34:00,BANKNIFTY29SEP2655500CE,55500.0,CE,29SEP2026,2735.0,2735.0,2735.0,2735.0,2
2026-08-21 11:34:00,BANKNIFTY29SEP2655500PE,55500.0,PE,29SEP2026,151.7,151.7,151.65,151.65,2
2026-08-21 11:34:00,BANKNIFTY29SEP2655900PE,55900.0,PE,29SEP2026,200.95,200.95,200.95,200.95,1
2026-08-21 11:34:00,BANKNIFTY29SEP2656000PE,56000.0,PE,29SEP2026,214.0,215.0,213.75,213.75,8
2026-08-21 11:34:00,BANKNIFTY29SEP2656400PE,56400.0,PE,29SEP2026,281.95,281.95,281.95,281.95,1
2026-08-21 11:34:00,BANKNIFTY29SEP2656500PE,56500.0,PE,29SEP2026,298.0,298.0,298.0,298.0,2
2026-08-21 11:34:00,BANKNIFTY29SEP2657300PE,57300.0,PE,29SEP2026,505.0,507.2,505.0,507.2,2
2026-08-21 11:34:00,BANKNIFTY29SEP2657400PE,57400.0,PE,29SEP2026,536.1,536.1,536.1,536.1,21
2026-08-21 11:34:00,BANKNIFTY29SEP2657500CE,57500.0,CE,29SEP2026,1171.75,1175.0,1169.8,1170.0,15
2026-08-21 11:34:00,BANKNIFTY29SEP2657500PE,57500.0,PE,29SEP2026,569.05,569.4,567.0,567.0,9
2026-08-21 11:35:00,BANKNIFTY29SEP2655500PE,55500.0,PE,29SEP2026,153.55,154.5,152.15,152.15,14
2026-08-21 11:35:00,BANKNIFTY29SEP2655900PE,55900.0,PE,29SEP2026,201.4,201.4,201.4,201.4,1
2026-08-21 11:35:00,BANKNIFTY29SEP2656000CE,56000.0,CE,29SEP2026,2295.0,2295.0,2295.0,2295.0,1
2026-08-21 11:35:00,BANKNIFTY29SEP2656000PE,56000.0,PE,29SEP2026,214.95,215.4,213.6,215.35,18
2026-08-21 11:35:00,BANKNIFTY29SEP2656500PE,56500.0,PE,29SEP2026,297.35,297.35,297.3,297.3,2
2026-08-21 11:35:00,BANKNIFTY29SEP2656600PE,56600.0,PE,29SEP2026,316.55,316.55,314.9,314.9,4
2026-08-21 11:35:00,BANKNIFTY29SEP2657000PE,57000.0,PE,29SEP2026,415.0,415.0,415.0,415.0,1
2026-08-21 11:35:00,BANKNIFTY29SEP2657400PE,57400.0,PE,29SEP2026,539.1,539.2,539.1,539.2,3
2026-08-21 11:35:00,BANKNIFTY29SEP2657500CE,57500.0,CE,29SEP2026,1168.95,1170.35,1164.15,1164.15,11
2026-08-21 11:35:00,BANKNIFTY29SEP2657500PE,57500.0,PE,29SEP2026,570.0,572.0,569.8,569.8,4
2026-08-21 11:36:00,BANKNIFTY29SEP2655800PE,55800.0,PE,29SEP2026,189.25,189.25,189.25,189.25,1
2026-08-21 11:36:00,BANKNIFTY29SEP2656000PE,56000.0,PE,29SEP2026,215.4,216.5,215.4,216.5,8
2026-08-21 11:36:00,BANKNIFTY29SEP2656300PE,56300.0,PE,29SEP2026,263.9,263.9,263.9,263.9,1
2026-08-21 11:36:00,BANKNIFTY29SEP2656500PE,56500.0,PE,29SEP2026,297.8,297.8,297.8,297.8,1
2026-08-21 11:36:00,BANKNIFTY29SEP2657000PE,57000.0,PE,29SEP2026,415.8,415.9,415.65,415.9,6
2026-08-21 11:36:00,BANKNIFTY29SEP2657500CE,57500.0,CE,29SEP2026,1163.45,1163.45,1163.45,1163.45,1
2026-08-21 11:36:00,BANKNIFTY29SEP2657500PE,57500.0,PE,29SEP2026,570.0,572.2,570.0,572.2,2
2026-08-21 11:37:00,BANKNIFTY29SEP2656000PE,56000.0,PE,29SEP2026,215.65,216.1,215.65,216.1,3
2026-08-21 11:37:00,BANKNIFTY29SEP2656300PE,56300.0,PE,29SEP2026,263.9,263.9,263.9,263.9,1
2026-08-21 11:37:00,BANKNIFTY29SEP2656500PE,56500.0,PE,29SEP2026,298.0,298.0,298.0,298.0,3
2026-08-21 11:37:00,BANKNIFTY29SEP2656600PE,56600.0,PE,29SEP2026,321.25,321.25,321.25,321.25,1
2026-08-21 11:37:00,BANKNIFTY29SEP2657000CE,57000.0,CE,29SEP2026,1507.05,1507.05,1507.05,1507.05,1
2026-08-21 11:37:00,BANKNIFTY29SEP2657000PE,57000.0,PE,29SEP2026,416.0,416.0,416.0,416.0,3
2026-08-21 11:37:00,BANKNIFTY29SEP2657500PE,57500.0,PE,29SEP2026,570.2,570.2,570.1,570.1,5
2026-08-21 11:38:00,BANKNIFTY29SEP2655500PE,55500.0,PE,29SEP2026,154.6,154.7,154.6,154.7,18
2026-08-21 11:38:00,BANKNIFTY29SEP2656000PE,56000.0,PE,29SEP2026,217.2,217.2,215.2,215.2,19
2026-08-21 11:38:00,BANKNIFTY29SEP2656300PE,56300.0,PE,29SEP2026,263.9,263.9,263.9,263.9,1
2026-08-21 11:38:00,BANKNIFTY29SEP2657000PE,57000.0,PE,29SEP2026,417.0,417.0,417.0,417.0,2
2026-08-21 11:38:00,BANKNIFTY29SEP2657500CE,57500.0,CE,29SEP2026,1165.1,1165.1,1165.0,1165.0,3
2026-08-21 11:38:00,BANKNIFTY29SEP2657500PE,57500.0,PE,29SEP2026,571.0,573.65,571.0,573.65,4
2026-08-21 11:39:00,BANKNIFTY29SEP2655900PE,55900.0,PE,29SEP2026,201.0,201.0,201.0,201.0,2
2026-08-21 11:39:00,BANKNIFTY29SEP2656000PE,56000.0,PE,29SEP2026,216.0,216.0,216.0,216.0,2
2026-08-21 11:39:00,BANKNIFTY29SEP2657000CE,57000.0,CE,29SEP2026,1505.0,1511.65,1503.0,1503.0,3
2026-08-21 11:39:00,BANKNIFTY29SEP2657000PE,57000.0,PE,29SEP2026,418.0,418.0,416.25,416.25,3
2026-08-21 11:39:00,BANKNIFTY29SEP2657100PE,57100.0,PE,29SEP2026,444.4,444.4,444.4,444.4,1
2026-08-21 11:39:00,BANKNIFTY29SEP2657200PE,57200.0,PE,29SEP2026,481.35,481.35,481.35,481.35,1
2026-08-21 11:39:00,BANKNIFTY29SEP2657400CE,57400.0,CE,29SEP2026,1238.35,1242.8,1232.3,1234.2,15
2026-08-21 11:39:00,BANKNIFTY29SEP2657500CE,57500.0,CE,29SEP2026,1162.65,1165.9,1162.65,1165.9,7
2026-08-21 11:39:00,BANKNIFTY29SEP2657500PE,57500.0,PE,29SEP2026,572.65,572.65,571.3,571.3,3
2026-08-21 11:40:00,BANKNIFTY29SEP2655500PE,55500.0,PE,29SEP2026,154.25,154.25,154.25,154.25,1
2026-08-21 11:40:00,BANKNIFTY29SEP2656000PE,56000.0,PE,29SEP2026,217.35,217.35,217.35,217.35,1
2026-08-21 11:40:00,BANKNIFTY29SEP2656300PE,56300.0,PE,29SEP2026,263.9,263.9,263.9,263.9,3
2026-08-21 11:40:00,BANKNIFTY29SEP2656400PE,56400.0,PE,29SEP2026,281.65,281.65,281.65,281.65,1
2026-08-21 11:40:00,BANKNIFTY29SEP2657000CE,57000.0,CE,29SEP2026,1507.9,1507.9,1500.95,1500.95,2
2026-08-21 11:40:00,BANKNIFTY29SEP2657200PE,57200.0,PE,29SEP2026,481.45,481.5,481.45,481.5,2
2026-08-21 11:40:00,BANKNIFTY29SEP2657300PE,57300.0,PE,29SEP2026,510.9,510.9,510.9,510.9,1
2026-08-21 11:40:00,BANKNIFTY29SEP2657500CE,57500.0,CE,29SEP2026,1161.5,1161.5,1160.0,1160.0,13
2026-08-21 11:41:00,BANKNIFTY29SEP2655800PE,55800.0,PE,29SEP2026,188.35,188.35,188.3,188.35,8
2026-08-21 11:41:00,BANKNIFTY29SEP2656000PE,56000.0,PE,29SEP2026,215.75,217.15,215.25,217.15,10
2026-08-21 11:41:00,BANKNIFTY29SEP2656200PE,56200.0,PE,29SEP2026,246.0,246.0,245.95,245.95,3
2026-08-21 11:41:00,BANKNIFTY29SEP2656500CE,56500.0,CE,29SEP2026,1884.0,1884.0,1884.0,1884.0,2
2026-08-21 11:41:00,BANKNIFTY29SEP2656600PE,56600.0,PE,29SEP2026,321.3,321.3,321.25,321.25,3
2026-08-21 11:41:00,BANKNIFTY29SEP2657000PE,57000.0,PE,29SEP2026,417.0,417.0,417.0,417.0,4
2026-08-21 11:41:00,BANKNIFTY29SEP2657400CE,57400.0,CE,29SEP2026,1235.1,1235.1,1235.1,1235.1,1
2026-08-21 11:41:00,BANKNIFTY29SEP2657500CE,57500.0,CE,29SEP2026,1166.25,1166.25,1166.25,1166.25,1
2026-08-21 11:42:00,BANKNIFTY29SEP2655500PE,55500.0,PE,29SEP2026,154.9,155.0,154.9,155.0,7
2026-08-21 11:42:00,BANKNIFTY29SEP2655800PE,55800.0,PE,29SEP2026,188.1,188.1,188.1,188.1,4
2026-08-21 11:42:00,BANKNIFTY29SEP2656000PE,56000.0,PE,29SEP2026,216.15,217.05,216.1,217.05,4
2026-08-21 11:42:00,BANKNIFTY29SEP2656200PE,56200.0,PE,29SEP2026,245.55,245.55,245.55,245.55,1
2026-08-21 11:42:00,BANKNIFTY29SEP2656500PE,56500.0,PE,29SEP2026,301.0,301.1,301.0,301.1,4
2026-08-21 11:42:00,BANKNIFTY29SEP2656700PE,56700.0,PE,29SEP2026,345.75,345.8,345.75,345.8,2
2026-08-21 11:42:00,BANKNIFTY29SEP2657000CE,57000.0,CE,29SEP2026,1502.05,1502.05,1502.05,1502.05,1
2026-08-21 11:43:00,BANKNIFTY29SEP2655500PE,55500.0,PE,29SEP2026,154.7,155.45,153.7,153.7,20
2026-08-21 11:43:00,BANKNIFTY29SEP2655800PE,55800.0,PE,29SEP2026,188.1,188.2,188.1,188.2,4
2026-08-21 11:43:00,BANKNIFTY29SEP2656000PE,56000.0,PE,29SEP2026,217.05,217.05,214.8,215.0,17
2026-08-21 11:43:00,BANKNIFTY29SEP2656600PE,56600.0,PE,29SEP2026,321.25,321.25,321.25,321.25,1
2026-08-21 11:43:00,BANKNIFTY29SEP2657000CE,57000.0,CE,29SEP2026,1508.75,1508.75,1508.75,1508.75,1
2026-08-21 11:43:00,BANKNIFTY29SEP2657000PE,57000.0,PE,29SEP2026,417.0,417.0,415.85,415.85,6
2026-08-21 11:43:00,BANKNIFTY29SEP2657500PE,57500.0,PE,29SEP2026,572.25,574.95,572.25,574.95,2
2026-08-21 11:44:00,BANKNIFTY29SEP2656600PE,56600.0,PE,29SEP2026,321.2,321.2,321.2,321.2,1
2026-08-21 11:44:00,BANKNIFTY29SEP2656700PE,56700.0,PE,29SEP2026,345.1,345.1,345.1,345.1,1
2026-08-21 11:44:00,BANKNIFTY29SEP2657000CE,57000.0,CE,29SEP2026,1505.0,1509.85,1505.0,1509.85,2
2026-08-21 11:44:00,BANKNIFTY29SEP2657000PE,57000.0,PE,29SEP2026,417.65,418.05,415.65,418.05,3
2026-08-21 11:44:00,BANKNIFTY29SEP2657200PE,57200.0,PE,29SEP2026,476.7,476.7,476.7,476.7,1
2026-08-21 11:44:00,BANKNIFTY29SEP2657500CE,57500.0,CE,29SEP2026,1165.85,1165.85,1165.85,1165.85,2
2026-08-21 11:45:00,BANKNIFTY29SEP2655500PE,55500.0,PE,29SEP2026,153.85,153.85,153.85,153.85,1
2026-08-21 11:45:00,BANKNIFTY29SEP2656000PE,56000.0,PE,29SEP2026,215.6,215.95,215.0,215.0,5
2026-08-21 11:45:00,BANKNIFTY29SEP2656700PE,56700.0,PE,29SEP2026,341.15,341.15,341.15,341.15,1
2026-08-21 11:45:00,BANKNIFTY29SEP2657000PE,57000.0,PE,29SEP2026,415.5,415.5,415.25,415.25,4
2026-08-21 11:45:00,BANKNIFTY29SEP2657500CE,57500.0,CE,29SEP2026,1165.8,1165.8,1165.8,1165.8,1
2026-08-21 11:45:00,BANKNIFTY29SEP2657500PE,57500.0,PE,29SEP2026,570.2,570.35,570.15,570.35,3
2026-08-21 11:46:00,BANKNIFTY29SEP2656000PE,56000.0,PE,29SEP2026,217.1,217.15,217.1,217.15,4
2026-08-21 11:46:00,BANKNIFTY29SEP2656500PE,56500.0,PE,29SEP2026,300.0,300.0,300.0,300.0,4
2026-08-21 11:46:00,BANKNIFTY29SEP2656600PE,56600.0,PE,29SEP2026,321.2,321.25,321.2,321.25,4
2026-08-21 11:46:00,BANKNIFTY29SEP2657000CE,57000.0,CE,29SEP2026,1506.1,1506.1,1501.9,1501.9,6
2026-08-21 11:46:00,BANKNIFTY29SEP2657000PE,57000.0,PE,29SEP2026,418.55,419.55,416.6,418.5,14
2026-08-21 11:47:00,BANKNIFTY29SEP2655800PE,55800.0,PE,29SEP2026,189.95,189.95,189.95,189.95,1
2026-08-21 11:47:00,BANKNIFTY29SEP2656000PE,56000.0,PE,29SEP2026,216.0,216.0,216.0,216.0,1
2026-08-21 11:47:00,BANKNIFTY29SEP2656200PE,56200.0,PE,29SEP2026,249.35,249.35,249.35,249.35,1
2026-08-21 11:47:00,BANKNIFTY29SEP2656500PE,56500.0,PE,29SEP2026,301.0,301.0,300.0,300.5,12
2026-08-21 11:47:00,BANKNIFTY29SEP2657000PE,57000.0,PE,29SEP2026,418.1,418.1,418.1,418.1,1
2026-08-21 11:47:00,BANKNIFTY29SEP2657500CE,57500.0,CE,29SEP2026,1160.1,1164.15,1160.1,1164.15,4
2026-08-21 11:47:00,BANKNIFTY29SEP2657500PE,57500.0,PE,29SEP2026,573.25,573.25,573.25,573.25,1
2026-08-21 11:48:00,BANKNIFTY29SEP2655500PE,55500.0,PE,29SEP2026,153.9,153.9,153.8,153.85,26
2026-08-21 11:48:00,BANKNIFTY29SEP2656000PE,56000.0,PE,29SEP2026,215.1,215.1,215.1,215.1,1
2026-08-21 11:48:00,BANKNIFTY29SEP2656500PE,56500.0,PE,29SEP2026,300.0,300.0,300.0,300.0,1
2026-08-21 11:48:00,BANKNIFTY29SEP2657000CE,57000.0,CE,29SEP2026,1510.95,1511.0,1510.95,1511.0,2
2026-08-21 11:48:00,BANKNIFTY29SEP2657000PE,57000.0,PE,29SEP2026,416.35,416.8,415.3,415.3,16
2026-08-21 11:48:00,BANKNIFTY29SEP2657200PE,57200.0,PE,29SEP2026,476.05,476.05,476.05,476.05,2
2026-08-21 11:48:00,BANKNIFTY29SEP2657300PE,57300.0,PE,29SEP2026,508.0,508.0,508.0,508.0,1
2026-08-21 11:48:00,BANKNIFTY29SEP2657500CE,57500.0,CE,29SEP2026,1165.95,1165.95,1165.95,1165.95,1
2026-08-21 11:48:00,BANKNIFTY29SEP2657500PE,57500.0,PE,29SEP2026,570.5,570.5,570.5,570.5,1
2026-08-21 11:49:00,BANKNIFTY29SEP2655500PE,55500.0,PE,29SEP2026,153.9,155.3,153.2,154.4,50
2026-08-21 11:49:00,BANKNIFTY29SEP2655800PE,55800.0,PE,29SEP2026,188.0,188.0,187.0,187.0,4
2026-08-21 11:49:00,BANKNIFTY29SEP2656000PE,56000.0,PE,29SEP2026,214.25,216.3,213.5,216.15,18
2026-08-21 11:49:00,BANKNIFTY29SEP2656500PE,56500.0,PE,29SEP2026,300.0,300.0,300.0,300.0,5
2026-08-21 11:49:00,BANKNIFTY29SEP2657000PE,57000.0,PE,29SEP2026,415.3,415.3,415.3,415.3,1
2026-08-21 11:49:00,BANKNIFTY29SEP2657400PE,57400.0,PE,29SEP2026,538.25,538.25,538.25,538.25,1
2026-08-21 11:49:00,BANKNIFTY29SEP2657500CE,57500.0,CE,29SEP2026,1165.05,1166.15,1160.0,1166.15,31
2026-08-21 11:49:00,BANKNIFTY29SEP2657500PE,57500.0,PE,29SEP2026,570.5,570.5,570.15,570.15,3
2026-08-21 11:50:00,BANKNIFTY29SEP2655800PE,55800.0,PE,29SEP2026,187.55,187.55,187.1,187.1,2
2026-08-21 11:50:00,BANKNIFTY29SEP2656200PE,56200.0,PE,29SEP2026,244.25,244.25,243.95,244.0,16
2026-08-21 11:50:00,BANKNIFTY29SEP2657000CE,57000.0,CE,29SEP2026,1508.05,1512.95,1508.05,1512.95,4
2026-08-21 11:50:00,BANKNIFTY29SEP2657000PE,57000.0,PE,29SEP2026,415.55,415.55,415.25,415.25,6
2026-08-21 11:50:00,BANKNIFTY29SEP2657200CE,57200.0,CE,29SEP2026,1380.8,1380.85,1380.8,1380.85,2
2026-08-21 11:50:00,BANKNIFTY29SEP2657500PE,57500.0,PE,29SEP2026,573.05,573.05,570.0,570.0,2
2026-08-21 11:51:00,BANKNIFTY29SEP2655500PE,55500.0,PE,29SEP2026,153.55,155.05,152.95,153.7,22
2026-08-21 11:51:00,BANKNIFTY29SEP2657000CE,57000.0,CE,29SEP2026,1505.6,1506.0,1505.6,1506.0,3
2026-08-21 11:51:00,BANKNIFTY29SEP2657000PE,57000.0,PE,29SEP2026,415.0,415.0,415.0,415.0,1
2026-08-21 11:51:00,BANKNIFTY29SEP2657300CE,57300.0,CE,29SEP2026,1304.9,1304.9,1304.9,1304.9,1
2026-08-21 11:51:00,BANKNIFTY29SEP2657500CE,57500.0,CE,29SEP2026,1166.35,1168.2,1166.35,1168.2,4
2026-08-21 11:51:00,BANKNIFTY29SEP2657500PE,57500.0,PE,29SEP2026,568.7,569.85,568.7,569.3,5
2026-08-21 11:52:00,BANKNIFTY29SEP2655500PE,55500.0,PE,29SEP2026,154.45,156.75,154.45,154.45,19
2026-08-21 11:52:00,BANKNIFTY29SEP2655800PE,55800.0,PE,29SEP2026,187.55,187.55,187.55,187.55,1
2026-08-21 11:52:00,BANKNIFTY29SEP2656000PE,56000.0,PE,29SEP2026,216.45,216.5,216.45,216.5,3
2026-08-21 11:52:00,BANKNIFTY29SEP2657000CE,57000.0,CE,29SEP2026,1504.1,1504.1,1504.1,1504.1,1
2026-08-21 11:52:00,BANKNIFTY29SEP2657000PE,57000.0,PE,29SEP2026,416.9,419.9,416.9,419.85,5
2026-08-21 11:52:00,BANKNIFTY29SEP2657500CE,57500.0,CE,29SEP2026,1164.8,1164.8,1164.8,1164.8,1
2026-08-21 11:52:00,BANKNIFTY29SEP2657500PE,57500.0,PE,29SEP2026,572.2,574.35,571.6,574.3,8
2026-08-21 11:53:00,BANKNIFTY29SEP2655500PE,55500.0,PE,29SEP2026,155.2,156.65,154.95,154.95,22
2026-08-21 11:53:00,BANKNIFTY29SEP2656000PE,56000.0,PE,29SEP2026,217.0,217.0,217.0,217.0,1
2026-08-21 11:53:00,BANKNIFTY29SEP2656500PE,56500.0,PE,29SEP2026,301.75,301.75,301.75,301.75,1
2026-08-21 11:53:00,BANKNIFTY29SEP2657000PE,57000.0,PE,29SEP2026,419.8,419.8,419.8,419.8,1
2026-08-21 11:53:00,BANKNIFTY29SEP2657500CE,57500.0,CE,29SEP2026,1162.95,1162.95,1162.95,1162.95,1
2026-08-21 11:53:00,BANKNIFTY29SEP2657500PE,57500.0,PE,29SEP2026,574.55,575.75,574.55,575.0,10
2026-08-21 11:54:00,BANKNIFTY29SEP2655500PE,55500.0,PE,29SEP2026,155.0,156.2,154.9,155.85,33
2026-08-21 11:54:00,BANKNIFTY29SEP2656000PE,56000.0,PE,29SEP2026,217.55,217.55,217.5,217.5,4
2026-08-21 11:54:00,BANKNIFTY29SEP2656200PE,56200.0,PE,29SEP2026,249.95,249.95,249.95,249.95,1
2026-08-21 11:54:00,BANKNIFTY29SEP2656500PE,56500.0,PE,29SEP2026,302.0,304.05,302.0,304.05,3
2026-08-21 11:54:00,BANKNIFTY29SEP2657000CE,57000.0,CE,29SEP2026,1504.95,1504.95,1495.9,1495.9,7
2026-08-21 11:54:00,BANKNIFTY29SEP2657000PE,57000.0,PE,29SEP2026,419.25,421.0,419.0,421.0,9
2026-08-21 11:54:00,BANKNIFTY29SEP2657100PE,57100.0,PE,29SEP2026,450.05,450.05,450.0,450.0,3
2026-08-21 11:54:00,BANKNIFTY29SEP2657200PE,57200.0,PE,29SEP2026,480.85,480.85,480.85,480.85,1
2026-08-21 11:54:00,BANKNIFTY29SEP2657300CE,57300.0,CE,29SEP2026,1288.0,1288.0,1288.0,1288.0,1
2026-08-21 11:54:00,BANKNIFTY29SEP2657400PE,57400.0,PE,29SEP2026,548.55,548.55,548.55,548.55,1
2026-08-21 11:54:00,BANKNIFTY29SEP2657500CE,57500.0,CE,29SEP2026,1162.95,1162.95,1157.0,1158.9,10
2026-08-21 11:54:00,BANKNIFTY29SEP2657500PE,57500.0,PE,29SEP2026,574.6,577.0,574.6,577.0,7
2026-08-21 11:55:00,BANKNIFTY29SEP2655500CE,55500.0,CE,29SEP2026,2699.95,2700.0,2699.95,2700.0,19
2026-08-21 11:55:00,BANKNIFTY29SEP2655500PE,55500.0,PE,29SEP2026,155.75,158.9,155.75,157.75,26
2026-08-21 11:55:00,BANKNIFTY29SEP2656000PE,56000.0,PE,29SEP2026,218.85,220.0,218.85,220.0,4
2026-08-21 11:55:00,BANKNIFTY29SEP2656200PE,56200.0,PE,29SEP2026,250.0,250.0,250.0,250.0,1
2026-08-21 11:55:00,BANKNIFTY29SEP2656500PE,56500.0,PE,29SEP2026,306.0,306.0,306.0,306.0,1
2026-08-21 11:55:00,BANKNIFTY29SEP2657000CE,57000.0,CE,29SEP2026,1495.0,1495.0,1487.0,1487.0,7
2026-08-21 11:55:00,BANKNIFTY29SEP2657000PE,57000.0,PE,29SEP2026,422.25,427.45,422.25,427.45,34
2026-08-21 11:55:00,BANKNIFTY29SEP2657100CE,57100.0,CE,29SEP2026,1410.0,1410.0,1410.0,1410.0,1
2026-08-21 11:55:00,BANKNIFTY29SEP2657200CE,57200.0,CE,29SEP2026,1350.4,1350.4,1350.4,1350.4,1
2026-08-21 11:55:00,BANKNIFTY29SEP2657300CE,57300.0,CE,29SEP2026,1288.0,1288.0,1288.0,1288.0,1
2026-08-21 11:55:00,BANKNIFTY29SEP2657300PE,57300.0,PE,29SEP2026,522.85,522.95,522.85,522.95,3
2026-08-21 11:55:00,BANKNIFTY29SEP2657400CE,57400.0,CE,29SEP2026,1220.1,1220.1,1209.05,1209.05,15
2026-08-21 11:55:00,BANKNIFTY29SEP2657400PE,57400.0,PE,29SEP2026,547.0,553.95,546.5,553.95,4
2026-08-21 11:55:00,BANKNIFTY29SEP2657500CE,57500.0,CE,29SEP2026,1151.05,1151.75,1140.0,1144.75,56
2026-08-21 11:55:00,BANKNIFTY29SEP2657500PE,57500.0,PE,29SEP2026,578.0,586.85,578.0,586.85,78
2026-08-21 11:56:00,BANKNIFTY29SEP2655500PE,55500.0,PE,29SEP2026,157.25,158.9,156.8,158.9,22
2026-08-21 11:56:00,BANKNIFTY29SEP2656000PE,56000.0,PE,29SEP2026,220.85,220.85,219.5,220.8,11
2026-08-21 11:56:00,BANKNIFTY29SEP2656200PE,56200.0,PE,29SEP2026,250.9,250.9,250.8,250.8,3
2026-08-21 11:56:00,BANKNIFTY29SEP2656300PE,56300.0,PE,29SEP2026,267.45,267.45,267.45,267.45,1
2026-08-21 11:56:00,BANKNIFTY29SEP2656500PE,56500.0,PE,29SEP2026,304.8,304.8,304.8,304.8,1
2026-08-21 11:56:00,BANKNIFTY29SEP2657000CE,57000.0,CE,29SEP2026,1487.0,1487.0,1482.7,1482.7,2
2026-08-21 11:56:00,BANKNIFTY29SEP2657000PE,57000.0,PE,29SEP2026,425.25,425.8,422.35,425.8,10
2026-08-21 11:56:00,BANKNIFTY29SEP2657100PE,57100.0,PE,29SEP2026,455.1,455.1,453.25,454.6,7
2026-08-21 11:56:00,BANKNIFTY29SEP2657200PE,57200.0,PE,29SEP2026,485.75,487.75,484.25,487.75,5
2026-08-21 11:56:00,BANKNIFTY29SEP2657300PE,57300.0,PE,29SEP2026,518.75,521.0,516.65,521.0,18
2026-08-21 11:56:00,BANKNIFTY29SEP2657400CE,57400.0,CE,29SEP2026,1222.5,1222.55,1222.5,1222.55,2
2026-08-21 11:56:00,BANKNIFTY29SEP2657400PE,57400.0,PE,29SEP2026,552.6,552.6,552.6,552.6,1
2026-08-21 11:56:00,BANKNIFTY29SEP2657500CE,57500.0,CE,29SEP2026,1140.5,1145.0,1139.0,1145.0,14
2026-08-21 11:56:00,BANKNIFTY29SEP2657500PE,57500.0,PE,29SEP2026,582.55,585.45,580.0,583.7,61
2026-08-21 11:57:00,BANKNIFTY29SEP2655500PE,55500.0,PE,29SEP2026,157.15,160.15,157.05,158.15,24
2026-08-21 11:57:00,BANKNIFTY29SEP2656000PE,56000.0,PE,29SEP2026,220.15,220.6,220.05,220.05,5
2026-08-21 11:57:00,BANKNIFTY29SEP2656300PE,56300.0,PE,29SEP2026,271.85,271.85,271.85,271.85,1
2026-08-21 11:57:00,BANKNIFTY29SEP2657000CE,57000.0,CE,29SEP2026,1491.75,1491.75,1489.45,1489.45,4
2026-08-21 11:57:00,BANKNIFTY29SEP2657000PE,57000.0,PE,29SEP2026,423.0,426.2,423.0,426.2,5
2026-08-21 11:57:00,BANKNIFTY29SEP2657300PE,57300.0,PE,29SEP2026,519.0,519.0,519.0,519.0,1
2026-08-21 11:57:00,BANKNIFTY29SEP2657400CE,57400.0,CE,29SEP2026,1215.4,1215.4,1215.4,1215.4,1
2026-08-21 11:57:00,BANKNIFTY29SEP2657400PE,57400.0,PE,29SEP2026,549.2,549.2,548.55,548.55,4
2026-08-21 11:57:00,BANKNIFTY29SEP2657500CE,57500.0,CE,29SEP2026,1147.4,1149.4,1147.4,1149.4,2
2026-08-21 11:57:00,BANKNIFTY29SEP2657500PE,57500.0,PE,29SEP2026,583.6,583.6,581.8,581.8,4
2026-08-21 11:58:00,BANKNIFTY29SEP2655500PE,55500.0,PE,29SEP2026,157.65,157.65,157.65,157.65,4
2026-08-21 11:58:00,BANKNIFTY29SEP2656000PE,56000.0,PE,29SEP2026,220.05,220.05,220.05,220.05,1
2026-08-21 11:58:00,BANKNIFTY29SEP2657000CE,57000.0,CE,29SEP2026,1490.7,1490.7,1490.7,1490.7,1
2026-08-21 11:58:00,BANKNIFTY29SEP2657000PE,57000.0,PE,29SEP2026,424.15,424.15,423.35,423.35,3
2026-08-21 11:58:00,BANKNIFTY29SEP2657400CE,57400.0,CE,29SEP2026,1216.35,1216.5,1216.35,1216.5,2
2026-08-21 11:58:00,BANKNIFTY29SEP2657400PE,57400.0,PE,29SEP2026,552.35,552.35,552.35,552.35,1
2026-08-21 11:58:00,BANKNIFTY29SEP2657500CE,57500.0,CE,29SEP2026,1147.65,1147.65,1147.0,1147.0,2
2026-08-21 11:58:00,BANKNIFTY29SEP2657500PE,57500.0,PE,29SEP2026,583.0,584.3,583.0,584.3,9
2026-08-21 11:59:00,BANKNIFTY29SEP2655500PE,55500.0,PE,29SEP2026,157.1,157.5,156.5,156.5,31
2026-08-21 11:59:00,BANKNIFTY29SEP2656000PE,56000.0,PE,29SEP2026,220.7,220.7,220.7,220.7,1
2026-08-21 11:59:00,BANKNIFTY29SEP2656500PE,56500.0,PE,29SEP2026,306.2,306.2,306.2,306.2,1
2026-08-21 11:59:00,BANKNIFTY29SEP2657000CE,57000.0,CE,29SEP2026,1489.6,1489.65,1489.6,1489.65,2
2026-08-21 11:59:00,BANKNIFTY29SEP2657100PE,57100.0,PE,29SEP2026,455.9,455.9,455.9,455.9,1
2026-08-21 11:59:00,BANKNIFTY29SEP2657300PE,57300.0,PE,29SEP2026,519.7,519.7,519.7,519.7,1
2026-08-21 11:59:00,BANKNIFTY29SEP2657500PE,57500.0,PE,29SEP2026,581.35,581.35,581.05,581.05,3
2026-08-21 12:00:00,BANKNIFTY29SEP2655500CE,55500.0,CE,29SEP2026,2713.1,2715.0,2713.1,2715.0,18
2026-08-21 12:00:00,BANKNIFTY29SEP2655500PE,55500.0,PE,29SEP2026,156.55,156.55,156.1,156.1,6
2026-08-21 12:00:00,BANKNIFTY29SEP2655800PE,55800.0,PE,29SEP2026,191.8,191.8,191.8,191.8,1
2026-08-21 12:00:00,BANKNIFTY29SEP2656000CE,56000.0,CE,29SEP2026,2256.65,2256.65,2255.0,2255.0,70
2026-08-21 12:00:00,BANKNIFTY29SEP2656000PE,56000.0,PE,29SEP2026,218.4,218.45,217.8,218.15,47
2026-08-21 12:00:00,BANKNIFTY29SEP2656200PE,56200.0,PE,29SEP2026,250.8,250.8,250.8,250.8,2
2026-08-21 12:00:00,BANKNIFTY29SEP2656500PE,56500.0,PE,29SEP2026,304.45,304.45,303.0,303.0,6
2026-08-21 12:00:00,BANKNIFTY29SEP2657000CE,57000.0,CE,29SEP2026,1484.1,1484.1,1484.1,1484.1,1
2026-08-21 12:00:00,BANKNIFTY29SEP2657000PE,57000.0,PE,29SEP2026,424.2,425.4,423.1,423.1,3
2026-08-21 12:00:00,BANKNIFTY29SEP2657500CE,57500.0,CE,29SEP2026,1147.0,1150.3,1147.0,1150.3,12
2026-08-21 12:00:00,BANKNIFTY29SEP2657500PE,57500.0,PE,29SEP2026,580.2,580.65,575.85,576.2,62
2026-08-21 12:01:00,BANKNIFTY29SEP2655500PE,55500.0,PE,29SEP2026,155.0,155.0,154.25,154.25,2
2026-08-21 12:01:00,BANKNIFTY29SEP2655800PE,55800.0,PE,29SEP2026,190.55,190.7,190.55,190.7,4
2026-08-21 12:01:00,BANKNIFTY29SEP2656000PE,56000.0,PE,29SEP2026,217.55,218.2,216.25,216.5,19
2026-08-21 12:01:00,BANKNIFTY29SEP2656500CE,56500.0,CE,29SEP2026,1870.85,1870.9,1870.85,1870.9,3
2026-08-21 12:01:00,BANKNIFTY29SEP2656500PE,56500.0,PE,29SEP2026,302.75,303.0,300.3,300.3,9
2026-08-21 12:01:00,BANKNIFTY29SEP2656700PE,56700.0,PE,29SEP2026,346.0,346.0,346.0,346.0,1
2026-08-21 12:01:00,BANKNIFTY29SEP2656900PE,56900.0,PE,29SEP2026,394.05,394.05,394.05,394.05,1
2026-08-21 12:01:00,BANKNIFTY29SEP2657000CE,57000.0,CE,29SEP2026,1496.4,1496.6,1496.4,1496.6,2
2026-08-21 12:01:00,BANKNIFTY29SEP2657000PE,57000.0,PE,29SEP2026,421.25,422.45,416.65,416.65,16
2026-08-21 12:01:00,BANKNIFTY29SEP2657300CE,57300.0,CE,29SEP2026,1288.0,1288.0,1288.0,1288.0,1
2026-08-21 12:01:00,BANKNIFTY29SEP2657500CE,57500.0,CE,29SEP2026,1153.9,1155.0,1150.55,1155.0,4
2026-08-21 12:01:00,BANKNIFTY29SEP2657500PE,57500.0,PE,29SEP2026,576.65,580.95,574.0,574.0,21
2026-08-21 12:02:00,BANKNIFTY29SEP2655500PE,55500.0,PE,29SEP2026,153.8,153.8,153.75,153.75,6
2026-08-21 12:02:00,BANKNIFTY29SEP2656000PE,56000.0,PE,29SEP2026,216.95,216.95,215.7,215.7,9
2026-08-21 12:02:00,BANKNIFTY29SEP2656200PE,56200.0,PE,29SEP2026,246.5,246.5,246.5,246.5,1
2026-08-21 12:02:00,BANKNIFTY29SEP2656300PE,56300.0,PE,29SEP2026,259.95,259.95,259.95,259.95,1
2026-08-21 12:02:00,BANKNIFTY29SEP2656500PE,56500.0,PE,29SEP2026,300.05,301.45,300.05,300.35,4
2026-08-21 12:02:00,BANKNIFTY29SEP2657000CE,57000.0,CE,29SEP2026,1495.1,1495.1,1495.1,1495.1,1
2026-08-21 12:02:00,BANKNIFTY29SEP2657000PE,57000.0,PE,29SEP2026,416.3,418.0,416.1,418.0,25
2026-08-21 12:02:00,BANKNIFTY29SEP2657500CE,57500.0,CE,29SEP2026,1155.6,1157.85,1155.6,1157.85,3
2026-08-21 12:02:00,BANKNIFTY29SEP2657500PE,57500.0,PE,29SEP2026,574.05,575.0,574.05,575.0,2
2026-08-21 12:03:00,BANKNIFTY29SEP2655500PE,55500.0,PE,29SEP2026,154.8,156.0,154.8,154.8,4
2026-08-21 12:03:00,BANKNIFTY29SEP2656000PE,56000.0,PE,29SEP2026,215.75,216.95,215.0,216.95,34
2026-08-21 12:03:00,BANKNIFTY29SEP2656300PE,56300.0,PE,29SEP2026,263.8,264.85,263.8,264.85,4
2026-08-21 12:03:00,BANKNIFTY29SEP2656500PE,56500.0,PE,29SEP2026,301.4,301.5,301.4,301.5,6
2026-08-21 12:03:00,BANKNIFTY29SEP2656700PE,56700.0,PE,29SEP2026,341.35,341.35,341.1,341.1,2
2026-08-21 12:03:00,BANKNIFTY29SEP2657000CE,57000.0,CE,29SEP2026,1495.1,1495.1,1495.1,1495.1,6
2026-08-21 12:03:00,BANKNIFTY29SEP2657000PE,57000.0,PE,29SEP2026,419.8,420.25,419.8,420.25,2
2026-08-21 12:03:00,BANKNIFTY29SEP2657500CE,57500.0,CE,29SEP2026,1155.45,1156.95,1150.55,1150.55,28
2026-08-21 12:03:00,BANKNIFTY29SEP2657500PE,57500.0,PE,29SEP2026,575.8,577.85,573.9,577.85,14
2026-08-21 12:04:00,BANKNIFTY29SEP2655500PE,55500.0,PE,29SEP2026,155.35,155.45,155.35,155.45,6
2026-08-21 12:04:00,BANKNIFTY29SEP2656000PE,56000.0,PE,29SEP2026,217.0,218.4,217.0,218.4,9
2026-08-21 12:04:00,BANKNIFTY29SEP2656500PE,56500.0,PE,29SEP2026,303.0,303.0,303.0,303.0,5
2026-08-21 12:04:00,BANKNIFTY29SEP2657000CE,57000.0,CE,29SEP2026,1489.95,1490.8,1489.95,1490.8,8
2026-08-21 12:04:00,BANKNIFTY29SEP2657000PE,57000.0,PE,29SEP2026,422.0,422.75,422.0,422.75,4
2026-08-21 12:04:00,BANKNIFTY29SEP2657500CE,57500.0,CE,29SEP2026,1150.95,1150.95,1150.95,1150.95,1
2026-08-21 12:05:00,BANKNIFTY29SEP2655500PE,55500.0,PE,29SEP2026,155.6,155.6,155.6,155.6,1
2026-08-21 12:05:00,BANKNIFTY29SEP2656000PE,56000.0,PE,29SEP2026,218.0,218.0,218.0,218.0,3
2026-08-21 12:05:00,BANKNIFTY29SEP2656500PE,56500.0,PE,29SEP2026,303.5,303.5,300.55,300.55,2
2026-08-21 12:05:00,BANKNIFTY29SEP2657000PE,57000.0,PE,29SEP2026,421.45,421.45,419.9,419.9,2
2026-08-21 12:05:00,BANKNIFTY29SEP2657300PE,57300.0,PE,29SEP2026,513.1,513.1,513.1,513.1,1
2026-08-21 12:05:00,BANKNIFTY29SEP2657500CE,57500.0,CE,29SEP2026,1149.25,1151.1,1149.25,1151.05,14
2026-08-21 12:05:00,BANKNIFTY29SEP2657500PE,57500.0,PE,29SEP2026,578.65,578.65,575.0,575.0,41
2026-08-21 12:06:00,BANKNIFTY29SEP2655500PE,55500.0,PE,29SEP2026,154.35,154.55,154.35,154.55,4
2026-08-21 12:06:00,BANKNIFTY29SEP2656000PE,56000.0,PE,29SEP2026,217.3,218.5,217.3,218.5,2
2026-08-21 12:06:00,BANKNIFTY29SEP2657000PE,57000.0,PE,29SEP2026,418.3,420.0,418.3,420.0,14
2026-08-21 12:06:00,BANKNIFTY29SEP2657500CE,57500.0,CE,29SEP2026,1151.45,1153.0,1148.85,1149.0,16
2026-08-21 12:06:00,BANKNIFTY29SEP2657500PE,57500.0,PE,29SEP2026,575.15,579.25,575.15,579.25,5
2026-08-21 12:07:00,BANKNIFTY29SEP2655500PE,55500.0,PE,29SEP2026,155.7,155.7,155.7,155.7,2
2026-08-21 12:07:00,BANKNIFTY29SEP2656000PE,56000.0,PE,29SEP2026,218.5,218.5,218.5,218.5,2
2026-08-21 12:07:00,BANKNIFTY29SEP2656300PE,56300.0,PE,29SEP2026,267.55,267.55,267.55,267.55,1
2026-08-21 12:07:00,BANKNIFTY29SEP2656700PE,56700.0,PE,29SEP2026,349.0,349.0,349.0,349.0,1
2026-08-21 12:07:00,BANKNIFTY29SEP2656800PE,56800.0,PE,29SEP2026,370.15,370.15,370.15,370.15,1
2026-08-21 12:07:00,BANKNIFTY29SEP2657000PE,57000.0,PE,29SEP2026,423.0,424.0,423.0,424.0,6
2026-08-21 12:07:00,BANKNIFTY29SEP2657200PE,57200.0,PE,29SEP2026,483.6,483.6,483.55,483.55,2
2026-08-21 12:07:00,BANKNIFTY29SEP2657500CE,57500.0,CE,29SEP2026,1147.0,1147.0,1144.0,1144.85,8
2026-08-21 12:07:00,BANKNIFTY29SEP2657500PE,57500.0,PE,29SEP2026,580.0,582.0,580.0,581.35,24
2026-08-21 12:08:00,BANKNIFTY29SEP2655500PE,55500.0,PE,29SEP2026,156.05,156.05,155.75,155.75,5
2026-08-21 12:08:00,BANKNIFTY29SEP2655900PE,55900.0,PE,29SEP2026,205.9,205.95,205.9,205.95,2
2026-08-21 12:08:00,BANKNIFTY29SEP2656000PE,56000.0,PE,29SEP2026,218.1,218.1,218.1,218.1,1
2026-08-21 12:08:00,BANKNIFTY29SEP2656800PE,56800.0,PE,29SEP2026,371.35,371.35,371.35,371.35,1
2026-08-21 12:08:00,BANKNIFTY29SEP2657000CE,57000.0,CE,29SEP2026,1482.05,1482.05,1482.05,1482.05,1
2026-08-21 12:08:00,BANKNIFTY29SEP2657000PE,57000.0,PE,29SEP2026,425.0,425.0,424.4,424.4,5
2026-08-21 12:08:00,BANKNIFTY29SEP2657300CE,57300.0,CE,29SEP2026,1275.0,1275.0,1275.0,1275.0,1
2026-08-21 12:08:00,BANKNIFTY29SEP2657500CE,57500.0,CE,29SEP2026,1144.7,1144.7,1140.0,1140.0,4
2026-08-21 12:08:00,BANKNIFTY29SEP2657500PE,57500.0,PE,29SEP2026,582.5,582.95,581.3,581.3,23
2026-08-21 12:09:00,BANKNIFTY29SEP2655500PE,55500.0,PE,29SEP2026,156.1,156.45,155.95,156.45,21
2026-08-21 12:09:00,BANKNIFTY29SEP2656000PE,56000.0,PE,29SEP2026,219.95,221.0,219.95,221.0,13
2026-08-21 12:09:00,BANKNIFTY29SEP2656300PE,56300.0,PE,29SEP2026,268.85,268.85,268.85,268.85,1
2026-08-21 12:09:00,BANKNIFTY29SEP2656500PE,56500.0,PE,29SEP2026,304.35,304.35,304.0,304.0,10
2026-08-21 12:09:00,BANKNIFTY29SEP2656900PE,56900.0,PE,29SEP2026,400.95,401.0,400.95,401.0,6
2026-08-21 12:09:00,BANKNIFTY29SEP2657000PE,57000.0,PE,29SEP2026,425.0,427.0,425.0,425.55,7
2026-08-21 12:09:00,BANKNIFTY29SEP2657200PE,57200.0,PE,29SEP2026,487.0,488.0,487.0,488.0,2
2026-08-21 12:09:00,BANKNIFTY29SEP2657300CE,57300.0,CE,29SEP2026,1271.0,1271.0,1271.0,1271.0,1
2026-08-21 12:09:00,BANKNIFTY29SEP2657400CE,57400.0,CE,29SEP2026,1205.0,1205.0,1205.0,1205.0,1
2026-08-21 12:09:00,BANKNIFTY29SEP2657400PE,57400.0,PE,29SEP2026,553.85,554.0,548.75,554.0,5
2026-08-21 12:09:00,BANKNIFTY29SEP2657500CE,57500.0,CE,29SEP2026,1144.9,1144.95,1135.0,1140.1,15
2026-08-21 12:09:00,BANKNIFTY29SEP2657500PE,57500.0,PE,29SEP2026,583.8,586.0,582.45,586.0,45
2026-08-21 12:10:00,BANKNIFTY29SEP2656000CE,56000.0,CE,29SEP2026,2250.0,2250.0,2250.0,2250.0,1
2026-08-21 12:10:00,BANKNIFTY29SEP2656200PE,56200.0,PE,29SEP2026,250.45,250.45,250.45,250.45,1
2026-08-21 12:10:00,BANKNIFTY29SEP2656400PE,56400.0,PE,29SEP2026,287.45,287.45,286.65,286.65,3
2026-08-21 12:10:00,BANKNIFTY29SEP2656500PE,56500.0,PE,29SEP2026,306.45,306.45,306.45,306.45,1
2026-08-21 12:10:00,BANKNIFTY29SEP2656800PE,56800.0,PE,29SEP2026,374.45,374.45,374.45,374.45,1
2026-08-21 12:10:00,BANKNIFTY29SEP2657000CE,57000.0,CE,29SEP2026,1475.9,1481.7,1475.9,1479.05,4
2026-08-21 12:10:00,BANKNIFTY29SEP2657200CE,57200.0,CE,29SEP2026,1346.7,1346.7,1346.7,1346.7,1
2026-08-21 12:10:00,BANKNIFTY29SEP2657400PE,57400.0,PE,29SEP2026,552.2,552.2,552.2,552.2,1
2026-08-21 12:10:00,BANKNIFTY29SEP2657500CE,57500.0,CE,29SEP2026,1138.45,1142.2,1138.45,1139.1,3
2026-08-21 12:10:00,BANKNIFTY29SEP2657500PE,57500.0,PE,29SEP2026,586.0,586.0,581.0,581.0,29
2026-08-21 12:11:00,BANKNIFTY29SEP2656000PE,56000.0,PE,29SEP2026,217.7,218.1,217.15,218.1,7
2026-08-21 12:11:00,BANKNIFTY29SEP2656300PE,56300.0,PE,29SEP2026,266.15,266.15,266.15,266.15,1
2026-08-21 12:11:00,BANKNIFTY29SEP2656500CE,56500.0,CE,29SEP2026,1850.0,1850.0,1850.0,1850.0,2
2026-08-21 12:11:00,BANKNIFTY29SEP2656800PE,56800.0,PE,29SEP2026,374.9,374.95,371.05,371.05,3
2026-08-21 12:11:00,BANKNIFTY29SEP2656900PE,56900.0,PE,29SEP2026,397.3,398.85,397.3,398.85,2
2026-08-21 12:11:00,BANKNIFTY29SEP2657000PE,57000.0,PE,29SEP2026,423.0,423.0,423.0,423.0,1
2026-08-21 12:11:00,BANKNIFTY29SEP2657500PE,57500.0,PE,29SEP2026,580.0,580.0,580.0,580.0,10
2026-08-21 12:12:00,BANKNIFTY29SEP2656000PE,56000.0,PE,29SEP2026,218.1,218.1,217.55,217.7,17
2026-08-21 12:12:00,BANKNIFTY29SEP2657000CE,57000.0,CE,29SEP2026,1485.0,1485.0,1485.0,1485.0,2
2026-08-21 12:12:00,BANKNIFTY29SEP2657000PE,57000.0,PE,29SEP2026,423.0,423.0,421.55,421.55,5
2026-08-21 12:12:00,BANKNIFTY29SEP2657500CE,57500.0,CE,29SEP2026,1146.8,1148.5,1142.0,1142.0,13
2026-08-21 12:12:00,BANKNIFTY29SEP2657500PE,57500.0,PE,29SEP2026,579.7,583.7,579.7,580.45,9
2026-08-21 12:13:00,BANKNIFTY29SEP2655500PE,55500.0,PE,29SEP2026,155.0,155.0,155.0,155.0,2
2026-08-21 12:13:00,BANKNIFTY29SEP2657000CE,57000.0,CE,29SEP2026,1484.0,1484.0,1481.65,1481.65,5
2026-08-21 12:13:00,BANKNIFTY29SEP2657000PE,57000.0,PE,29SEP2026,423.0,423.0,423.0,423.0,1
2026-08-21 12:13:00,BANKNIFTY29SEP2657300PE,57300.0,PE,29SEP2026,517.9,517.95,517.9,517.95,2
2026-08-21 12:13:00,BANKNIFTY29SEP2657400PE,57400.0,PE,29SEP2026,546.4,546.4,546.4,546.4,1
2026-08-21 12:13:00,BANKNIFTY29SEP2657500CE,57500.0,CE,29SEP2026,1147.3,1147.3,1143.2,1144.5,3
2026-08-21 12:13:00,BANKNIFTY29SEP2657500PE,57500.0,PE,29SEP2026,582.35,582.35,580.2,581.2,3
2026-08-21 12:14:00,BANKNIFTY29SEP2655500PE,55500.0,PE,29SEP2026,154.8,156.45,154.8,156.45,41
2026-08-21 12:14:00,BANKNIFTY29SEP2656000PE,56000.0,PE,29SEP2026,219.15,219.15,219.15,219.15,1
2026-08-21 12:14:00,BANKNIFTY29SEP2656200PE,56200.0,PE,29SEP2026,251.75,251.75,251.75,251.75,1
2026-08-21 12:14:00,BANKNIFTY29SEP2656500PE,56500.0,PE,29SEP2026,303.0,304.45,302.0,304.45,7
2026-08-21 12:14:00,BANKNIFTY29SEP2656900PE,56900.0,PE,29SEP2026,398.85,398.85,398.85,398.85,1
2026-08-21 12:14:00,BANKNIFTY29SEP2657000CE,57000.0,CE,29SEP2026,1480.65,1480.65,1475.0,1475.0,2
2026-08-21 12:14:00,BANKNIFTY29SEP2657000PE,57000.0,PE,29SEP2026,421.25,425.0,421.25,425.0,3
2026-08-21 12:14:00,BANKNIFTY29SEP2657500CE,57500.0,CE,29SEP2026,1143.2,1146.9,1135.4,1135.4,16
2026-08-21 12:14:00,BANKNIFTY29SEP2657500PE,57500.0,PE,29SEP2026,580.45,586.0,579.65,585.05,22
2026-08-21 12:15:00,BANKNIFTY29SEP2655500PE,55500.0,PE,29SEP2026,156.0,157.65,156.0,157.3,8
2026-08-21 12:15:00,BANKNIFTY29SEP2656000PE,56000.0,PE,29SEP2026,220.0,222.0,220.0,222.0,7
2026-08-21 12:15:00,BANKNIFTY29SEP2656500CE,56500.0,CE,29SEP2026,1840.0,1840.0,1840.0,1840.0,1
2026-08-21 12:15:00,BANKNIFTY29SEP2656500PE,56500.0,PE,29SEP2026,307.6,308.0,307.5,307.5,7
2026-08-21 12:15:00,BANKNIFTY29SEP2656900PE,56900.0,PE,29SEP2026,402.7,402.7,401.9,401.9,2
2026-08-21 12:15:00,BANKNIFTY29SEP2657000CE,57000.0,CE,29SEP2026,1475.0,1475.0,1469.0,1469.0,3
2026-08-21 12:15:00,BANKNIFTY29SEP2657000PE,57000.0,PE,29SEP2026,430.0,432.75,430.0,432.75,13
2026-08-21 12:15:00,BANKNIFTY29SEP2657200PE,57200.0,PE,29SEP2026,486.55,486.55,486.55,486.55,1
2026-08-21 12:15:00,BANKNIFTY29SEP2657300PE,57300.0,PE,29SEP2026,523.9,523.9,523.9,523.9,2
2026-08-21 12:15:00,BANKNIFTY29SEP2657500CE,57500.0,CE,29SEP2026,1137.15,1138.0,1125.0,1125.0,16
2026-08-21 12:15:00,BANKNIFTY29SEP2657500PE,57500.0,PE,29SEP2026,582.8,590.5,582.8,589.9,200
2026-08-21 12:16:00,BANKNIFTY29SEP2655500PE,55500.0,PE,29SEP2026,157.3,159.9,157.3,159.9,23
2026-08-21 12:16:00,BANKNIFTY29SEP2656000PE,56000.0,PE,29SEP2026,222.0,224.75,222.0,223.75,58
2026-08-21 12:16:00,BANKNIFTY29SEP2656500PE,56500.0,PE,29SEP2026,309.85,312.75,309.85,310.75,29
2026-08-21 12:16:00,BANKNIFTY29SEP2656600PE,56600.0,PE,29SEP2026,333.0,333.0,333.0,333.0,3
2026-08-21 12:16:00,BANKNIFTY29SEP2656900PE,56900.0,PE,29SEP2026,408.15,408.2,408.15,408.2,2
2026-08-21 12:16:00,BANKNIFTY29SEP2657000CE,57000.0,CE,29SEP2026,1459.8,1459.8,1459.8,1459.8,1
2026-08-21 12:16:00,BANKNIFTY29SEP2657000PE,57000.0,PE,29SEP2026,430.35,436.5,430.35,432.55,55
2026-08-21 12:16:00,BANKNIFTY29SEP2657100PE,57100.0,PE,29SEP2026,466.15,466.25,462.55,462.55,7
2026-08-21 12:16:00,BANKNIFTY29SEP2657200PE,57200.0,PE,29SEP2026,496.95,497.0,496.95,497.0,2
2026-08-21 12:16:00,BANKNIFTY29SEP2657300CE,57300.0,CE,29SEP2026,1250.0,1250.0,1250.0,1250.0,1
2026-08-21 12:16:00,BANKNIFTY29SEP2657300PE,57300.0,PE,29SEP2026,529.0,533.05,527.6,527.6,19
2026-08-21 12:16:00,BANKNIFTY29SEP2657400CE,57400.0,CE,29SEP2026,1192.0,1192.0,1190.0,1190.0,6
2026-08-21 12:16:00,BANKNIFTY29SEP2657400PE,57400.0,PE,29SEP2026,563.45,565.0,563.45,565.0,5
2026-08-21 12:16:00,BANKNIFTY29SEP2657500CE,57500.0,CE,29SEP2026,1125.0,1125.05,1118.15,1125.0,45
2026-08-21 12:16:00,BANKNIFTY29SEP2657500PE,57500.0,PE,29SEP2026,589.95,597.75,589.5,594.05,251
2026-08-21 12:17:00,BANKNIFTY29SEP2655500PE,55500.0,PE,29SEP2026,160.0,160.0,158.2,159.15,4
2026-08-21 12:17:00,BANKNIFTY29SEP2655800PE,55800.0,PE,29SEP2026,195.3,195.3,195.3,195.3,2
2026-08-21 12:17:00,BANKNIFTY29SEP2656000PE,56000.0,PE,29SEP2026,223.05,224.2,223.0,223.0,13
2026-08-21 12:17:00,BANKNIFTY29SEP2656500PE,56500.0,PE,29SEP2026,310.9,310.9,310.45,310.45,4
2026-08-21 12:17:00,BANKNIFTY29SEP2656600PE,56600.0,PE,29SEP2026,332.25,332.25,332.25,332.25,1
2026-08-21 12:17:00,BANKNIFTY29SEP2656800PE,56800.0,PE,29SEP2026,379.05,379.05,379.05,379.05,1
2026-08-21 12:17:00,BANKNIFTY29SEP2657000CE,57000.0,CE,29SEP2026,1467.0,1467.0,1465.05,1465.05,5
2026-08-21 12:17:00,BANKNIFTY29SEP2657000PE,57000.0,PE,29SEP2026,433.6,434.1,430.95,433.75,185
2026-08-21 12:17:00,BANKNIFTY29SEP2657100CE,57100.0,CE,29SEP2026,1406.45,1406.45,1406.45,1406.45,1
2026-08-21 12:17:00,BANKNIFTY29SEP2657200PE,57200.0,PE,29SEP2026,495.0,495.0,494.0,494.0,2
2026-08-21 12:17:00,BANKNIFTY29SEP2657400CE,57400.0,CE,29SEP2026,1200.95,1200.95,1200.95,1200.95,1
2026-08-21 12:17:00,BANKNIFTY29SEP2657500CE,57500.0,CE,29SEP2026,1136.5,1136.5,1136.5,1136.5,1
2026-08-21 12:17:00,BANKNIFTY29SEP2657500PE,57500.0,PE,29SEP2026,594.05,594.05,588.75,588.75,45
2026-08-21 12:18:00,BANKNIFTY29SEP2655500PE,55500.0,PE,29SEP2026,159.05,159.05,157.6,157.6,18
2026-08-21 12:18:00,BANKNIFTY29SEP2656000PE,56000.0,PE,29SEP2026,224.2,224.2,222.95,223.1,9
2026-08-21 12:18:00,BANKNIFTY29SEP2656500PE,56500.0,PE,29SEP2026,310.2,310.2,310.0,310.0,4
2026-08-21 12:18:00,BANKNIFTY29SEP2656900PE,56900.0,PE,29SEP2026,405.15,405.15,405.15,405.15,1
2026-08-21 12:18:00,BANKNIFTY29SEP2657000PE,57000.0,PE,29SEP2026,432.0,432.0,429.1,429.1,4
2026-08-21 12:18:00,BANKNIFTY29SEP2657100PE,57100.0,PE,29SEP2026,458.55,458.55,458.55,458.55,1
2026-08-21 12:18:00,BANKNIFTY29SEP2657300CE,57300.0,CE,29SEP2026,1261.9,1261.9,1261.9,1261.9,1
2026-08-21 12:18:00,BANKNIFTY29SEP2657400PE,57400.0,PE,29SEP2026,557.3,557.3,556.2,556.75,3
2026-08-21 12:18:00,BANKNIFTY29SEP2657500CE,57500.0,CE,29SEP2026,1140.3,1140.4,1135.0,1138.55,11
2026-08-21 12:18:00,BANKNIFTY29SEP2657500PE,57500.0,PE,29SEP2026,591.0,591.0,586.85,586.85,44
2026-08-21 12:19:00,BANKNIFTY29SEP2655500PE,55500.0,PE,29SEP2026,157.6,157.6,157.6,157.6,2
2026-08-21 12:19:00,BANKNIFTY29SEP2655900PE,55900.0,PE,29SEP2026,206.4,206.4,206.4,206.4,1
2026-08-21 12:19:00,BANKNIFTY29SEP2656000CE,56000.0,CE,29SEP2026,2250.0,2250.0,2250.0,2250.0,1
2026-08-21 12:19:00,BANKNIFTY29SEP2656000PE,56000.0,PE,29SEP2026,222.6,222.6,221.05,221.05,17
2026-08-21 12:19:00,BANKNIFTY29SEP2656200PE,56200.0,PE,29SEP2026,252.05,252.05,252.05,252.05,1
2026-08-21 12:19:00,BANKNIFTY29SEP2656400PE,56400.0,PE,29SEP2026,293.3,293.3,293.3,293.3,1
2026-08-21 12:19:00,BANKNIFTY29SEP2656500CE,56500.0,CE,29SEP2026,1843.05,1843.05,1843.05,1843.05,1
2026-08-21 12:19:00,BANKNIFTY29SEP2656900PE,56900.0,PE,29SEP2026,400.95,402.1,400.8,401.35,6
2026-08-21 12:19:00,BANKNIFTY29SEP2657000PE,57000.0,PE,29SEP2026,429.25,431.0,429.15,431.0,9
2026-08-21 12:19:00,BANKNIFTY29SEP2657200PE,57200.0,PE,29SEP2026,489.85,489.85,489.7,489.7,6
2026-08-21 12:19:00,BANKNIFTY29SEP2657400PE,57400.0,PE,29SEP2026,554.9,554.9,554.9,554.9,1
2026-08-21 12:19:00,BANKNIFTY29SEP2657500CE,57500.0,CE,29SEP2026,1137.9,1139.75,1137.9,1139.75,9
2026-08-21 12:19:00,BANKNIFTY29SEP2657500PE,57500.0,PE,29SEP2026,586.0,590.0,586.0,590.0,16
2026-08-21 12:20:00,BANKNIFTY29SEP2656000PE,56000.0,PE,29SEP2026,222.35,222.35,222.1,222.1,3
2026-08-21 12:20:00,BANKNIFTY29SEP2656200PE,56200.0,PE,29SEP2026,254.45,254.5,254.45,254.5,2
2026-08-21 12:20:00,BANKNIFTY29SEP2656300PE,56300.0,PE,29SEP2026,266.05,266.05,266.05,266.05,1
2026-08-21 12:20:00,BANKNIFTY29SEP2656800PE,56800.0,PE,29SEP2026,378.7,378.75,378.7,378.75,2
2026-08-21 12:20:00,BANKNIFTY29SEP2656900PE,56900.0,PE,29SEP2026,403.95,403.95,403.95,403.95,1
2026-08-21 12:20:00,BANKNIFTY29SEP2657000CE,57000.0,CE,29SEP2026,1474.4,1474.4,1474.4,1474.4,1
2026-08-21 12:20:00,BANKNIFTY29SEP2657000PE,57000.0,PE,29SEP2026,430.45,431.25,428.55,431.25,52
2026-08-21 12:20:00,BANKNIFTY29SEP2657100PE,57100.0,PE,29SEP2026,461.5,461.5,461.5,461.5,1
2026-08-21 12:20:00,BANKNIFTY29SEP2657200PE,57200.0,PE,29SEP2026,491.25,492.8,491.25,492.8,2
2026-08-21 12:20:00,BANKNIFTY29SEP2657500CE,57500.0,CE,29SEP2026,1139.95,1140.0,1136.05,1136.05,5
2026-08-21 12:20:00,BANKNIFTY29SEP2657500PE,57500.0,PE,29SEP2026,590.0,590.1,589.1,589.1,4
2026-08-21 12:21:00,BANKNIFTY29SEP2656000PE,56000.0,PE,29SEP2026,221.25,221.25,220.35,220.35,4
2026-08-21 12:21:00,BANKNIFTY29SEP2656500PE,56500.0,PE,29SEP2026,306.3,306.3,306.3,306.3,1
2026-08-21 12:21:00,BANKNIFTY29SEP2656700CE,56700.0,CE,29SEP2026,1705.15,1705.15,1705.15,1705.15,1
2026-08-21 12:21:00,BANKNIFTY29SEP2656700PE,56700.0,PE,29SEP2026,353.55,353.55,353.55,353.55,1
2026-08-21 12:21:00,BANKNIFTY29SEP2657000CE,57000.0,CE,29SEP2026,1479.9,1479.9,1479.9,1479.9,1
2026-08-21 12:21:00,BANKNIFTY29SEP2657000PE,57000.0,PE,29SEP2026,430.75,430.75,430.75,430.75,2
2026-08-21 12:21:00,BANKNIFTY29SEP2657100CE,57100.0,CE,29SEP2026,1409.95,1409.95,1409.95,1409.95,1
2026-08-21 12:21:00,BANKNIFTY29SEP2657300PE,57300.0,PE,29SEP2026,522.65,524.55,522.65,524.55,2
2026-08-21 12:21:00,BANKNIFTY29SEP2657400CE,57400.0,CE,29SEP2026,1209.5,1209.5,1209.5,1209.5,1
2026-08-21 12:21:00,BANKNIFTY29SEP2657500CE,57500.0,CE,29SEP2026,1141.7,1142.35,1137.6,1137.6,4
2026-08-21 12:22:00,BANKNIFTY29SEP2655500PE,55500.0,PE,29SEP2026,156.0,156.0,155.95,156.0,36
2026-08-21 12:22:00,BANKNIFTY29SEP2656000PE,56000.0,PE,29SEP2026,220.0,220.45,220.0,220.45,16
2026-08-21 12:22:00,BANKNIFTY29SEP2656900PE,56900.0,PE,29SEP2026,400.8,400.8,394.5,394.5,11
2026-08-21 12:22:00,BANKNIFTY29SEP2657000CE,57000.0,CE,29SEP2026,1480.0,1480.0,1480.0,1480.0,1
2026-08-21 12:22:00,BANKNIFTY29SEP2657000PE,57000.0,PE,29SEP2026,425.45,425.45,425.45,425.45,2
2026-08-21 12:22:00,BANKNIFTY29SEP2657100CE,57100.0,CE,29SEP2026,1410.0,1410.0,1410.0,1410.0,1
2026-08-21 12:22:00,BANKNIFTY29SEP2657400CE,57400.0,CE,29SEP2026,1204.25,1204.25,1204.25,1204.25,1
2026-08-21 12:22:00,BANKNIFTY29SEP2657500CE,57500.0,CE,29SEP2026,1144.8,1145.55,1142.0,1143.0,17
2026-08-21 12:22:00,BANKNIFTY29SEP2657500PE,57500.0,PE,29SEP2026,583.35,585.0,583.35,585.0,3
2026-08-21 12:23:00,BANKNIFTY29SEP2656000CE,56000.0,CE,29SEP2026,2268.85,2268.85,2268.85,2268.85,1
2026-08-21 12:23:00,BANKNIFTY29SEP2656200PE,56200.0,PE,29SEP2026,249.0,249.0,249.0,249.0,21
2026-08-21 12:23:00,BANKNIFTY29SEP2656500PE,56500.0,PE,29SEP2026,305.2,305.2,305.2,305.2,1
2026-08-21 12:23:00,BANKNIFTY29SEP2657500CE,57500.0,CE,29SEP2026,1141.4,1145.75,1139.65,1140.3,11
2026-08-21 12:23:00,BANKNIFTY29SEP2657500PE,57500.0,PE,29SEP2026,584.0,584.0,583.8,583.8,6
2026-08-21 12:24:00,BANKNIFTY29SEP2655500PE,55500.0,PE,29SEP2026,155.45,155.45,155.45,155.45,1
2026-08-21 12:24:00,BANKNIFTY29SEP2655800PE,55800.0,PE,29SEP2026,192.85,193.0,192.85,193.0,4
2026-08-21 12:24:00,BANKNIFTY29SEP2656200PE,56200.0,PE,29SEP2026,251.4,251.4,251.4,251.4,1
2026-08-21 12:24:00,BANKNIFTY29SEP2656500PE,56500.0,PE,29SEP2026,305.0,305.0,304.6,304.6,2
2026-08-21 12:24:00,BANKNIFTY29SEP2657000CE,57000.0,CE,29SEP2026,1489.25,1489.25,1487.7,1487.7,2
2026-08-21 12:24:00,BANKNIFTY29SEP2657000PE,57000.0,PE,29SEP2026,425.0,425.0,425.0,425.0,1
2026-08-21 12:24:00,BANKNIFTY29SEP2657200CE,57200.0,CE,29SEP2026,1353.5,1353.5,1353.5,1353.5,1
2026-08-21 12:24:00,BANKNIFTY29SEP2657300PE,57300.0,PE,29SEP2026,519.25,519.25,519.25,519.25,1
2026-08-21 12:24:00,BANKNIFTY29SEP2657400CE,57400.0,CE,29SEP2026,1212.0,1212.0,1212.0,1212.0,2
2026-08-21 12:24:00,BANKNIFTY29SEP2657500CE,57500.0,CE,29SEP2026,1147.6,1147.6,1147.6,1147.6,1
2026-08-21 12:25:00,BANKNIFTY29SEP2655500PE,55500.0,PE,29SEP2026,156.9,156.9,156.9,156.9,2
2026-08-21 12:25:00,BANKNIFTY29SEP2655900PE,55900.0,PE,29SEP2026,205.6,205.6,205.6,205.6,1
2026-08-21 12:25:00,BANKNIFTY29SEP2656400PE,56400.0,PE,29SEP2026,288.1,288.1,288.05,288.05,2
2026-08-21 12:25:00,BANKNIFTY29SEP2656800PE,56800.0,PE,29SEP2026,375.0,375.0,375.0,375.0,1
2026-08-21 12:25:00,BANKNIFTY29SEP2657000PE,57000.0,PE,29SEP2026,425.6,427.5,425.6,427.5,2
2026-08-21 12:25:00,BANKNIFTY29SEP2657300PE,57300.0,PE,29SEP2026,521.0,521.0,521.0,521.0,3
2026-08-21 12:25:00,BANKNIFTY29SEP2657500CE,57500.0,CE,29SEP2026,1145.0,1145.0,1141.4,1141.85,9
2026-08-21 12:25:00,BANKNIFTY29SEP2657500PE,57500.0,PE,29SEP2026,585.0,585.0,585.0,585.0,1
2026-08-21 12:26:00,BANKNIFTY29SEP2655500PE,55500.0,PE,29SEP2026,156.35,156.6,156.35,156.6,4
2026-08-21 12:26:00,BANKNIFTY29SEP2656200PE,56200.0,PE,29SEP2026,252.9,252.9,252.9,252.9,1
2026-08-21 12:26:00,BANKNIFTY29SEP2657000PE,57000.0,PE,29SEP2026,426.3,426.3,426.3,426.3,1
2026-08-21 12:26:00,BANKNIFTY29SEP2657500CE,57500.0,CE,29SEP2026,1145.0,1145.0,1145.0,1145.0,2
2026-08-21 12:26:00,BANKNIFTY29SEP2657500PE,57500.0,PE,29SEP2026,586.0,586.45,583.9,583.9,3
2026-08-21 12:27:00,BANKNIFTY29SEP2655500PE,55500.0,PE,29SEP2026,155.3,155.3,155.25,155.25,4
2026-08-21 12:27:00,BANKNIFTY29SEP2655800PE,55800.0,PE,29SEP2026,190.2,190.2,190.05,190.05,4
2026-08-21 12:27:00,BANKNIFTY29SEP2656000PE,56000.0,PE,29SEP2026,218.85,218.85,218.85,218.85,1
2026-08-21 12:27:00,BANKNIFTY29SEP2656500PE,56500.0,PE,29SEP2026,304.6,304.6,304.6,304.6,1
2026-08-21 12:27:00,BANKNIFTY29SEP2656700CE,56700.0,CE,29SEP2026,1705.15,1705.15,1705.15,1705.15,1
2026-08-21 12:27:00,BANKNIFTY29SEP2657000CE,57000.0,CE,29SEP2026,1488.9,1488.9,1488.9,1488.9,3
2026-08-21 12:27:00,BANKNIFTY29SEP2657000PE,57000.0,PE,29SEP2026,426.0,426.0,426.0,426.0,1
2026-08-21 12:27:00,BANKNIFTY29SEP2657500CE,57500.0,CE,29SEP2026,1147.6,1148.4,1147.6,1148.4,2
2026-08-21 12:27:00,BANKNIFTY29SEP2657500PE,57500.0,PE,29SEP2026,581.9,581.9,580.95,581.25,6
2026-08-21 12:28:00,BANKNIFTY29SEP2655500PE,55500.0,PE,29SEP2026,155.4,155.4,155.4,155.4,1
2026-08-21 12:28:00,BANKNIFTY29SEP2657000CE,57000.0,CE,29SEP2026,1483.9,1483.95,1483.9,1483.95,2
2026-08-21 12:28:00,BANKNIFTY29SEP2657000PE,57000.0,PE,29SEP2026,426.0,427.4,426.0,427.4,3
2026-08-21 12:28:00,BANKNIFTY29SEP2657100CE,57100.0,CE,29SEP2026,1426.5,1439.75,1413.95,1413.95,12
2026-08-21 12:28:00,BANKNIFTY29SEP2657500CE,57500.0,CE,29SEP2026,1143.2,1143.2,1143.0,1143.0,6
2026-08-21 12:28:00,BANKNIFTY29SEP2657500PE,57500.0,PE,29SEP2026,584.8,585.4,584.8,585.4,4
2026-08-21 12:29:00,BANKNIFTY29SEP2655500PE,55500.0,PE,29SEP2026,155.35,155.35,155.35,155.35,2
2026-08-21 12:29:00,BANKNIFTY29SEP2656000PE,56000.0,PE,29SEP2026,219.3,219.3,219.3,219.3,1
2026-08-21 12:29:00,BANKNIFTY29SEP2657000CE,57000.0,CE,29SEP2026,1488.85,1488.85,1480.3,1481.2,7
2026-08-21 12:29:00,BANKNIFTY29SEP2657000PE,57000.0,PE,29SEP2026,425.05,425.3,424.6,424.6,12
2026-08-21 12:29:00,BANKNIFTY29SEP2657500CE,57500.0,CE,29SEP2026,1146.9,1146.9,1146.9,1146.9,2
2026-08-21 12:29:00,BANKNIFTY29SEP2657500PE,57500.0,PE,29SEP2026,584.1,584.85,582.3,584.3,9
2026-08-21 12:30:00,BANKNIFTY29SEP2655500PE,55500.0,PE,29SEP2026,155.45,155.45,155.45,155.45,1
2026-08-21 12:30:00,BANKNIFTY29SEP2656000PE,56000.0,PE,29SEP2026,219.3,219.3,219.3,219.3,2
2026-08-21 12:30:00,BANKNIFTY29SEP2656500PE,56500.0,PE,29SEP2026,306.7,307.6,306.0,307.6,8
2026-08-21 12:30:00,BANKNIFTY29SEP2657000CE,57000.0,CE,29SEP2026,1480.3,1487.0,1480.0,1480.0,10
2026-08-21 12:30:00,BANKNIFTY29SEP2657000PE,57000.0,PE,29SEP2026,425.0,425.15,425.0,425.15,2
2026-08-21 12:30:00,BANKNIFTY29SEP2657100CE,57100.0,CE,29SEP2026,1413.95,1413.95,1413.95,1413.95,1
2026-08-21 12:30:00,BANKNIFTY29SEP2657400CE,57400.0,CE,29SEP2026,1212.0,1212.0,1212.0,1212.0,1
2026-08-21 12:30:00,BANKNIFTY29SEP2657400PE,57400.0,PE,29SEP2026,553.4,554.0,553.4,554.0,6
2026-08-21 12:30:00,BANKNIFTY29SEP2657500CE,57500.0,CE,29SEP2026,1145.95,1145.95,1144.0,1145.95,4
2026-08-21 12:30:00,BANKNIFTY29SEP2657500PE,57500.0,PE,29SEP2026,584.65,585.2,584.65,585.2,4
2026-08-21 12:31:00,BANKNIFTY29SEP2656500PE,56500.0,PE,29SEP2026,306.35,306.4,305.4,305.4,3
2026-08-21 12:31:00,BANKNIFTY29SEP2656700CE,56700.0,CE,29SEP2026,1701.0,1701.0,1701.0,1701.0,2
2026-08-21 12:31:00,BANKNIFTY29SEP2657000CE,57000.0,CE,29SEP2026,1483.0,1483.0,1483.0,1483.0,3
2026-08-21 12:31:00,BANKNIFTY29SEP2657000PE,57000.0,PE,29SEP2026,427.05,427.1,427.05,427.1,3
2026-08-21 12:31:00,BANKNIFTY29SEP2657500CE,57500.0,CE,29SEP2026,1145.95,1146.55,1145.95,1145.95,5
2026-08-21 12:31:00,BANKNIFTY29SEP2657500PE,57500.0,PE,29SEP2026,585.2,585.2,585.2,585.2,1
2026-08-21 12:32:00,BANKNIFTY29SEP2656500PE,56500.0,PE,29SEP2026,307.3,307.3,307.3,307.3,1
2026-08-21 12:32:00,BANKNIFTY29SEP2656700PE,56700.0,PE,29SEP2026,348.0,348.0,347.65,347.65,5
2026-08-21 12:32:00,BANKNIFTY29SEP2657400CE,57400.0,CE,29SEP2026,1212.0,1212.0,1212.0,1212.0,2
2026-08-21 12:32:00,BANKNIFTY29SEP2657500CE,57500.0,CE,29SEP2026,1145.95,1145.95,1145.95,1145.95,1
2026-08-21 12:32:00,BANKNIFTY29SEP2657500PE,57500.0,PE,29SEP2026,584.0,584.5,584.0,584.5,2
2026-08-21 12:33:00,BANKNIFTY29SEP2656000PE,56000.0,PE,29SEP2026,220.7,220.7,220.25,220.25,4
2026-08-21 12:33:00,BANKNIFTY29SEP2656800CE,56800.0,CE,29SEP2026,1625.0,1625.0,1625.0,1625.0,1
2026-08-21 12:33:00,BANKNIFTY29SEP2657000CE,57000.0,CE,29SEP2026,1485.95,1485.95,1485.95,1485.95,2
2026-08-21 12:33:00,BANKNIFTY29SEP2657500CE,57500.0,CE,29SEP2026,1141.0,1141.05,1141.0,1141.05,7
2026-08-21 12:33:00,BANKNIFTY29SEP2657500PE,57500.0,PE,29SEP2026,584.5,585.0,584.5,584.8,23
2026-08-21 12:34:00,BANKNIFTY29SEP2655500PE,55500.0,PE,29SEP2026,155.4,155.4,155.4,155.4,2
2026-08-21 12:34:00,BANKNIFTY29SEP2655800PE,55800.0,PE,29SEP2026,191.3,191.3,191.3,191.3,1
2026-08-21 12:34:00,BANKNIFTY29SEP2656000PE,56000.0,PE,29SEP2026,219.0,219.0,219.0,219.0,1
2026-08-21 12:34:00,BANKNIFTY29SEP2656400PE,56400.0,PE,29SEP2026,284.9,284.9,284.9,284.9,1
2026-08-21 12:34:00,BANKNIFTY29SEP2656500PE,56500.0,PE,29SEP2026,305.45,305.45,303.75,303.75,3
2026-08-21 12:34:00,BANKNIFTY29SEP2656700PE,56700.0,PE,29SEP2026,347.2,347.2,347.2,347.2,1
2026-08-21 12:34:00,BANKNIFTY29SEP2656900CE,56900.0,CE,29SEP2026,1572.85,1572.85,1572.85,1572.85,1
2026-08-21 12:34:00,BANKNIFTY29SEP2657000CE,57000.0,CE,29SEP2026,1490.0,1490.0,1486.3,1486.3,5
2026-08-21 12:34:00,BANKNIFTY29SEP2657000PE,57000.0,PE,29SEP2026,422.5,423.7,421.35,423.7,9
2026-08-21 12:34:00,BANKNIFTY29SEP2657100PE,57100.0,PE,29SEP2026,452.1,452.1,448.45,451.55,7
2026-08-21 12:34:00,BANKNIFTY29SEP2657200PE,57200.0,PE,29SEP2026,482.75,484.35,479.8,484.35,8
2026-08-21 12:34:00,BANKNIFTY29SEP2657300CE,57300.0,CE,29SEP2026,1283.0,1283.0,1283.0,1283.0,1
2026-08-21 12:34:00,BANKNIFTY29SEP2657300PE,57300.0,PE,29SEP2026,515.3,516.0,514.75,516.0,15
2026-08-21 12:34:00,BANKNIFTY29SEP2657400PE,57400.0,PE,29SEP2026,548.15,548.15,545.05,545.05,5
2026-08-21 12:34:00,BANKNIFTY29SEP2657500CE,57500.0,CE,29SEP2026,1145.9,1154.0,1145.9,1149.0,92
2026-08-21 12:34:00,BANKNIFTY29SEP2657500PE,57500.0,PE,29SEP2026,582.85,582.85,580.0,580.3,15
2026-08-21 12:35:00,BANKNIFTY29SEP2655500PE,55500.0,PE,29SEP2026,156.2,156.2,156.2,156.2,1
2026-08-21 12:35:00,BANKNIFTY29SEP2656200PE,56200.0,PE,29SEP2026,251.5,251.5,251.5,251.5,1
2026-08-21 12:35:00,BANKNIFTY29SEP2656500PE,56500.0,PE,29SEP2026,303.85,303.9,303.85,303.9,2
2026-08-21 12:35:00,BANKNIFTY29SEP2656900PE,56900.0,PE,29SEP2026,397.1,397.1,397.1,397.1,1
2026-08-21 12:35:00,BANKNIFTY29SEP2657000PE,57000.0,PE,29SEP2026,421.35,421.35,421.1,421.1,5
2026-08-21 12:35:00,BANKNIFTY29SEP2657500CE,57500.0,CE,29SEP2026,1149.45,1149.45,1147.0,1147.0,8
2026-08-21 12:35:00,BANKNIFTY29SEP2657500PE,57500.0,PE,29SEP2026,581.25,582.4,580.3,582.4,4
2026-08-21 12:36:00,BANKNIFTY29SEP2655500PE,55500.0,PE,29SEP2026,154.1,154.15,154.05,154.15,7
2026-08-21 12:36:00,BANKNIFTY29SEP2656000PE,56000.0,PE,29SEP2026,217.4,217.4,217.4,217.4,1
2026-08-21 12:36:00,BANKNIFTY29SEP2656500PE,56500.0,PE,29SEP2026,301.55,302.05,301.55,302.05,3
2026-08-21 12:36:00,BANKNIFTY29SEP2656900PE,56900.0,PE,29SEP2026,394.4,394.4,394.3,394.3,2
2026-08-21 12:36:00,BANKNIFTY29SEP2657000PE,57000.0,PE,29SEP2026,420.25,420.25,420.25,420.25,1
2026-08-21 12:36:00,BANKNIFTY29SEP2657500CE,57500.0,CE,29SEP2026,1152.65,1152.65,1152.65,1152.65,1
2026-08-21 12:36:00,BANKNIFTY29SEP2657500PE,57500.0,PE,29SEP2026,578.05,579.15,578.05,579.15,4
2026-08-21 12:37:00,BANKNIFTY29SEP2655500PE,55500.0,PE,29SEP2026,155.45,155.45,155.45,155.45,1
2026-08-21 12:37:00,BANKNIFTY29SEP2656000PE,56000.0,PE,29SEP2026,219.0,219.0,219.0,219.0,5
2026-08-21 12:37:00,BANKNIFTY29SEP2656500PE,56500.0,PE,29SEP2026,303.0,303.0,303.0,303.0,1
2026-08-21 12:37:00,BANKNIFTY29SEP2657000CE,57000.0,CE,29SEP2026,1490.85,1490.85,1490.85,1490.85,1
2026-08-21 12:37:00,BANKNIFTY29SEP2657000PE,57000.0,PE,29SEP2026,422.7,423.7,422.7,423.7,5
2026-08-21 12:37:00,BANKNIFTY29SEP2657200PE,57200.0,PE,29SEP2026,485.15,486.0,485.15,486.0,8
2026-08-21 12:37:00,BANKNIFTY29SEP2657400PE,57400.0,PE,29SEP2026,552.05,552.05,552.05,552.05,1
2026-08-21 12:37:00,BANKNIFTY29SEP2657500CE,57500.0,CE,29SEP2026,1150.2,1150.2,1144.2,1144.2,4
2026-08-21 12:37:00,BANKNIFTY29SEP2657500PE,57500.0,PE,29SEP2026,577.95,581.1,577.95,581.1,2
2026-08-21 12:38:00,BANKNIFTY29SEP2656000PE,56000.0,PE,29SEP2026,219.95,219.95,219.95,219.95,1
2026-08-21 12:38:00,BANKNIFTY29SEP2656500PE,56500.0,PE,29SEP2026,304.35,304.35,304.35,304.35,1
2026-08-21 12:38:00,BANKNIFTY29SEP2657000PE,57000.0,PE,29SEP2026,425.0,425.0,425.0,425.0,3
2026-08-21 12:38:00,BANKNIFTY29SEP2657500CE,57500.0,CE,29SEP2026,1142.9,1142.9,1142.9,1142.9,1
2026-08-21 12:38:00,BANKNIFTY29SEP2657500PE,57500.0,PE,29SEP2026,581.15,581.15,581.15,581.15,1
2026-08-21 12:39:00,BANKNIFTY29SEP2655500CE,55500.0,CE,29SEP2026,2687.0,2687.0,2687.0,2687.0,1
2026-08-21 12:39:00,BANKNIFTY29SEP2655500PE,55500.0,PE,29SEP2026,155.4,155.4,155.0,155.35,11
2026-08-21 12:39:00,BANKNIFTY29SEP2656200PE,56200.0,PE,29SEP2026,250.25,250.25,250.25,250.25,1
2026-08-21 12:39:00,BANKNIFTY29SEP2656400PE,56400.0,PE,29SEP2026,289.25,289.25,286.7,286.7,2
2026-08-21 12:39:00,BANKNIFTY29SEP2656500PE,56500.0,PE,29SEP2026,304.5,304.5,304.5,304.5,1
2026-08-21 12:39:00,BANKNIFTY29SEP2657100PE,57100.0,PE,29SEP2026,454.5,454.5,454.5,454.5,1
2026-08-21 12:39:00,BANKNIFTY29SEP2657400CE,57400.0,CE,29SEP2026,1212.0,1212.0,1212.0,1212.0,1
2026-08-21 12:39:00,BANKNIFTY29SEP2657500CE,57500.0,CE,29SEP2026,1141.0,1141.0,1141.0,1141.0,1
2026-08-21 12:39:00,BANKNIFTY29SEP2657500PE,57500.0,PE,29SEP2026,581.15,582.95,581.15,582.95,23
2026-08-21 12:40:00,BANKNIFTY29SEP2655500PE,55500.0,PE,29SEP2026,155.3,155.3,155.2,155.2,11
2026-08-21 12:40:00,BANKNIFTY29SEP2655900PE,55900.0,PE,29SEP2026,208.15,208.15,208.15,208.15,1
2026-08-21 12:40:00,BANKNIFTY29SEP2656000PE,56000.0,PE,29SEP2026,220.0,221.1,220.0,221.1,22
2026-08-21 12:40:00,BANKNIFTY29SEP2656500PE,56500.0,PE,29SEP2026,305.8,305.8,305.8,305.8,1
2026-08-21 12:40:00,BANKNIFTY29SEP2657000CE,57000.0,CE,29SEP2026,1480.6,1480.6,1480.6,1480.6,2
2026-08-21 12:40:00,BANKNIFTY29SEP2657000PE,57000.0,PE,29SEP2026,428.25,428.5,426.0,428.5,45
2026-08-21 12:40:00,BANKNIFTY29SEP2657100PE,57100.0,PE,29SEP2026,454.8,454.8,454.8,454.8,1
2026-08-21 12:40:00,BANKNIFTY29SEP2657200CE,57200.0,CE,29SEP2026,1343.5,1343.5,1343.5,1343.5,1
2026-08-21 12:40:00,BANKNIFTY29SEP2657300PE,57300.0,PE,29SEP2026,518.55,521.05,518.55,521.05,2
2026-08-21 12:40:00,BANKNIFTY29SEP2657400PE,57400.0,PE,29SEP2026,554.85,554.9,554.85,554.9,11
2026-08-21 12:40:00,BANKNIFTY29SEP2657500CE,57500.0,CE,29SEP2026,1142.85,1142.9,1133.0,1133.0,10
2026-08-21 12:40:00,BANKNIFTY29SEP2657500PE,57500.0,PE,29SEP2026,582.95,588.0,582.95,588.0,34
2026-08-21 12:41:00,BANKNIFTY29SEP2655500PE,55500.0,PE,29SEP2026,157.7,158.1,156.65,156.65,6
2026-08-21 12:41:00,BANKNIFTY29SEP2656000PE,56000.0,PE,29SEP2026,220.6,220.85,220.6,220.85,2
2026-08-21 12:41:00,BANKNIFTY29SEP2656200PE,56200.0,PE,29SEP2026,252.8,253.7,252.6,253.7,3
2026-08-21 12:41:00,BANKNIFTY29SEP2656500CE,56500.0,CE,29SEP2026,1850.45,1850.45,1850.4,1850.4,2
2026-08-21 12:41:00,BANKNIFTY29SEP2656500PE,56500.0,PE,29SEP2026,307.2,308.95,307.1,308.95,6
2026-08-21 12:41:00,BANKNIFTY29SEP2657000CE,57000.0,CE,29SEP2026,1475.7,1478.4,1474.45,1474.45,4
2026-08-21 12:41:00,BANKNIFTY29SEP2657000PE,57000.0,PE,29SEP2026,429.95,430.75,429.55,430.75,14
2026-08-21 12:41:00,BANKNIFTY29SEP2657400PE,57400.0,PE,29SEP2026,558.15,558.15,558.15,558.15,1
2026-08-21 12:41:00,BANKNIFTY29SEP2657500CE,57500.0,CE,29SEP2026,1132.05,1136.0,1130.0,1130.0,24
2026-08-21 12:41:00,BANKNIFTY29SEP2657500PE,57500.0,PE,29SEP2026,588.0,589.05,588.0,588.9,14
2026-08-21 12:42:00,BANKNIFTY29SEP2655500PE,55500.0,PE,29SEP2026,157.75,157.75,157.75,157.75,1
2026-08-21 12:42:00,BANKNIFTY29SEP2656000PE,56000.0,PE,29SEP2026,220.6,223.0,220.6,223.0,34
2026-08-21 12:42:00,BANKNIFTY29SEP2656300PE,56300.0,PE,29SEP2026,272.1,272.1,272.1,272.1,1
2026-08-21 12:42:00,BANKNIFTY29SEP2656400PE,56400.0,PE,29SEP2026,291.65,291.65,291.65,291.65,1
2026-08-21 12:42:00,BANKNIFTY29SEP2656500CE,56500.0,CE,29SEP2026,1840.85,1840.85,1840.85,1840.85,1
2026-08-21 12:42:00,BANKNIFTY29SEP2656500PE,56500.0,PE,29SEP2026,306.85,310.0,306.85,310.0,5
2026-08-21 12:42:00,BANKNIFTY29SEP2656800PE,56800.0,PE,29SEP2026,377.65,377.65,377.65,377.65,6
2026-08-21 12:42:00,BANKNIFTY29SEP2657000CE,57000.0,CE,29SEP2026,1465.05,1465.05,1462.05,1462.05,4
2026-08-21 12:42:00,BANKNIFTY29SEP2657000PE,57000.0,PE,29SEP2026,430.3,433.0,428.4,433.0,14
2026-08-21 12:42:00,BANKNIFTY29SEP2657500CE,57500.0,CE,29SEP2026,1132.05,1132.05,1124.8,1124.8,76
2026-08-21 12:42:00,BANKNIFTY29SEP2657500PE,57500.0,PE,29SEP2026,589.65,591.0,589.65,591.0,22
2026-08-21 12:43:00,BANKNIFTY29SEP2656000PE,56000.0,PE,29SEP2026,223.25,224.7,223.25,223.75,32
2026-08-21 12:43:00,BANKNIFTY29SEP2656300PE,56300.0,PE,29SEP2026,274.15,274.15,274.15,274.15,1
2026-08-21 12:43:00,BANKNIFTY29SEP2657000CE,57000.0,CE,29SEP2026,1460.45,1460.45,1460.45,1460.45,1
2026-08-21 12:43:00,BANKNIFTY29SEP2657000PE,57000.0,PE,29SEP2026,431.8,433.0,431.8,433.0,21
2026-08-21 12:43:00,BANKNIFTY29SEP2657400PE,57400.0,PE,29SEP2026,561.1,561.1,561.1,561.1,1
2026-08-21 12:43:00,BANKNIFTY29SEP2657500CE,57500.0,CE,29SEP2026,1129.05,1129.25,1126.05,1129.25,8
2026-08-21 12:43:00,BANKNIFTY29SEP2657500PE,57500.0,PE,29SEP2026,590.45,594.6,590.45,592.6,22
2026-08-21 12:44:00,BANKNIFTY29SEP2655500PE,55500.0,PE,29SEP2026,157.75,157.75,157.75,157.75,4
2026-08-21 12:44:00,BANKNIFTY29SEP2656000PE,56000.0,PE,29SEP2026,222.95,222.95,222.95,222.95,4
2026-08-21 12:44:00,BANKNIFTY29SEP2656700PE,56700.0,PE,29SEP2026,353.55,353.55,353.55,353.55,1
2026-08-21 12:44:00,BANKNIFTY29SEP2657000PE,57000.0,PE,29SEP2026,430.05,431.85,430.05,430.25,4
2026-08-21 12:44:00,BANKNIFTY29SEP2657400PE,57400.0,PE,29SEP2026,558.95,558.95,558.95,558.95,1
2026-08-21 12:44:00,BANKNIFTY29SEP2657500CE,57500.0,CE,29SEP2026,1134.3,1135.0,1134.3,1135.0,6
2026-08-21 12:44:00,BANKNIFTY29SEP2657500PE,57500.0,PE,29SEP2026,589.0,589.5,589.0,589.5,2
2026-08-21 12:45:00,BANKNIFTY29SEP2656000PE,56000.0,PE,29SEP2026,220.6,220.6,220.05,220.05,3
2026-08-21 12:45:00,BANKNIFTY29SEP2656200PE,56200.0,PE,29SEP2026,253.65,253.65,253.65,253.65,1
2026-08-21 12:45:00,BANKNIFTY29SEP2657000CE,57000.0,CE,29SEP2026,1480.0,1480.0,1480.0,1480.0,1
2026-08-21 12:45:00,BANKNIFTY29SEP2657000PE,57000.0,PE,29SEP2026,426.95,426.95,426.95,426.95,1
2026-08-21 12:45:00,BANKNIFTY29SEP2657100PE,57100.0,PE,29SEP2026,457.0,457.0,457.0,457.0,2
2026-08-21 12:45:00,BANKNIFTY29SEP2657500CE,57500.0,CE,29SEP2026,1137.35,1139.2,1136.0,1136.0,10
2026-08-21 12:45:00,BANKNIFTY29SEP2657500PE,57500.0,PE,29SEP2026,589.5,589.5,587.0,587.5,11
2026-08-21 12:46:00,BANKNIFTY29SEP2655500PE,55500.0,PE,29SEP2026,155.5,156.95,155.35,156.0,7
2026-08-21 12:46:00,BANKNIFTY29SEP2656000PE,56000.0,PE,29SEP2026,220.0,220.0,220.0,220.0,3
2026-08-21 12:46:00,BANKNIFTY29SEP2656200PE,56200.0,PE,29SEP2026,252.05,252.05,252.05,252.05,1
2026-08-21 12:46:00,BANKNIFTY29SEP2656300PE,56300.0,PE,29SEP2026,269.0,269.0,269.0,269.0,1
2026-08-21 12:46:00,BANKNIFTY29SEP2656500PE,56500.0,PE,29SEP2026,307.5,307.5,307.5,307.5,2
2026-08-21 12:46:00,BANKNIFTY29SEP2657000CE,57000.0,CE,29SEP2026,1471.2,1471.2,1471.15,1471.15,2
2026-08-21 12:46:00,BANKNIFTY29SEP2657500CE,57500.0,CE,29SEP2026,1136.4,1136.4,1136.4,1136.4,1
2026-08-21 12:46:00,BANKNIFTY29SEP2657500PE,57500.0,PE,29SEP2026,586.95,590.15,586.9,588.2,8
2026-08-21 12:47:00,BANKNIFTY29SEP2656000PE,56000.0,PE,29SEP2026,221.0,221.0,221.0,221.0,1
2026-08-21 12:47:00,BANKNIFTY29SEP2657000PE,57000.0,PE,29SEP2026,430.0,430.0,428.1,429.85,3
2026-08-21 12:47:00,BANKNIFTY29SEP2657100PE,57100.0,PE,29SEP2026,458.1,458.1,458.1,458.1,1
2026-08-21 12:47:00,BANKNIFTY29SEP2657500CE,57500.0,CE,29SEP2026,1134.6,1139.0,1132.85,1132.85,7
2026-08-21 12:47:00,BANKNIFTY29SEP2657500PE,57500.0,PE,29SEP2026,588.1,590.85,587.95,590.85,5
2026-08-21 12:48:00,BANKNIFTY29SEP2656000PE,56000.0,PE,29SEP2026,220.25,223.6,220.25,221.8,40
2026-08-21 12:48:00,BANKNIFTY29SEP2656500PE,56500.0,PE,29SEP2026,308.45,308.45,307.0,307.0,4
2026-08-21 12:48:00,BANKNIFTY29SEP2657000PE,57000.0,PE,29SEP2026,430.0,430.0,430.0,430.0,3
2026-08-21 12:48:00,BANKNIFTY29SEP2657200PE,57200.0,PE,29SEP2026,492.8,493.55,492.8,493.55,5
2026-08-21 12:48:00,BANKNIFTY29SEP2657500CE,57500.0,CE,29SEP2026,1137.0,1140.5,1137.0,1140.5,2
2026-08-21 12:48:00,BANKNIFTY29SEP2657500PE,57500.0,PE,29SEP2026,589.0,589.0,587.55,587.55,4
2026-08-21 12:49:00,BANKNIFTY29SEP2656000PE,56000.0,PE,29SEP2026,222.15,222.15,222.15,222.15,1
2026-08-21 12:49:00,BANKNIFTY29SEP2656500PE,56500.0,PE,29SEP2026,306.9,306.9,306.9,306.9,1
2026-08-21 12:49:00,BANKNIFTY29SEP2657000PE,57000.0,PE,29SEP2026,427.85,428.0,427.5,428.0,30
2026-08-21 12:49:00,BANKNIFTY29SEP2657200PE,57200.0,PE,29SEP2026,490.6,490.6,490.6,490.6,1
2026-08-21 12:49:00,BANKNIFTY29SEP2657500CE,57500.0,CE,29SEP2026,1135.45,1140.25,1135.45,1140.25,5
2026-08-21 12:49:00,BANKNIFTY29SEP2657500PE,57500.0,PE,29SEP2026,586.4,586.8,586.05,586.6,11
2026-08-21 12:50:00,BANKNIFTY29SEP2655500PE,55500.0,PE,29SEP2026,156.05,157.3,156.0,157.3,5
2026-08-21 12:50:00,BANKNIFTY29SEP2656200PE,56200.0,PE,29SEP2026,251.55,251.55,251.0,251.0,15
2026-08-21 12:50:00,BANKNIFTY29SEP2656500PE,56500.0,PE,29SEP2026,306.55,306.55,306.3,306.3,3
2026-08-21 12:50:00,BANKNIFTY29SEP2657000PE,57000.0,PE,29SEP2026,428.25,428.25,425.9,425.9,25
2026-08-21 12:50:00,BANKNIFTY29SEP2657500CE,57500.0,CE,29SEP2026,1140.25,1140.25,1132.3,1139.35,42
2026-08-21 12:50:00,BANKNIFTY29SEP2657500PE,57500.0,PE,29SEP2026,587.0,587.0,585.2,585.25,5
2026-08-21 12:51:00,BANKNIFTY29SEP2656500PE,56500.0,PE,29SEP2026,306.3,306.3,306.3,306.3,3
2026-08-21 12:51:00,BANKNIFTY29SEP2657000CE,57000.0,CE,29SEP2026,1473.05,1480.9,1472.0,1480.0,8
2026-08-21 12:51:00,BANKNIFTY29SEP2657000PE,57000.0,PE,29SEP2026,427.45,428.3,426.5,426.5,8
2026-08-21 12:51:00,BANKNIFTY29SEP2657300PE,57300.0,PE,29SEP2026,521.45,521.5,521.45,521.5,4
2026-08-21 12:51:00,BANKNIFTY29SEP2657500CE,57500.0,CE,29SEP2026,1139.25,1142.9,1139.25,1142.8,9
2026-08-21 12:51:00,BANKNIFTY29SEP2657500PE,57500.0,PE,29SEP2026,585.25,586.0,585.25,586.0,36
2026-08-21 12:52:00,BANKNIFTY29SEP2655500PE,55500.0,PE,29SEP2026,156.0,156.0,156.0,156.0,4
2026-08-21 12:52:00,BANKNIFTY29SEP2656000PE,56000.0,PE,29SEP2026,220.0,220.0,220.0,220.0,1
2026-08-21 12:52:00,BANKNIFTY29SEP2656200PE,56200.0,PE,29SEP2026,253.15,253.15,253.15,253.15,1
2026-08-21 12:52:00,BANKNIFTY29SEP2656500PE,56500.0,PE,29SEP2026,305.3,305.3,305.3,305.3,1
2026-08-21 12:52:00,BANKNIFTY29SEP2657000CE,57000.0,CE,29SEP2026,1476.05,1476.05,1476.05,1476.05,1
2026-08-21 12:52:00,BANKNIFTY29SEP2657200PE,57200.0,PE,29SEP2026,485.55,485.55,485.5,485.5,2
2026-08-21 12:52:00,BANKNIFTY29SEP2657500CE,57500.0,CE,29SEP2026,1144.6,1144.6,1139.7,1140.1,6
2026-08-21 12:52:00,BANKNIFTY29SEP2657500PE,57500.0,PE,29SEP2026,584.95,584.95,584.45,584.5,4
2026-08-21 12:53:00,BANKNIFTY29SEP2655500PE,55500.0,PE,29SEP2026,155.95,155.95,155.0,155.0,4
2026-08-21 12:53:00,BANKNIFTY29SEP2656500PE,56500.0,PE,29SEP2026,304.7,305.5,304.1,305.5,21
2026-08-21 12:53:00,BANKNIFTY29SEP2656600PE,56600.0,PE,29SEP2026,328.15,328.15,328.15,328.15,1
2026-08-21 12:53:00,BANKNIFTY29SEP2657000CE,57000.0,CE,29SEP2026,1479.05,1487.6,1479.05,1487.6,4
2026-08-21 12:53:00,BANKNIFTY29SEP2657000PE,57000.0,PE,29SEP2026,425.0,426.5,425.0,426.15,17
2026-08-21 12:53:00,BANKNIFTY29SEP2657200CE,57200.0,CE,29SEP2026,1340.4,1340.4,1340.4,1340.4,2
2026-08-21 12:53:00,BANKNIFTY29SEP2657300PE,57300.0,PE,29SEP2026,519.85,519.85,519.85,519.85,1
2026-08-21 12:53:00,BANKNIFTY29SEP2657500CE,57500.0,CE,29SEP2026,1147.2,1147.2,1146.2,1146.7,4
2026-08-21 12:54:00,BANKNIFTY29SEP2656000PE,56000.0,PE,29SEP2026,218.65,221.5,218.6,220.0,36
2026-08-21 12:54:00,BANKNIFTY29SEP2656500PE,56500.0,PE,29SEP2026,304.25,305.7,304.2,304.65,4
2026-08-21 12:54:00,BANKNIFTY29SEP2656800PE,56800.0,PE,29SEP2026,374.85,374.9,374.85,374.9,4
2026-08-21 12:54:00,BANKNIFTY29SEP2656900PE,56900.0,PE,29SEP2026,399.3,399.3,399.3,399.3,1
2026-08-21 12:54:00,BANKNIFTY29SEP2657000PE,57000.0,PE,29SEP2026,426.5,426.5,425.7,425.7,6
2026-08-21 12:54:00,BANKNIFTY29SEP2657200PE,57200.0,PE,29SEP2026,488.3,488.3,488.3,488.3,1
2026-08-21 12:54:00,BANKNIFTY29SEP2657500PE,57500.0,PE,29SEP2026,583.1,584.05,582.4,582.4,11
2026-08-21 12:55:00,BANKNIFTY29SEP2656000PE,56000.0,PE,29SEP2026,220.1,220.1,220.0,220.0,12
2026-08-21 12:55:00,BANKNIFTY29SEP2656500PE,56500.0,PE,29SEP2026,305.3,305.3,305.25,305.25,3
2026-08-21 12:55:00,BANKNIFTY29SEP2657000PE,57000.0,PE,29SEP2026,426.5,427.4,426.5,427.4,4
2026-08-21 12:55:00,BANKNIFTY29SEP2657500CE,57500.0,CE,29SEP2026,1144.75,1144.75,1144.6,1144.6,2
2026-08-21 12:55:00,BANKNIFTY29SEP2657500PE,57500.0,PE,29SEP2026,584.5,584.5,584.0,584.0,3
2026-08-21 12:56:00,BANKNIFTY29SEP2656000CE,56000.0,CE,29SEP2026,2260.0,2260.0,2260.0,2260.0,4
2026-08-21 12:56:00,BANKNIFTY29SEP2656000PE,56000.0,PE,29SEP2026,220.0,220.0,220.0,220.0,1
2026-08-21 12:56:00,BANKNIFTY29SEP2656500PE,56500.0,PE,29SEP2026,306.1,306.85,306.1,306.85,10
2026-08-21 12:56:00,BANKNIFTY29SEP2657000CE,57000.0,CE,29SEP2026,1485.0,1485.9,1485.0,1485.9,3
2026-08-21 12:56:00,BANKNIFTY29SEP2657500CE,57500.0,CE,29SEP2026,1145.95,1145.95,1138.35,1142.6,6
2026-08-21 12:56:00,BANKNIFTY29SEP2657500PE,57500.0,PE,29SEP2026,584.5,584.5,584.5,584.5,3
2026-08-21 12:57:00,BANKNIFTY29SEP2656000PE,56000.0,PE,29SEP2026,221.8,221.8,221.8,221.8,1
2026-08-21 12:57:00,BANKNIFTY29SEP2657000PE,57000.0,PE,29SEP2026,427.4,428.8,427.4,428.8,4
2026-08-21 12:57:00,BANKNIFTY29SEP2657500CE,57500.0,CE,29SEP2026,1139.1,1139.1,1138.9,1138.9,3
2026-08-21 12:57:00,BANKNIFTY29SEP2657500PE,57500.0,PE,29SEP2026,586.0,586.05,586.0,586.05,2
2026-08-21 12:58:00,BANKNIFTY29SEP2655500PE,55500.0,PE,29SEP2026,156.85,156.85,156.85,156.85,1
2026-08-21 12:58:00,BANKNIFTY29SEP2656500PE,56500.0,PE,29SEP2026,306.8,306.8,306.2,306.25,22
2026-08-21 12:58:00,BANKNIFTY29SEP2657300PE,57300.0,PE,29SEP2026,520.8,520.95,520.8,520.95,2
2026-08-21 12:58:00,BANKNIFTY29SEP2657400PE,57400.0,PE,29SEP2026,557.35,557.35,556.35,556.45,5
2026-08-21 12:58:00,BANKNIFTY29SEP2657500CE,57500.0,CE,29SEP2026,1140.0,1142.95,1138.15,1138.15,7
2026-08-21 12:58:00,BANKNIFTY29SEP2657500PE,57500.0,PE,29SEP2026,588.05,588.05,584.0,584.0,8
2026-08-21 12:59:00,BANKNIFTY29SEP2656000PE,56000.0,PE,29SEP2026,220.15,220.15,220.1,220.1,3
2026-08-21 12:59:00,BANKNIFTY29SEP2657000PE,57000.0,PE,29SEP2026,426.05,426.05,425.0,425.1,24
2026-08-21 12:59:00,BANKNIFTY29SEP2657300PE,57300.0,PE,29SEP2026,519.4,519.45,519.3,519.3,4
2026-08-21 12:59:00,BANKNIFTY29SEP2657400CE,57400.0,CE,29SEP2026,1205.0,1205.0,1205.0,1205.0,2
2026-08-21 12:59:00,BANKNIFTY29SEP2657500CE,57500.0,CE,29SEP2026,1143.7,1143.8,1143.7,1143.8,13
2026-08-21 12:59:00,BANKNIFTY29SEP2657500PE,57500.0,PE,29SEP2026,584.0,584.0,584.0,584.0,66
2026-08-21 13:00:00,BANKNIFTY29SEP2656000PE,56000.0,PE,29SEP2026,218.7,219.7,218.65,219.6,7
2026-08-21 13:00:00,BANKNIFTY29SEP2657000CE,57000.0,CE,29SEP2026,1485.9,1485.9,1485.9,1485.9,1
2026-08-21 13:00:00,BANKNIFTY29SEP2657000PE,57000.0,PE,29SEP2026,424.05,424.55,423.85,424.55,4
2026-08-21 13:00:00,BANKNIFTY29SEP2657100CE,57100.0,CE,29SEP2026,1423.85,1423.85,1423.85,1423.85,1
2026-08-21 13:00:00,BANKNIFTY29SEP2657400CE,57400.0,CE,29SEP2026,1217.2,1217.2,1217.2,1217.2,1
2026-08-21 13:01:00,BANKNIFTY29SEP2655500PE,55500.0,PE,29SEP2026,155.05,155.05,155.0,155.0,12
2026-08-21 13:01:00,BANKNIFTY29SEP2656000CE,56000.0,CE,29SEP2026,2260.0,2260.0,2260.0,2260.0,1
2026-08-21 13:01:00,BANKNIFTY29SEP2656000PE,56000.0,PE,29SEP2026,219.45,219.45,218.7,218.7,2
2026-08-21 13:01:00,BANKNIFTY29SEP2656500PE,56500.0,PE,29SEP2026,304.35,304.4,304.35,304.4,3
2026-08-21 13:01:00,BANKNIFTY29SEP2657000CE,57000.0,CE,29SEP2026,1485.9,1485.9,1485.9,1485.9,1
2026-08-21 13:01:00,BANKNIFTY29SEP2657000PE,57000.0,PE,29SEP2026,423.8,423.8,422.85,422.85,3
2026-08-21 13:01:00,BANKNIFTY29SEP2657300PE,57300.0,PE,29SEP2026,517.05,517.05,517.05,517.05,1
2026-08-21 13:01:00,BANKNIFTY29SEP2657500CE,57500.0,CE,29SEP2026,1145.0,1145.0,1143.8,1143.8,2
2026-08-21 13:01:00,BANKNIFTY29SEP2657500PE,57500.0,PE,29SEP2026,581.15,581.15,579.85,579.85,24
2026-08-21 13:02:00,BANKNIFTY29SEP2655500PE,55500.0,PE,29SEP2026,155.0,155.35,154.15,155.35,11
2026-08-21 13:02:00,BANKNIFTY29SEP2656000CE,56000.0,CE,29SEP2026,2260.0,2270.0,2255.0,2255.0,8
2026-08-21 13:02:00,BANKNIFTY29SEP2656000PE,56000.0,PE,29SEP2026,218.05,218.05,217.55,218.0,5
2026-08-21 13:02:00,BANKNIFTY29SEP2656200PE,56200.0,PE,29SEP2026,250.2,250.2,250.2,250.2,1
2026-08-21 13:02:00,BANKNIFTY29SEP2656300PE,56300.0,PE,29SEP2026,266.9,266.9,266.9,266.9,1
2026-08-21 13:02:00,BANKNIFTY29SEP2657000CE,57000.0,CE,29SEP2026,1482.5,1482.5,1482.5,1482.5,2
2026-08-21 13:02:00,BANKNIFTY29SEP2657500CE,57500.0,CE,29SEP2026,1143.05,1143.05,1141.15,1141.15,2
2026-08-21 13:02:00,BANKNIFTY29SEP2657500PE,57500.0,PE,29SEP2026,582.85,582.9,582.85,582.9,5
2026-08-21 13:03:00,BANKNIFTY29SEP2655500PE,55500.0,PE,29SEP2026,155.55,155.55,155.55,155.55,1
2026-08-21 13:03:00,BANKNIFTY29SEP2656000PE,56000.0,PE,29SEP2026,217.6,217.6,217.6,217.6,1
2026-08-21 13:03:00,BANKNIFTY29SEP2656200PE,56200.0,PE,29SEP2026,248.0,248.0,248.0,248.0,10
2026-08-21 13:03:00,BANKNIFTY29SEP2656500PE,56500.0,PE,29SEP2026,304.0,304.0,303.15,303.15,21
2026-08-21 13:03:00,BANKNIFTY29SEP2657000PE,57000.0,PE,29SEP2026,424.7,424.7,424.7,424.7,1
2026-08-21 13:03:00,BANKNIFTY29SEP2657200CE,57200.0,CE,29SEP2026,1341.0,1341.0,1341.0,1341.0,1
2026-08-21 13:03:00,BANKNIFTY29SEP2657500CE,57500.0,CE,29SEP2026,1141.6,1141.6,1141.6,1141.6,1
2026-08-21 13:03:00,BANKNIFTY29SEP2657500PE,57500.0,PE,29SEP2026,581.5,581.5,581.5,581.5,1
2026-08-21 13:04:00,BANKNIFTY29SEP2655500PE,55500.0,PE,29SEP2026,156.3,156.3,156.3,156.3,1
2026-08-21 13:04:00,BANKNIFTY29SEP2656000PE,56000.0,PE,29SEP2026,220.3,220.55,220.2,220.2,11
2026-08-21 13:04:00,BANKNIFTY29SEP2656500PE,56500.0,PE,29SEP2026,303.0,303.85,303.0,303.75,29
2026-08-21 13:04:00,BANKNIFTY29SEP2657000CE,57000.0,CE,29SEP2026,1481.5,1481.5,1481.5,1481.5,1
2026-08-21 13:04:00,BANKNIFTY29SEP2657000PE,57000.0,PE,29SEP2026,425.0,425.0,425.0,425.0,1
2026-08-21 13:04:00,BANKNIFTY29SEP2657500CE,57500.0,CE,29SEP2026,1145.05,1145.05,1145.05,1145.05,1
2026-08-21 13:04:00,BANKNIFTY29SEP2657500PE,57500.0,PE,29SEP2026,584.0,584.0,584.0,584.0,1
2026-08-21 13:05:00,BANKNIFTY29SEP2655500CE,55500.0,CE,29SEP2026,2691.0,2691.0,2691.0,2691.0,1
2026-08-21 13:05:00,BANKNIFTY29SEP2655800PE,55800.0,PE,29SEP2026,191.3,191.3,191.3,191.3,5
2026-08-21 13:05:00,BANKNIFTY29SEP2656500PE,56500.0,PE,29SEP2026,303.15,303.15,303.15,303.15,1
2026-08-21 13:05:00,BANKNIFTY29SEP2657000CE,57000.0,CE,29SEP2026,1481.5,1481.5,1481.5,1481.5,1
2026-08-21 13:05:00,BANKNIFTY29SEP2657000PE,57000.0,PE,29SEP2026,424.0,424.0,422.6,422.6,3
2026-08-21 13:05:00,BANKNIFTY29SEP2657200PE,57200.0,PE,29SEP2026,481.75,481.75,481.75,481.75,1
2026-08-21 13:05:00,BANKNIFTY29SEP2657300PE,57300.0,PE,29SEP2026,513.9,513.9,513.9,513.9,1
2026-08-21 13:05:00,BANKNIFTY29SEP2657500CE,57500.0,CE,29SEP2026,1139.9,1145.0,1139.9,1145.0,2
2026-08-21 13:05:00,BANKNIFTY29SEP2657500PE,57500.0,PE,29SEP2026,579.05,579.05,578.65,578.65,2
2026-08-21 13:06:00,BANKNIFTY29SEP2655500CE,55500.0,CE,29SEP2026,2695.0,2695.0,2695.0,2695.0,2
2026-08-21 13:06:00,BANKNIFTY29SEP2655500PE,55500.0,PE,29SEP2026,154.0,154.0,154.0,154.0,9
2026-08-21 13:06:00,BANKNIFTY29SEP2655800PE,55800.0,PE,29SEP2026,191.3,191.3,191.3,191.3,5
2026-08-21 13:06:00,BANKNIFTY29SEP2655900PE,55900.0,PE,29SEP2026,203.5,203.5,203.5,203.5,1
2026-08-21 13:06:00,BANKNIFTY29SEP2656500CE,56500.0,CE,29SEP2026,1862.95,1862.95,1862.95,1862.95,1
2026-08-21 13:06:00,BANKNIFTY29SEP2656500PE,56500.0,PE,29SEP2026,302.6,302.6,302.6,302.6,1
2026-08-21 13:06:00,BANKNIFTY29SEP2657000PE,57000.0,PE,29SEP2026,422.7,422.7,421.95,421.95,5
2026-08-21 13:06:00,BANKNIFTY29SEP2657100PE,57100.0,PE,29SEP2026,452.0,452.0,452.0,452.0,1
2026-08-21 13:06:00,BANKNIFTY29SEP2657400PE,57400.0,PE,29SEP2026,545.75,545.75,545.6,545.6,4
2026-08-21 13:06:00,BANKNIFTY29SEP2657500CE,57500.0,CE,29SEP2026,1149.95,1150.0,1149.95,1150.0,7
2026-08-21 13:06:00,BANKNIFTY29SEP2657500PE,57500.0,PE,29SEP2026,580.3,580.3,580.3,580.3,5
2026-08-21 13:07:00,BANKNIFTY29SEP2655500PE,55500.0,PE,29SEP2026,153.55,153.55,153.05,153.05,6
2026-08-21 13:07:00,BANKNIFTY29SEP2656500CE,56500.0,CE,29SEP2026,1863.0,1863.0,1863.0,1863.0,4
2026-08-21 13:07:00,BANKNIFTY29SEP2657000PE,57000.0,PE,29SEP2026,421.95,422.15,421.2,421.2,3
2026-08-21 13:07:00,BANKNIFTY29SEP2657200PE,57200.0,PE,29SEP2026,481.75,481.75,481.75,481.75,1
2026-08-21 13:07:00,BANKNIFTY29SEP2657500CE,57500.0,CE,29SEP2026,1150.95,1151.8,1146.2,1147.25,6
2026-08-21 13:07:00,BANKNIFTY29SEP2657500PE,57500.0,PE,29SEP2026,577.0,577.1,577.0,577.05,5
2026-08-21 13:08:00,BANKNIFTY29SEP2655500PE,55500.0,PE,29SEP2026,153.0,153.0,152.0,152.0,10
2026-08-21 13:08:00,BANKNIFTY29SEP2655800PE,55800.0,PE,29SEP2026,190.1,190.1,190.1,190.1,2
2026-08-21 13:08:00,BANKNIFTY29SEP2656000PE,56000.0,PE,29SEP2026,216.65,216.65,216.65,216.65,2
2026-08-21 13:08:00,BANKNIFTY29SEP2656500CE,56500.0,CE,29SEP2026,1863.0,1863.0,1863.0,1863.0,2
2026-08-21 13:08:00,BANKNIFTY29SEP2656500PE,56500.0,PE,29SEP2026,300.0,300.0,299.5,299.95,11
2026-08-21 13:08:00,BANKNIFTY29SEP2656800PE,56800.0,PE,29SEP2026,372.35,372.35,372.35,372.35,1
2026-08-21 13:08:00,BANKNIFTY29SEP2657000CE,57000.0,CE,29SEP2026,1485.0,1495.9,1485.0,1495.9,2
2026-08-21 13:08:00,BANKNIFTY29SEP2657000PE,57000.0,PE,29SEP2026,421.4,421.45,420.0,420.7,14
2026-08-21 13:08:00,BANKNIFTY29SEP2657100PE,57100.0,PE,29SEP2026,447.9,447.9,447.9,447.9,1
2026-08-21 13:08:00,BANKNIFTY29SEP2657200PE,57200.0,PE,29SEP2026,480.0,480.0,480.0,480.0,5
2026-08-21 13:08:00,BANKNIFTY29SEP2657400CE,57400.0,CE,29SEP2026,1222.0,1222.0,1222.0,1222.0,1
2026-08-21 13:08:00,BANKNIFTY29SEP2657400PE,57400.0,PE,29SEP2026,545.0,545.0,545.0,545.0,1
2026-08-21 13:08:00,BANKNIFTY29SEP2657500CE,57500.0,CE,29SEP2026,1145.8,1155.95,1145.8,1155.1,15
2026-08-21 13:08:00,BANKNIFTY29SEP2657500PE,57500.0,PE,29SEP2026,580.0,580.0,572.65,573.25,17
2026-08-21 13:09:00,BANKNIFTY29SEP2655500PE,55500.0,PE,29SEP2026,152.0,152.55,151.4,151.4,23
2026-08-21 13:09:00,BANKNIFTY29SEP2656000PE,56000.0,PE,29SEP2026,215.05,215.05,215.05,215.05,1
2026-08-21 13:09:00,BANKNIFTY29SEP2656500PE,56500.0,PE,29SEP2026,299.85,299.85,299.85,299.85,1
2026-08-21 13:09:00,BANKNIFTY29SEP2657000CE,57000.0,CE,29SEP2026,1500.0,1500.0,1500.0,1500.0,1
2026-08-21 13:09:00,BANKNIFTY29SEP2657000PE,57000.0,PE,29SEP2026,417.35,417.35,416.0,416.0,3
2026-08-21 13:09:00,BANKNIFTY29SEP2657100PE,57100.0,PE,29SEP2026,446.55,446.55,446.55,446.55,1
2026-08-21 13:09:00,BANKNIFTY29SEP2657200CE,57200.0,CE,29SEP2026,1365.65,1365.7,1365.65,1365.7,2
2026-08-21 13:09:00,BANKNIFTY29SEP2657300PE,57300.0,PE,29SEP2026,509.1,509.1,508.1,508.1,4
2026-08-21 13:09:00,BANKNIFTY29SEP2657400CE,57400.0,CE,29SEP2026,1230.6,1237.05,1230.6,1237.05,10
2026-08-21 13:09:00,BANKNIFTY29SEP2657500CE,57500.0,CE,29SEP2026,1155.1,1160.0,1155.1,1160.0,11
2026-08-21 13:09:00,BANKNIFTY29SEP2657500PE,57500.0,PE,29SEP2026,573.1,573.1,571.25,571.7,15
2026-08-21 13:10:00,BANKNIFTY29SEP2655500PE,55500.0,PE,29SEP2026,151.5,153.95,151.45,153.95,10
2026-08-21 13:10:00,BANKNIFTY29SEP2656000PE,56000.0,PE,29SEP2026,215.1,215.1,215.0,215.0,63
2026-08-21 13:10:00,BANKNIFTY29SEP2656500CE,56500.0,CE,29SEP2026,1881.35,1881.35,1881.35,1881.35,1
2026-08-21 13:10:00,BANKNIFTY29SEP2656500PE,56500.0,PE,29SEP2026,298.0,301.25,298.0,301.25,7
2026-08-21 13:10:00,BANKNIFTY29SEP2656600PE,56600.0,PE,29SEP2026,320.0,323.75,320.0,323.75,2
2026-08-21 13:10:00,BANKNIFTY29SEP2657000CE,57000.0,CE,29SEP2026,1500.0,1500.0,1500.0,1500.0,1
2026-08-21 13:10:00,BANKNIFTY29SEP2657000PE,57000.0,PE,29SEP2026,416.0,420.55,416.0,420.55,8
2026-08-21 13:10:00,BANKNIFTY29SEP2657300CE,57300.0,CE,29SEP2026,1284.6,1284.6,1284.6,1284.6,1
2026-08-21 13:10:00,BANKNIFTY29SEP2657300PE,57300.0,PE,29SEP2026,508.9,513.25,508.9,513.25,5
2026-08-21 13:10:00,BANKNIFTY29SEP2657400CE,57400.0,CE,29SEP2026,1226.85,1226.85,1226.85,1226.85,1
2026-08-21 13:10:00,BANKNIFTY29SEP2657400PE,57400.0,PE,29SEP2026,540.3,544.0,539.2,544.0,3
2026-08-21 13:10:00,BANKNIFTY29SEP2657500CE,57500.0,CE,29SEP2026,1157.15,1161.95,1156.95,1158.0,184
2026-08-21 13:10:00,BANKNIFTY29SEP2657500PE,57500.0,PE,29SEP2026,571.9,577.75,571.7,575.5,52
2026-08-21 13:11:00,BANKNIFTY29SEP2655500PE,55500.0,PE,29SEP2026,154.0,154.75,153.0,154.6,60
2026-08-21 13:11:00,BANKNIFTY29SEP2656000PE,56000.0,PE,29SEP2026,217.1,217.75,217.1,217.65,12
2026-08-21 13:11:00,BANKNIFTY29SEP2656500PE,56500.0,PE,29SEP2026,301.0,302.2,300.25,302.2,22
2026-08-21 13:11:00,BANKNIFTY29SEP2657000PE,57000.0,PE,29SEP2026,420.65,421.2,420.0,420.55,9
2026-08-21 13:11:00,BANKNIFTY29SEP2657300CE,57300.0,CE,29SEP2026,1290.0,1290.0,1290.0,1290.0,1
2026-08-21 13:11:00,BANKNIFTY29SEP2657300PE,57300.0,PE,29SEP2026,513.5,513.55,513.5,513.55,2
2026-08-21 13:11:00,BANKNIFTY29SEP2657500CE,57500.0,CE,29SEP2026,1158.1,1158.75,1156.95,1156.95,218
2026-08-21 13:11:00,BANKNIFTY29SEP2657500PE,57500.0,PE,29SEP2026,574.5,578.45,574.5,578.3,41
2026-08-21 13:12:00,BANKNIFTY29SEP2655500PE,55500.0,PE,29SEP2026,154.8,154.95,153.45,154.95,34
2026-08-21 13:12:00,BANKNIFTY29SEP2656000PE,56000.0,PE,29SEP2026,217.7,218.2,217.7,218.2,8
2026-08-21 13:12:00,BANKNIFTY29SEP2656400PE,56400.0,PE,29SEP2026,281.55,281.55,281.55,281.55,1
2026-08-21 13:12:00,BANKNIFTY29SEP2656500PE,56500.0,PE,29SEP2026,301.5,302.5,300.8,300.8,4
2026-08-21 13:12:00,BANKNIFTY29SEP2656700PE,56700.0,PE,29SEP2026,347.1,347.1,347.1,347.1,1
2026-08-21 13:12:00,BANKNIFTY29SEP2657000CE,57000.0,CE,29SEP2026,1500.0,1500.0,1500.0,1500.0,1
2026-08-21 13:12:00,BANKNIFTY29SEP2657000PE,57000.0,PE,29SEP2026,420.3,420.3,420.0,420.3,4
2026-08-21 13:12:00,BANKNIFTY29SEP2657100PE,57100.0,PE,29SEP2026,448.9,448.9,448.9,448.9,1
2026-08-21 13:12:00,BANKNIFTY29SEP2657300PE,57300.0,PE,29SEP2026,513.75,513.8,513.75,513.8,2
2026-08-21 13:12:00,BANKNIFTY29SEP2657500CE,57500.0,CE,29SEP2026,1152.1,1157.0,1152.1,1152.25,4
2026-08-21 13:12:00,BANKNIFTY29SEP2657500PE,57500.0,PE,29SEP2026,578.0,578.05,575.85,576.55,20
2026-08-21 13:13:00,BANKNIFTY29SEP2655500PE,55500.0,PE,29SEP2026,154.95,155.85,153.75,155.75,20
2026-08-21 13:13:00,BANKNIFTY29SEP2656400PE,56400.0,PE,29SEP2026,283.6,283.6,283.6,283.6,1
2026-08-21 13:13:00,BANKNIFTY29SEP2657000CE,57000.0,CE,29SEP2026,1491.5,1491.5,1491.5,1491.5,1
2026-08-21 13:13:00,BANKNIFTY29SEP2657000PE,57000.0,PE,29SEP2026,422.0,423.95,422.0,423.95,2
2026-08-21 13:13:00,BANKNIFTY29SEP2657500CE,57500.0,CE,29SEP2026,1150.0,1151.5,1150.0,1151.5,2
2026-08-21 13:13:00,BANKNIFTY29SEP2657500PE,57500.0,PE,29SEP2026,577.05,580.0,577.05,580.0,22
2026-08-21 13:14:00,BANKNIFTY29SEP2655500PE,55500.0,PE,29SEP2026,154.75,155.65,154.05,154.05,25
2026-08-21 13:14:00,BANKNIFTY29SEP2656300PE,56300.0,PE,29SEP2026,266.95,266.95,266.95,266.95,1
2026-08-21 13:14:00,BANKNIFTY29SEP2656500PE,56500.0,PE,29SEP2026,301.85,301.85,301.85,301.85,1
2026-08-21 13:14:00,BANKNIFTY29SEP2657000PE,57000.0,PE,29SEP2026,421.15,423.05,421.15,421.15,3
2026-08-21 13:14:00,BANKNIFTY29SEP2657400PE,57400.0,PE,29SEP2026,546.6,546.6,546.6,546.6,1
2026-08-21 13:14:00,BANKNIFTY29SEP2657500CE,57500.0,CE,29SEP2026,1146.25,1151.25,1146.2,1151.2,14
2026-08-21 13:14:00,BANKNIFTY29SEP2657500PE,57500.0,PE,29SEP2026,580.45,580.45,577.95,578.3,12
2026-08-21 13:15:00,BANKNIFTY29SEP2655500PE,55500.0,PE,29SEP2026,155.2,155.2,154.65,154.65,6
2026-08-21 13:15:00,BANKNIFTY29SEP2656000PE,56000.0,PE,29SEP2026,218.0,218.55,217.75,217.75,6
2026-08-21 13:15:00,BANKNIFTY29SEP2656200PE,56200.0,PE,29SEP2026,246.0,246.0,246.0,246.0,15
2026-08-21 13:15:00,BANKNIFTY29SEP2656800PE,56800.0,PE,29SEP2026,365.35,367.8,365.3,367.8,3
2026-08-21 13:15:00,BANKNIFTY29SEP2657000CE,57000.0,CE,29SEP2026,1486.8,1493.0,1486.7,1493.0,20
2026-08-21 13:15:00,BANKNIFTY29SEP2657000PE,57000.0,PE,29SEP2026,422.6,422.6,420.0,422.0,8
2026-08-21 13:15:00,BANKNIFTY29SEP2657200PE,57200.0,PE,29SEP2026,483.7,483.7,483.7,483.7,1
2026-08-21 13:15:00,BANKNIFTY29SEP2657300PE,57300.0,PE,29SEP2026,513.4,515.95,513.4,515.95,2
2026-08-21 13:15:00,BANKNIFTY29SEP2657400CE,57400.0,CE,29SEP2026,1222.3,1222.5,1222.3,1222.5,2
2026-08-21 13:15:00,BANKNIFTY29SEP2657400PE,57400.0,PE,29SEP2026,548.45,548.45,548.45,548.45,1
2026-08-21 13:15:00,BANKNIFTY29SEP2657500CE,57500.0,CE,29SEP2026,1147.05,1154.7,1147.05,1154.7,7
2026-08-21 13:15:00,BANKNIFTY29SEP2657500PE,57500.0,PE,29SEP2026,575.2,577.75,575.2,577.75,3
2026-08-21 13:16:00,BANKNIFTY29SEP2655500PE,55500.0,PE,29SEP2026,154.05,155.15,153.85,154.9,6
2026-08-21 13:16:00,BANKNIFTY29SEP2655900PE,55900.0,PE,29SEP2026,204.3,204.3,204.3,204.3,1
2026-08-21 13:16:00,BANKNIFTY29SEP2656000PE,56000.0,PE,29SEP2026,218.0,218.95,218.0,218.95,4
2026-08-21 13:16:00,BANKNIFTY29SEP2656200PE,56200.0,PE,29SEP2026,249.8,249.8,249.8,249.8,1
2026-08-21 13:16:00,BANKNIFTY29SEP2656600PE,56600.0,PE,29SEP2026,323.75,323.75,323.75,323.75,1
2026-08-21 13:16:00,BANKNIFTY29SEP2657200CE,57200.0,CE,29SEP2026,1345.0,1345.0,1345.0,1345.0,1
2026-08-21 13:16:00,BANKNIFTY29SEP2657200PE,57200.0,PE,29SEP2026,484.75,484.75,484.75,484.75,1
2026-08-21 13:16:00,BANKNIFTY29SEP2657300CE,57300.0,CE,29SEP2026,1281.65,1281.7,1281.65,1281.7,2
2026-08-21 13:16:00,BANKNIFTY29SEP2657300PE,57300.0,PE,29SEP2026,518.1,518.45,518.1,518.45,3
2026-08-21 13:16:00,BANKNIFTY29SEP2657500CE,57500.0,CE,29SEP2026,1150.0,1150.0,1146.65,1146.65,3
2026-08-21 13:16:00,BANKNIFTY29SEP2657500PE,57500.0,PE,29SEP2026,577.1,582.85,576.45,582.85,19
2026-08-21 13:17:00,BANKNIFTY29SEP2655500PE,55500.0,PE,29SEP2026,154.1,154.1,154.1,154.1,1
2026-08-21 13:17:00,BANKNIFTY29SEP2656000PE,56000.0,PE,29SEP2026,219.95,220.2,218.85,219.75,28
2026-08-21 13:17:00,BANKNIFTY29SEP2656500PE,56500.0,PE,29SEP2026,302.6,303.55,301.9,303.55,16
2026-08-21 13:17:00,BANKNIFTY29SEP2656700PE,56700.0,PE,29SEP2026,348.5,348.5,348.5,348.5,5
2026-08-21 13:17:00,BANKNIFTY29SEP2657000CE,57000.0,CE,29SEP2026,1478.7,1478.7,1478.7,1478.7,1
2026-08-21 13:17:00,BANKNIFTY29SEP2657000PE,57000.0,PE,29SEP2026,425.55,425.65,422.7,422.7,9
2026-08-21 13:17:00,BANKNIFTY29SEP2657500CE,57500.0,CE,29SEP2026,1144.95,1144.95,1141.15,1144.85,9
2026-08-21 13:17:00,BANKNIFTY29SEP2657500PE,57500.0,PE,29SEP2026,580.15,580.15,578.35,578.35,9
2026-08-21 13:18:00,BANKNIFTY29SEP2656200PE,56200.0,PE,29SEP2026,247.35,247.35,247.35,247.35,1
2026-08-21 13:18:00,BANKNIFTY29SEP2656500PE,56500.0,PE,29SEP2026,303.0,303.0,301.45,301.45,12
2026-08-21 13:18:00,BANKNIFTY29SEP2657000CE,57000.0,CE,29SEP2026,1485.05,1485.05,1485.0,1485.0,3
2026-08-21 13:18:00,BANKNIFTY29SEP2657000PE,57000.0,PE,29SEP2026,419.5,422.4,418.85,422.4,10
2026-08-21 13:18:00,BANKNIFTY29SEP2657300PE,57300.0,PE,29SEP2026,514.1,514.1,514.1,514.1,1
2026-08-21 13:18:00,BANKNIFTY29SEP2657400PE,57400.0,PE,29SEP2026,546.05,546.05,546.05,546.05,1
2026-08-21 13:18:00,BANKNIFTY29SEP2657500CE,57500.0,CE,29SEP2026,1150.5,1150.5,1148.3,1149.05,4
2026-08-21 13:18:00,BANKNIFTY29SEP2657500PE,57500.0,PE,29SEP2026,576.45,581.3,576.45,580.0,13
2026-08-21 13:19:00,BANKNIFTY29SEP2656900PE,56900.0,PE,29SEP2026,397.15,397.25,397.15,397.25,3
2026-08-21 13:19:00,BANKNIFTY29SEP2657000PE,57000.0,PE,29SEP2026,421.3,423.45,421.05,423.45,11
2026-08-21 13:19:00,BANKNIFTY29SEP2657100PE,57100.0,PE,29SEP2026,454.55,454.55,454.55,454.55,1
2026-08-21 13:19:00,BANKNIFTY29SEP2657400PE,57400.0,PE,29SEP2026,549.05,549.05,549.05,549.05,1
2026-08-21 13:19:00,BANKNIFTY29SEP2657500CE,57500.0,CE,29SEP2026,1147.8,1147.8,1144.0,1144.0,9
2026-08-21 13:19:00,BANKNIFTY29SEP2657500PE,57500.0,PE,29SEP2026,578.95,582.25,578.95,582.25,14
2026-08-21 13:20:00,BANKNIFTY29SEP2655500PE,55500.0,PE,29SEP2026,155.45,155.6,155.45,155.6,15
2026-08-21 13:20:00,BANKNIFTY29SEP2656000PE,56000.0,PE,29SEP2026,219.75,219.75,218.9,218.9,13
2026-08-21 13:20:00,BANKNIFTY29SEP2656500PE,56500.0,PE,29SEP2026,303.3,304.6,302.3,304.6,9
2026-08-21 13:20:00,BANKNIFTY29SEP2657000CE,57000.0,CE,29SEP2026,1487.3,1487.3,1487.3,1487.3,1
2026-08-21 13:20:00,BANKNIFTY29SEP2657000PE,57000.0,PE,29SEP2026,423.15,423.15,423.15,423.15,1
2026-08-21 13:20:00,BANKNIFTY29SEP2657200PE,57200.0,PE,29SEP2026,484.75,484.75,484.75,484.75,1
2026-08-21 13:20:00,BANKNIFTY29SEP2657500CE,57500.0,CE,29SEP2026,1144.0,1144.0,1144.0,1144.0,13
2026-08-21 13:20:00,BANKNIFTY29SEP2657500PE,57500.0,PE,29SEP2026,581.0,581.0,580.25,580.35,8
2026-08-21 13:21:00,BANKNIFTY29SEP2655500PE,55500.0,PE,29SEP2026,155.95,158.0,155.4,158.0,76
2026-08-21 13:21:00,BANKNIFTY29SEP2656000PE,56000.0,PE,29SEP2026,219.35,221.2,219.3,221.2,15
2026-08-21 13:21:00,BANKNIFTY29SEP2656300PE,56300.0,PE,29SEP2026,269.85,269.85,269.85,269.85,1
2026-08-21 13:21:00,BANKNIFTY29SEP2656500PE,56500.0,PE,29SEP2026,305.0,306.05,304.55,304.65,54
2026-08-21 13:21:00,BANKNIFTY29SEP2656900PE,56900.0,PE,29SEP2026,400.0,400.0,400.0,400.0,1
2026-08-21 13:21:00,BANKNIFTY29SEP2657000PE,57000.0,PE,29SEP2026,426.5,426.5,425.5,425.5,9
2026-08-21 13:21:00,BANKNIFTY29SEP2657200PE,57200.0,PE,29SEP2026,485.0,489.0,485.0,489.0,5
2026-08-21 13:21:00,BANKNIFTY29SEP2657300CE,57300.0,CE,29SEP2026,1275.0,1275.0,1275.0,1275.0,1
2026-08-21 13:21:00,BANKNIFTY29SEP2657500CE,57500.0,CE,29SEP2026,1137.0,1137.5,1135.0,1135.0,3
2026-08-21 13:21:00,BANKNIFTY29SEP2657500PE,57500.0,PE,29SEP2026,582.0,586.65,582.0,586.65,25
2026-08-21 13:22:00,BANKNIFTY29SEP2655500PE,55500.0,PE,29SEP2026,157.95,157.95,157.45,157.6,15
2026-08-21 13:22:00,BANKNIFTY29SEP2656000PE,56000.0,PE,29SEP2026,220.8,220.8,220.8,220.8,1
2026-08-21 13:22:00,BANKNIFTY29SEP2656400PE,56400.0,PE,29SEP2026,289.0,289.0,289.0,289.0,1
2026-08-21 13:22:00,BANKNIFTY29SEP2656500PE,56500.0,PE,29SEP2026,305.6,306.05,305.6,306.05,2
2026-08-21 13:22:00,BANKNIFTY29SEP2657000PE,57000.0,PE,29SEP2026,427.0,428.0,427.0,428.0,5
2026-08-21 13:22:00,BANKNIFTY29SEP2657400PE,57400.0,PE,29SEP2026,555.95,555.95,555.95,555.95,1
2026-08-21 13:22:00,BANKNIFTY29SEP2657500PE,57500.0,PE,29SEP2026,585.35,586.35,584.35,586.35,4
2026-08-21 13:23:00,BANKNIFTY29SEP2655500PE,55500.0,PE,29SEP2026,157.0,157.0,157.0,157.0,20
2026-08-21 13:23:00,BANKNIFTY29SEP2656000PE,56000.0,PE,29SEP2026,222.0,222.0,222.0,222.0,1
2026-08-21 13:23:00,BANKNIFTY29SEP2656500PE,56500.0,PE,29SEP2026,307.0,307.0,307.0,307.0,1
2026-08-21 13:23:00,BANKNIFTY29SEP2656700PE,56700.0,PE,29SEP2026,350.3,350.3,350.3,350.3,1
2026-08-21 13:23:00,BANKNIFTY29SEP2657000PE,57000.0,PE,29SEP2026,428.0,428.8,427.05,428.7,6
2026-08-21 13:23:00,BANKNIFTY29SEP2657200PE,57200.0,PE,29SEP2026,490.0,490.0,490.0,490.0,1
2026-08-21 13:23:00,BANKNIFTY29SEP2657300PE,57300.0,PE,29SEP2026,522.45,522.45,522.45,522.45,2
2026-08-21 13:23:00,BANKNIFTY29SEP2657500CE,57500.0,CE,29SEP2026,1138.55,1138.55,1137.9,1137.9,2
2026-08-21 13:23:00,BANKNIFTY29SEP2657500PE,57500.0,PE,29SEP2026,587.45,587.6,585.55,585.9,6
2026-08-21 13:24:00,BANKNIFTY29SEP2656000PE,56000.0,PE,29SEP2026,220.4,220.45,220.4,220.45,2
2026-08-21 13:24:00,BANKNIFTY29SEP2656500PE,56500.0,PE,29SEP2026,306.65,307.25,304.7,305.0,16
2026-08-21 13:24:00,BANKNIFTY29SEP2657000CE,57000.0,CE,29SEP2026,1475.2,1475.2,1475.2,1475.2,3
2026-08-21 13:24:00,BANKNIFTY29SEP2657000PE,57000.0,PE,29SEP2026,427.0,427.6,427.0,427.0,13
2026-08-21 13:24:00,BANKNIFTY29SEP2657300CE,57300.0,CE,29SEP2026,1276.5,1276.55,1276.5,1276.55,2
2026-08-21 13:24:00,BANKNIFTY29SEP2657400CE,57400.0,CE,29SEP2026,1222.5,1222.5,1222.5,1222.5,1
2026-08-21 13:24:00,BANKNIFTY29SEP2657500CE,57500.0,CE,29SEP2026,1135.2,1141.75,1134.95,1140.7,10
2026-08-21 13:24:00,BANKNIFTY29SEP2657500PE,57500.0,PE,29SEP2026,583.9,585.0,581.25,581.25,15
2026-08-21 13:25:00,BANKNIFTY29SEP2656000PE,56000.0,PE,29SEP2026,219.65,219.65,219.6,219.6,5
2026-08-21 13:25:00,BANKNIFTY29SEP2656300PE,56300.0,PE,29SEP2026,270.6,270.65,270.6,270.65,4
2026-08-21 13:25:00,BANKNIFTY29SEP2656500PE,56500.0,PE,29SEP2026,303.95,304.65,303.95,304.65,5
2026-08-21 13:25:00,BANKNIFTY29SEP2657000PE,57000.0,PE,29SEP2026,423.0,423.0,423.0,423.0,1
2026-08-21 13:25:00,BANKNIFTY29SEP2657200CE,57200.0,CE,29SEP2026,1345.0,1345.0,1345.0,1345.0,5
2026-08-21 13:25:00,BANKNIFTY29SEP2657300PE,57300.0,PE,29SEP2026,517.5,517.5,517.5,517.5,1
2026-08-21 13:25:00,BANKNIFTY29SEP2657500CE,57500.0,CE,29SEP2026,1142.6,1147.45,1141.6,1147.45,8
2026-08-21 13:25:00,BANKNIFTY29SEP2657500PE,57500.0,PE,29SEP2026,581.85,581.85,580.0,580.0,8
2026-08-21 13:26:00,BANKNIFTY29SEP2656000PE,56000.0,PE,29SEP2026,219.2,220.0,219.1,220.0,7
2026-08-21 13:26:00,BANKNIFTY29SEP2656200PE,56200.0,PE,29SEP2026,248.4,248.4,247.35,247.35,4
2026-08-21 13:26:00,BANKNIFTY29SEP2656500PE,56500.0,PE,29SEP2026,305.0,305.0,305.0,305.0,1
2026-08-21 13:26:00,BANKNIFTY29SEP2656700CE,56700.0,CE,29SEP2026,1712.1,1712.6,1712.1,1712.6,4
2026-08-21 13:26:00,BANKNIFTY29SEP2657000CE,57000.0,CE,29SEP2026,1483.1,1483.1,1483.1,1483.1,1
2026-08-21 13:26:00,BANKNIFTY29SEP2657000PE,57000.0,PE,29SEP2026,424.45,425.0,422.75,425.0,5
2026-08-21 13:26:00,BANKNIFTY29SEP2657100PE,57100.0,PE,29SEP2026,455.0,455.0,455.0,455.0,1
2026-08-21 13:26:00,BANKNIFTY29SEP2657500CE,57500.0,CE,29SEP2026,1145.1,1146.5,1141.5,1141.5,6
2026-08-21 13:26:00,BANKNIFTY29SEP2657500PE,57500.0,PE,29SEP2026,581.95,581.95,581.95,581.95,1
2026-08-21 13:27:00,BANKNIFTY29SEP2656500PE,56500.0,PE,29SEP2026,304.45,304.45,304.45,304.45,3
2026-08-21 13:27:00,BANKNIFTY29SEP2657500CE,57500.0,CE,29SEP2026,1140.1,1140.1,1140.05,1140.05,2
2026-08-21 13:27:00,BANKNIFTY29SEP2657500PE,57500.0,PE,29SEP2026,583.0,583.0,581.3,581.3,3
2026-08-21 13:28:00,BANKNIFTY29SEP2655500PE,55500.0,PE,29SEP2026,157.0,157.0,156.95,157.0,40
2026-08-21 13:28:00,BANKNIFTY29SEP2656000PE,56000.0,PE,29SEP2026,219.1,220.0,218.7,220.0,8
2026-08-21 13:28:00,BANKNIFTY29SEP2656500CE,56500.0,CE,29SEP2026,1855.0,1855.0,1855.0,1855.0,2
2026-08-21 13:28:00,BANKNIFTY29SEP2656500PE,56500.0,PE,29SEP2026,303.8,303.8,303.0,303.0,37
2026-08-21 13:28:00,BANKNIFTY29SEP2657000PE,57000.0,PE,29SEP2026,425.0,425.0,424.25,424.25,4
2026-08-21 13:28:00,BANKNIFTY29SEP2657500CE,57500.0,CE,29SEP2026,1140.8,1140.8,1140.8,1140.8,1
2026-08-21 13:29:00,BANKNIFTY29SEP2657000CE,57000.0,CE,29SEP2026,1481.9,1483.1,1481.9,1483.1,2
2026-08-21 13:29:00,BANKNIFTY29SEP2657000PE,57000.0,PE,29SEP2026,425.05,425.05,425.05,425.05,1
2026-08-21 13:29:00,BANKNIFTY29SEP2657500PE,57500.0,PE,29SEP2026,581.95,581.95,581.3,581.3,2
2026-08-21 13:30:00,BANKNIFTY29SEP2655500PE,55500.0,PE,29SEP2026,155.05,155.05,154.9,154.9,8
2026-08-21 13:30:00,BANKNIFTY29SEP2657000PE,57000.0,PE,29SEP2026,422.05,422.05,421.1,421.1,8
2026-08-21 13:30:00,BANKNIFTY29SEP2657200CE,57200.0,CE,29SEP2026,1341.7,1341.7,1341.7,1341.7,1
2026-08-21 13:30:00,BANKNIFTY29SEP2657300CE,57300.0,CE,29SEP2026,1273.65,1273.65,1273.65,1273.65,1
2026-08-21 13:30:00,BANKNIFTY29SEP2657300PE,57300.0,PE,29SEP2026,515.0,515.0,515.0,515.0,1
2026-08-21 13:30:00,BANKNIFTY29SEP2657500CE,57500.0,CE,29SEP2026,1147.0,1147.45,1147.0,1147.45,6
2026-08-21 13:30:00,BANKNIFTY29SEP2657500PE,57500.0,PE,29SEP2026,581.0,581.0,581.0,581.0,1
2026-08-21 13:31:00,BANKNIFTY29SEP2656000PE,56000.0,PE,29SEP2026,218.0,218.0,218.0,218.0,1
2026-08-21 13:31:00,BANKNIFTY29SEP2656500PE,56500.0,PE,29SEP2026,301.6,301.6,301.0,301.0,21
2026-08-21 13:31:00,BANKNIFTY29SEP2657000PE,57000.0,PE,29SEP2026,423.0,423.0,420.15,420.6,6
2026-08-21 13:31:00,BANKNIFTY29SEP2657300CE,57300.0,CE,29SEP2026,1273.75,1274.5,1273.75,1274.5,2
2026-08-21 13:32:00,BANKNIFTY29SEP2655500PE,55500.0,PE,29SEP2026,155.7,156.2,155.1,155.1,41
2026-08-21 13:32:00,BANKNIFTY29SEP2656000PE,56000.0,PE,29SEP2026,219.0,219.0,219.0,219.0,1
2026-08-21 13:32:00,BANKNIFTY29SEP2656400PE,56400.0,PE,29SEP2026,285.8,285.8,285.8,285.8,1
2026-08-21 13:32:00,BANKNIFTY29SEP2656500PE,56500.0,PE,29SEP2026,302.95,304.25,302.2,304.25,19
2026-08-21 13:32:00,BANKNIFTY29SEP2656800PE,56800.0,PE,29SEP2026,371.75,371.75,371.75,371.75,1
2026-08-21 13:32:00,BANKNIFTY29SEP2657000PE,57000.0,PE,29SEP2026,423.5,424.65,422.85,424.65,5
2026-08-21 13:32:00,BANKNIFTY29SEP2657200CE,57200.0,CE,29SEP2026,1341.55,1341.55,1341.5,1341.5,2
2026-08-21 13:32:00,BANKNIFTY29SEP2657200PE,57200.0,PE,29SEP2026,483.2,483.2,483.2,483.2,1
2026-08-21 13:32:00,BANKNIFTY29SEP2657500CE,57500.0,CE,29SEP2026,1144.3,1144.55,1143.6,1143.6,5
2026-08-21 13:32:00,BANKNIFTY29SEP2657500PE,57500.0,PE,29SEP2026,579.6,580.5,579.6,580.5,5
2026-08-21 13:33:00,BANKNIFTY29SEP2655500PE,55500.0,PE,29SEP2026,156.15,156.15,156.15,156.15,1
2026-08-21 13:33:00,BANKNIFTY29SEP2656000PE,56000.0,PE,29SEP2026,220.0,220.2,219.95,220.05,64
2026-08-21 13:33:00,BANKNIFTY29SEP2656200PE,56200.0,PE,29SEP2026,249.65,249.65,249.65,249.65,1
2026-08-21 13:33:00,BANKNIFTY29SEP2657500CE,57500.0,CE,29SEP2026,1143.6,1144.0,1143.6,1144.0,2
2026-08-21 13:33:00,BANKNIFTY29SEP2657500PE,57500.0,PE,29SEP2026,580.2,580.2,580.2,580.2,1
2026-08-21 13:34:00,BANKNIFTY29SEP2655500PE,55500.0,PE,29SEP2026,156.4,156.4,156.25,156.25,20
2026-08-21 13:34:00,BANKNIFTY29SEP2656000PE,56000.0,PE,29SEP2026,221.95,221.95,221.95,221.95,1
2026-08-21 13:34:00,BANKNIFTY29SEP2656500PE,56500.0,PE,29SEP2026,305.0,305.0,305.0,305.0,1
2026-08-21 13:34:00,BANKNIFTY29SEP2657000CE,57000.0,CE,29SEP2026,1480.7,1480.7,1480.7,1480.7,1
2026-08-21 13:34:00,BANKNIFTY29SEP2657000PE,57000.0,PE,29SEP2026,424.6,427.0,424.6,427.0,6
2026-08-21 13:34:00,BANKNIFTY29SEP2657300PE,57300.0,PE,29SEP2026,520.4,520.4,520.4,520.4,1
2026-08-21 13:34:00,BANKNIFTY29SEP2657400CE,57400.0,CE,29SEP2026,1214.0,1214.0,1214.0,1214.0,1
2026-08-21 13:34:00,BANKNIFTY29SEP2657500CE,57500.0,CE,29SEP2026,1139.5,1139.55,1139.5,1139.55,2
2026-08-21 13:34:00,BANKNIFTY29SEP2657500PE,57500.0,PE,29SEP2026,583.9,583.9,582.8,583.45,6
2026-08-21 13:35:00,BANKNIFTY29SEP2655500PE,55500.0,PE,29SEP2026,157.85,157.9,157.85,157.9,2
2026-08-21 13:35:00,BANKNIFTY29SEP2656000PE,56000.0,PE,29SEP2026,222.45,222.45,222.45,222.45,3
2026-08-21 13:35:00,BANKNIFTY29SEP2656500PE,56500.0,PE,29SEP2026,305.75,307.2,304.95,305.9,86
2026-08-21 13:35:00,BANKNIFTY29SEP2657000PE,57000.0,PE,29SEP2026,427.55,428.2,427.55,428.2,2
2026-08-21 13:35:00,BANKNIFTY29SEP2657100PE,57100.0,PE,29SEP2026,456.1,456.1,456.1,456.1,1
2026-08-21 13:35:00,BANKNIFTY29SEP2657200CE,57200.0,CE,29SEP2026,1330.05,1330.05,1330.05,1330.05,1
2026-08-21 13:35:00,BANKNIFTY29SEP2657500CE,57500.0,CE,29SEP2026,1135.0,1135.0,1130.15,1133.0,7
2026-08-21 13:35:00,BANKNIFTY29SEP2657500PE,57500.0,PE,29SEP2026,586.0,587.05,586.0,587.05,15
2026-08-21 13:36:00,BANKNIFTY29SEP2655500PE,55500.0,PE,29SEP2026,160.0,160.65,158.8,158.8,5
2026-08-21 13:36:00,BANKNIFTY29SEP2655900PE,55900.0,PE,29SEP2026,210.0,210.0,210.0,210.0,4
2026-08-21 13:36:00,BANKNIFTY29SEP2656000PE,56000.0,PE,29SEP2026,222.5,227.45,222.5,225.65,60
2026-08-21 13:36:00,BANKNIFTY29SEP2656200PE,56200.0,PE,29SEP2026,255.3,255.3,255.3,255.3,1
2026-08-21 13:36:00,BANKNIFTY29SEP2656300PE,56300.0,PE,29SEP2026,273.0,273.0,273.0,273.0,1
2026-08-21 13:36:00,BANKNIFTY29SEP2656500PE,56500.0,PE,29SEP2026,311.9,312.5,311.55,312.45,10
2026-08-21 13:36:00,BANKNIFTY29SEP2656600PE,56600.0,PE,29SEP2026,333.0,333.0,333.0,333.0,1
2026-08-21 13:36:00,BANKNIFTY29SEP2656700PE,56700.0,PE,29SEP2026,353.55,353.55,353.55,353.55,1
2026-08-21 13:36:00,BANKNIFTY29SEP2656800PE,56800.0,PE,29SEP2026,385.75,385.9,379.2,379.2,4
2026-08-21 13:36:00,BANKNIFTY29SEP2657000CE,57000.0,CE,29SEP2026,1451.15,1454.9,1445.0,1454.9,6
2026-08-21 13:36:00,BANKNIFTY29SEP2657000PE,57000.0,PE,29SEP2026,430.0,436.65,430.0,435.0,40
2026-08-21 13:36:00,BANKNIFTY29SEP2657200CE,57200.0,CE,29SEP2026,1330.0,1330.0,1330.0,1330.0,2
2026-08-21 13:36:00,BANKNIFTY29SEP2657200PE,57200.0,PE,29SEP2026,496.65,496.65,496.6,496.6,2
2026-08-21 13:36:00,BANKNIFTY29SEP2657300PE,57300.0,PE,29SEP2026,525.0,533.0,525.0,529.9,6
2026-08-21 13:36:00,BANKNIFTY29SEP2657400CE,57400.0,CE,29SEP2026,1195.0,1195.0,1195.0,1195.0,1
2026-08-21 13:36:00,BANKNIFTY29SEP2657400PE,57400.0,PE,29SEP2026,565.0,565.0,565.0,565.0,1
2026-08-21 13:36:00,BANKNIFTY29SEP2657500CE,57500.0,CE,29SEP2026,1130.15,1130.15,1106.35,1119.25,77
2026-08-21 13:36:00,BANKNIFTY29SEP2657500PE,57500.0,PE,29SEP2026,589.4,598.9,589.4,596.0,71
2026-08-21 13:37:00,BANKNIFTY29SEP2655500CE,55500.0,CE,29SEP2026,2660.0,2660.0,2660.0,2660.0,4
2026-08-21 13:37:00,BANKNIFTY29SEP2656000PE,56000.0,PE,29SEP2026,224.35,225.65,224.35,224.6,18
2026-08-21 13:37:00,BANKNIFTY29SEP2656500PE,56500.0,PE,29SEP2026,310.5,310.55,310.5,310.55,6
2026-08-21 13:37:00,BANKNIFTY29SEP2657000CE,57000.0,CE,29SEP2026,1459.05,1461.65,1459.05,1461.65,2
2026-08-21 13:37:00,BANKNIFTY29SEP2657000PE,57000.0,PE,29SEP2026,432.0,432.0,432.0,432.0,1
2026-08-21 13:37:00,BANKNIFTY29SEP2657200PE,57200.0,PE,29SEP2026,496.6,496.6,496.6,496.6,1
2026-08-21 13:37:00,BANKNIFTY29SEP2657500CE,57500.0,CE,29SEP2026,1121.95,1125.1,1119.6,1125.05,20
2026-08-21 13:37:00,BANKNIFTY29SEP2657500PE,57500.0,PE,29SEP2026,591.5,596.5,591.5,593.8,14
2026-08-21 13:38:00,BANKNIFTY29SEP2655500CE,55500.0,CE,29SEP2026,2665.0,2665.0,2665.0,2665.0,2
2026-08-21 13:38:00,BANKNIFTY29SEP2656000PE,56000.0,PE,29SEP2026,222.8,222.8,222.35,222.35,2
2026-08-21 13:38:00,BANKNIFTY29SEP2657000CE,57000.0,CE,29SEP2026,1464.95,1464.95,1464.95,1464.95,2
2026-08-21 13:38:00,BANKNIFTY29SEP2657000PE,57000.0,PE,29SEP2026,432.0,432.0,430.4,430.4,9
2026-08-21 13:38:00,BANKNIFTY29SEP2657500CE,57500.0,CE,29SEP2026,1124.4,1127.8,1120.9,1127.3,44
2026-08-21 13:38:00,BANKNIFTY29SEP2657500PE,57500.0,PE,29SEP2026,589.85,590.35,589.85,590.0,11
2026-08-21 13:39:00,BANKNIFTY29SEP2655500CE,55500.0,CE,29SEP2026,2670.0,2670.0,2670.0,2670.0,2
2026-08-21 13:39:00,BANKNIFTY29SEP2655500PE,55500.0,PE,29SEP2026,157.95,157.95,156.5,156.5,21
2026-08-21 13:39:00,BANKNIFTY29SEP2656000PE,56000.0,PE,29SEP2026,222.15,222.15,220.85,220.85,3
2026-08-21 13:39:00,BANKNIFTY29SEP2656500PE,56500.0,PE,29SEP2026,307.0,307.0,307.0,307.0,1
2026-08-21 13:39:00,BANKNIFTY29SEP2657200PE,57200.0,PE,29SEP2026,490.6,490.6,490.6,490.6,1
2026-08-21 13:39:00,BANKNIFTY29SEP2657300PE,57300.0,PE,29SEP2026,522.6,522.6,522.6,522.6,1
2026-08-21 13:39:00,BANKNIFTY29SEP2657400CE,57400.0,CE,29SEP2026,1195.1,1195.1,1195.1,1195.1,1
2026-08-21 13:39:00,BANKNIFTY29SEP2657500CE,57500.0,CE,29SEP2026,1128.45,1130.0,1128.0,1130.0,4
2026-08-21 13:39:00,BANKNIFTY29SEP2657500PE,57500.0,PE,29SEP2026,585.65,585.65,583.8,583.8,2
2026-08-21 13:40:00,BANKNIFTY29SEP2655500PE,55500.0,PE,29SEP2026,156.15,156.15,156.15,156.15,1
2026-08-21 13:40:00,BANKNIFTY29SEP2656000PE,56000.0,PE,29SEP2026,220.45,220.6,220.45,220.55,5
2026-08-21 13:40:00,BANKNIFTY29SEP2656300PE,56300.0,PE,29SEP2026,272.45,272.45,272.45,272.45,1
2026-08-21 13:40:00,BANKNIFTY29SEP2657000CE,57000.0,CE,29SEP2026,1474.0,1474.0,1470.0,1470.0,21
2026-08-21 13:40:00,BANKNIFTY29SEP2657500CE,57500.0,CE,29SEP2026,1135.8,1135.8,1135.8,1135.8,1
2026-08-21 13:40:00,BANKNIFTY29SEP2657500PE,57500.0,PE,29SEP2026,586.75,586.75,585.35,585.35,2
2026-08-21 13:41:00,BANKNIFTY29SEP2656000PE,56000.0,PE,29SEP2026,222.05,224.5,222.05,224.5,16
2026-08-21 13:41:00,BANKNIFTY29SEP2656500PE,56500.0,PE,29SEP2026,307.0,308.5,307.0,308.25,12
2026-08-21 13:41:00,BANKNIFTY29SEP2657000CE,57000.0,CE,29SEP2026,1470.0,1470.0,1463.95,1464.55,3
2026-08-21 13:41:00,BANKNIFTY29SEP2657000PE,57000.0,PE,29SEP2026,430.0,432.8,430.0,432.8,5
2026-08-21 13:41:00,BANKNIFTY29SEP2657300PE,57300.0,PE,29SEP2026,525.75,525.75,525.75,525.75,1
2026-08-21 13:41:00,BANKNIFTY29SEP2657400CE,57400.0,CE,29SEP2026,1195.1,1195.1,1195.0,1195.0,3
2026-08-21 13:41:00,BANKNIFTY29SEP2657500CE,57500.0,CE,29SEP2026,1125.05,1129.75,1125.0,1129.75,15
2026-08-21 13:41:00,BANKNIFTY29SEP2657500PE,57500.0,PE,29SEP2026,592.0,593.7,591.5,593.0,20
2026-08-21 13:42:00,BANKNIFTY29SEP2655500PE,55500.0,PE,29SEP2026,158.25,158.25,158.0,158.0,32
2026-08-21 13:42:00,BANKNIFTY29SEP2656000PE,56000.0,PE,29SEP2026,223.1,223.55,221.65,223.55,6
2026-08-21 13:42:00,BANKNIFTY29SEP2656500PE,56500.0,PE,29SEP2026,310.0,310.0,310.0,310.0,1
2026-08-21 13:42:00,BANKNIFTY29SEP2657000CE,57000.0,CE,29SEP2026,1464.7,1468.0,1464.7,1468.0,5
2026-08-21 13:42:00,BANKNIFTY29SEP2657000PE,57000.0,PE,29SEP2026,432.15,432.15,432.15,432.15,1
2026-08-21 13:42:00,BANKNIFTY29SEP2657300PE,57300.0,PE,29SEP2026,526.2,526.2,526.2,526.2,1
2026-08-21 13:42:00,BANKNIFTY29SEP2657500CE,57500.0,CE,29SEP2026,1125.0,1130.0,1125.0,1130.0,6
2026-08-21 13:42:00,BANKNIFTY29SEP2657500PE,57500.0,PE,29SEP2026,589.45,589.45,589.45,589.45,2
2026-08-21 13:43:00,BANKNIFTY29SEP2656000CE,56000.0,CE,29SEP2026,2234.0,2234.0,2234.0,2234.0,3
2026-08-21 13:43:00,BANKNIFTY29SEP2656000PE,56000.0,PE,29SEP2026,223.1,223.1,223.1,223.1,10
2026-08-21 13:43:00,BANKNIFTY29SEP2656500PE,56500.0,PE,29SEP2026,309.35,309.35,309.35,309.35,1
2026-08-21 13:43:00,BANKNIFTY29SEP2657000CE,57000.0,CE,29SEP2026,1462.85,1464.3,1462.55,1464.3,3
2026-08-21 13:43:00,BANKNIFTY29SEP2657000PE,57000.0,PE,29SEP2026,431.3,431.35,431.15,431.35,3
2026-08-21 13:43:00,BANKNIFTY29SEP2657500CE,57500.0,CE,29SEP2026,1130.0,1130.0,1130.0,1130.0,10
2026-08-21 13:43:00,BANKNIFTY29SEP2657500PE,57500.0,PE,29SEP2026,590.45,592.2,590.15,592.2,6
2026-08-21 13:44:00,BANKNIFTY29SEP2656000CE,56000.0,CE,29SEP2026,2233.05,2233.05,2229.8,2229.8,11
2026-08-21 13:44:00,BANKNIFTY29SEP2656000PE,56000.0,PE,29SEP2026,221.65,224.2,221.65,222.1,7
2026-08-21 13:44:00,BANKNIFTY29SEP2656500PE,56500.0,PE,29SEP2026,309.1,309.3,308.05,308.9,27
2026-08-21 13:44:00,BANKNIFTY29SEP2657000CE,57000.0,CE,29SEP2026,1460.0,1460.0,1460.0,1460.0,3
2026-08-21 13:44:00,BANKNIFTY29SEP2657000PE,57000.0,PE,29SEP2026,430.3,432.3,430.0,430.0,4
2026-08-21 13:44:00,BANKNIFTY29SEP2657200PE,57200.0,PE,29SEP2026,492.0,492.0,492.0,492.0,4
2026-08-21 13:44:00,BANKNIFTY29SEP2657400PE,57400.0,PE,29SEP2026,556.15,556.15,556.15,556.15,2
2026-08-21 13:44:00,BANKNIFTY29SEP2657500CE,57500.0,CE,29SEP2026,1130.95,1130.95,1126.35,1129.75,12
2026-08-21 13:44:00,BANKNIFTY29SEP2657500PE,57500.0,PE,29SEP2026,589.3,589.8,589.05,589.8,4
2026-08-21 13:45:00,BANKNIFTY29SEP2655500CE,55500.0,CE,29SEP2026,2670.0,2670.0,2670.0,2670.0,1
2026-08-21 13:45:00,BANKNIFTY29SEP2655500PE,55500.0,PE,29SEP2026,157.15,157.15,157.15,157.15,2
2026-08-21 13:45:00,BANKNIFTY29SEP2656000CE,56000.0,CE,29SEP2026,2232.45,2238.15,2232.45,2238.15,6
2026-08-21 13:45:00,BANKNIFTY29SEP2656000PE,56000.0,PE,29SEP2026,222.55,222.55,221.8,221.8,7
2026-08-21 13:45:00,BANKNIFTY29SEP2657000CE,57000.0,CE,29SEP2026,1465.15,1465.15,1465.05,1465.05,2
2026-08-21 13:45:00,BANKNIFTY29SEP2657000PE,57000.0,PE,29SEP2026,430.0,430.0,430.0,430.0,2
2026-08-21 13:45:00,BANKNIFTY29SEP2657500CE,57500.0,CE,29SEP2026,1129.6,1129.6,1129.6,1129.6,1
2026-08-21 13:45:00,BANKNIFTY29SEP2657500PE,57500.0,PE,29SEP2026,591.8,592.15,591.8,592.15,2
2026-08-21 13:46:00,BANKNIFTY29SEP2656000CE,56000.0,CE,29SEP2026,2225.0,2225.0,2225.0,2225.0,3
2026-08-21 13:46:00,BANKNIFTY29SEP2656000PE,56000.0,PE,29SEP2026,224.95,225.0,224.95,224.95,3
2026-08-21 13:46:00,BANKNIFTY29SEP2656500PE,56500.0,PE,29SEP2026,310.0,312.5,310.0,312.5,9
2026-08-21 13:46:00,BANKNIFTY29SEP2656600PE,56600.0,PE,29SEP2026,331.0,331.0,331.0,331.0,1
2026-08-21 13:46:00,BANKNIFTY29SEP2657000CE,57000.0,CE,29SEP2026,1458.0,1458.0,1452.1,1452.1,2
2026-08-21 13:46:00,BANKNIFTY29SEP2657000PE,57000.0,PE,29SEP2026,432.0,434.75,431.5,431.5,26
2026-08-21 13:46:00,BANKNIFTY29SEP2657200PE,57200.0,PE,29SEP2026,494.7,497.15,494.7,497.15,2
2026-08-21 13:46:00,BANKNIFTY29SEP2657400PE,57400.0,PE,29SEP2026,559.05,559.05,559.05,559.05,1
2026-08-21 13:46:00,BANKNIFTY29SEP2657500CE,57500.0,CE,29SEP2026,1125.0,1125.0,1119.6,1119.6,24
2026-08-21 13:46:00,BANKNIFTY29SEP2657500PE,57500.0,PE,29SEP2026,592.2,597.0,592.2,592.75,39
2026-08-21 13:47:00,BANKNIFTY29SEP2655500PE,55500.0,PE,29SEP2026,157.35,157.4,157.35,157.4,2
2026-08-21 13:47:00,BANKNIFTY29SEP2656000CE,56000.0,CE,29SEP2026,2229.0,2235.0,2229.0,2235.0,11
2026-08-21 13:47:00,BANKNIFTY29SEP2656000PE,56000.0,PE,29SEP2026,224.15,224.15,222.35,222.35,5
2026-08-21 13:47:00,BANKNIFTY29SEP2656500CE,56500.0,CE,29SEP2026,1830.0,1830.0,1830.0,1830.0,1
2026-08-21 13:47:00,BANKNIFTY29SEP2656500PE,56500.0,PE,29SEP2026,308.15,308.15,308.15,308.15,1
2026-08-21 13:47:00,BANKNIFTY29SEP2656600PE,56600.0,PE,29SEP2026,330.0,330.0,330.0,330.0,1
2026-08-21 13:47:00,BANKNIFTY29SEP2657000PE,57000.0,PE,29SEP2026,430.0,430.0,430.0,430.0,1
2026-08-21 13:47:00,BANKNIFTY29SEP2657500CE,57500.0,CE,29SEP2026,1125.0,1126.0,1123.4,1123.4,9
2026-08-21 13:47:00,BANKNIFTY29SEP2657500PE,57500.0,PE,29SEP2026,590.5,590.5,590.45,590.45,3
2026-08-21 13:48:00,BANKNIFTY29SEP2655500PE,55500.0,PE,29SEP2026,156.55,156.95,156.55,156.65,3
2026-08-21 13:48:00,BANKNIFTY29SEP2656000PE,56000.0,PE,29SEP2026,221.55,221.55,221.55,221.55,1
2026-08-21 13:48:00,BANKNIFTY29SEP2656500PE,56500.0,PE,29SEP2026,307.55,307.55,307.55,307.55,1
2026-08-21 13:48:00,BANKNIFTY29SEP2657000PE,57000.0,PE,29SEP2026,430.85,430.85,430.8,430.8,2
2026-08-21 13:48:00,BANKNIFTY29SEP2657500CE,57500.0,CE,29SEP2026,1123.05,1123.05,1123.05,1123.05,6
2026-08-21 13:49:00,BANKNIFTY29SEP2656000CE,56000.0,CE,29SEP2026,2225.1,2225.1,2224.95,2224.95,5
2026-08-21 13:49:00,BANKNIFTY29SEP2656000PE,56000.0,PE,29SEP2026,221.7,223.95,221.25,223.95,4
2026-08-21 13:49:00,BANKNIFTY29SEP2656500CE,56500.0,CE,29SEP2026,1825.0,1825.0,1825.0,1825.0,3
2026-08-21 13:49:00,BANKNIFTY29SEP2656500PE,56500.0,PE,29SEP2026,308.95,308.95,308.95,308.95,3
2026-08-21 13:49:00,BANKNIFTY29SEP2657000PE,57000.0,PE,29SEP2026,431.0,433.85,430.8,433.85,9
2026-08-21 13:49:00,BANKNIFTY29SEP2657200PE,57200.0,PE,29SEP2026,493.65,494.2,493.45,494.2,6
2026-08-21 13:49:00,BANKNIFTY29SEP2657300PE,57300.0,PE,29SEP2026,527.5,527.5,527.5,527.5,1
2026-08-21 13:49:00,BANKNIFTY29SEP2657500CE,57500.0,CE,29SEP2026,1121.05,1122.0,1120.05,1120.05,17
2026-08-21 13:49:00,BANKNIFTY29SEP2657500PE,57500.0,PE,29SEP2026,592.75,594.0,591.0,594.0,7
2026-08-21 13:50:00,BANKNIFTY29SEP2655500PE,55500.0,PE,29SEP2026,157.45,157.45,157.45,157.45,1
2026-08-21 13:50:00,BANKNIFTY29SEP2656500PE,56500.0,PE,29SEP2026,311.0,311.0,311.0,311.0,6
2026-08-21 13:50:00,BANKNIFTY29SEP2656800PE,56800.0,PE,29SEP2026,383.05,383.05,383.05,383.05,1
2026-08-21 13:50:00,BANKNIFTY29SEP2656900PE,56900.0,PE,29SEP2026,408.25,408.25,408.25,408.25,1
2026-08-21 13:50:00,BANKNIFTY29SEP2657000CE,57000.0,CE,29SEP2026,1452.1,1452.1,1452.1,1452.1,1
2026-08-21 13:50:00,BANKNIFTY29SEP2657000PE,57000.0,PE,29SEP2026,434.4,434.5,434.4,434.5,10
2026-08-21 13:50:00,BANKNIFTY29SEP2657300PE,57300.0,PE,29SEP2026,528.5,528.5,528.5,528.5,2
2026-08-21 13:50:00,BANKNIFTY29SEP2657500CE,57500.0,CE,29SEP2026,1120.05,1122.9,1120.05,1122.9,2
2026-08-21 13:50:00,BANKNIFTY29SEP2657500PE,57500.0,PE,29SEP2026,593.7,593.95,593.7,593.95,5
2026-08-21 13:51:00,BANKNIFTY29SEP2655500PE,55500.0,PE,29SEP2026,157.0,157.0,157.0,157.0,7
2026-08-21 13:51:00,BANKNIFTY29SEP2656000CE,56000.0,CE,29SEP2026,2223.0,2223.0,2222.0,2222.0,10
2026-08-21 13:51:00,BANKNIFTY29SEP2656000PE,56000.0,PE,29SEP2026,224.7,224.7,223.0,223.0,7
2026-08-21 13:51:00,BANKNIFTY29SEP2656500CE,56500.0,CE,29SEP2026,1820.0,1825.0,1820.0,1825.0,5
2026-08-21 13:51:00,BANKNIFTY29SEP2656500PE,56500.0,PE,29SEP2026,311.1,311.1,310.4,310.4,7
2026-08-21 13:51:00,BANKNIFTY29SEP2656700PE,56700.0,PE,29SEP2026,350.05,350.05,350.05,350.05,1
2026-08-21 13:51:00,BANKNIFTY29SEP2656800PE,56800.0,PE,29SEP2026,380.4,380.4,380.4,380.4,6
2026-08-21 13:51:00,BANKNIFTY29SEP2657000CE,57000.0,CE,29SEP2026,1452.05,1454.0,1452.05,1454.0,2
2026-08-21 13:51:00,BANKNIFTY29SEP2657000PE,57000.0,PE,29SEP2026,435.0,435.0,433.05,433.05,8
2026-08-21 13:51:00,BANKNIFTY29SEP2657100PE,57100.0,PE,29SEP2026,456.6,456.6,456.6,456.6,2
2026-08-21 13:51:00,BANKNIFTY29SEP2657300PE,57300.0,PE,29SEP2026,528.65,531.7,528.05,531.7,5
2026-08-21 13:51:00,BANKNIFTY29SEP2657500CE,57500.0,CE,29SEP2026,1120.0,1120.9,1118.05,1120.9,15
2026-08-21 13:51:00,BANKNIFTY29SEP2657500PE,57500.0,PE,29SEP2026,592.55,592.55,592.55,592.55,3
2026-08-21 13:52:00,BANKNIFTY29SEP2655500PE,55500.0,PE,29SEP2026,157.25,157.5,157.25,157.5,30
2026-08-21 13:52:00,BANKNIFTY29SEP2656000CE,56000.0,CE,29SEP2026,2229.4,2229.4,2229.0,2229.0,6
2026-08-21 13:52:00,BANKNIFTY29SEP2656000PE,56000.0,PE,29SEP2026,223.0,223.05,223.0,223.05,10
2026-08-21 13:52:00,BANKNIFTY29SEP2656500PE,56500.0,PE,29SEP2026,309.25,311.2,309.25,311.2,6
2026-08-21 13:52:00,BANKNIFTY29SEP2656900PE,56900.0,PE,29SEP2026,404.5,404.5,404.5,404.5,1
2026-08-21 13:52:00,BANKNIFTY29SEP2657000CE,57000.0,CE,29SEP2026,1459.9,1459.9,1451.0,1451.0,3
2026-08-21 13:52:00,BANKNIFTY29SEP2657000PE,57000.0,PE,29SEP2026,431.6,434.15,431.4,434.15,9
2026-08-21 13:52:00,BANKNIFTY29SEP2657300PE,57300.0,PE,29SEP2026,530.0,531.0,530.0,531.0,3
2026-08-21 13:52:00,BANKNIFTY29SEP2657500CE,57500.0,CE,29SEP2026,1121.95,1121.95,1120.0,1120.0,11
2026-08-21 13:52:00,BANKNIFTY29SEP2657500PE,57500.0,PE,29SEP2026,592.45,596.55,592.45,596.55,5
2026-08-21 13:53:00,BANKNIFTY29SEP2655500PE,55500.0,PE,29SEP2026,157.0,157.0,155.4,155.4,13
2026-08-21 13:53:00,BANKNIFTY29SEP2655800PE,55800.0,PE,29SEP2026,195.7,195.7,195.7,195.7,1
2026-08-21 13:53:00,BANKNIFTY29SEP2655900PE,55900.0,PE,29SEP2026,205.4,205.4,205.4,205.4,1
2026-08-21 13:53:00,BANKNIFTY29SEP2656000CE,56000.0,CE,29SEP2026,2229.0,2234.0,2229.0,2234.0,5
2026-08-21 13:53:00,BANKNIFTY29SEP2656000PE,56000.0,PE,29SEP2026,224.25,224.25,222.0,222.0,2
2026-08-21 13:53:00,BANKNIFTY29SEP2656400PE,56400.0,PE,29SEP2026,287.4,287.4,287.4,287.4,1
2026-08-21 13:53:00,BANKNIFTY29SEP2656500CE,56500.0,CE,29SEP2026,1825.0,1825.0,1825.0,1825.0,2
2026-08-21 13:53:00,BANKNIFTY29SEP2656500PE,56500.0,PE,29SEP2026,308.4,309.25,308.4,309.25,10
2026-08-21 13:53:00,BANKNIFTY29SEP2656600PE,56600.0,PE,29SEP2026,334.25,334.25,334.25,334.25,1
2026-08-21 13:53:00,BANKNIFTY29SEP2656800PE,56800.0,PE,29SEP2026,378.05,378.05,378.05,378.05,2
2026-08-21 13:53:00,BANKNIFTY29SEP2657000CE,57000.0,CE,29SEP2026,1454.05,1454.05,1454.05,1454.05,1
2026-08-21 13:53:00,BANKNIFTY29SEP2657000PE,57000.0,PE,29SEP2026,434.15,434.15,430.05,431.9,8
2026-08-21 13:53:00,BANKNIFTY29SEP2657300PE,57300.0,PE,29SEP2026,526.95,527.0,526.95,527.0,2
2026-08-21 13:53:00,BANKNIFTY29SEP2657500CE,57500.0,CE,29SEP2026,1122.95,1122.95,1122.0,1122.0,18
2026-08-21 13:53:00,BANKNIFTY29SEP2657500PE,57500.0,PE,29SEP2026,592.0,594.15,592.0,594.15,10
2026-08-21 13:54:00,BANKNIFTY29SEP2655500PE,55500.0,PE,29SEP2026,157.65,157.7,157.65,157.7,3
2026-08-21 13:54:00,BANKNIFTY29SEP2656000CE,56000.0,CE,29SEP2026,2226.6,2226.6,2226.0,2226.0,4
2026-08-21 13:54:00,BANKNIFTY29SEP2656000PE,56000.0,PE,29SEP2026,222.05,224.45,222.0,222.05,13
2026-08-21 13:54:00,BANKNIFTY29SEP2657000CE,57000.0,CE,29SEP2026,1452.0,1458.25,1450.05,1458.25,7
2026-08-21 13:54:00,BANKNIFTY29SEP2657000PE,57000.0,PE,29SEP2026,432.0,432.0,432.0,432.0,1
2026-08-21 13:54:00,BANKNIFTY29SEP2657300PE,57300.0,PE,29SEP2026,529.5,529.5,528.0,528.0,3
2026-08-21 13:54:00,BANKNIFTY29SEP2657500CE,57500.0,CE,29SEP2026,1120.0,1121.5,1120.0,1121.5,5
2026-08-21 13:54:00,BANKNIFTY29SEP2657500PE,57500.0,PE,29SEP2026,592.95,594.95,591.75,591.75,18
2026-08-21 13:55:00,BANKNIFTY29SEP2656000CE,56000.0,CE,29SEP2026,2221.8,2226.0,2220.0,2226.0,15
2026-08-21 13:55:00,BANKNIFTY29SEP2656000PE,56000.0,PE,29SEP2026,222.05,222.05,222.0,222.0,15
2026-08-21 13:55:00,BANKNIFTY29SEP2656600PE,56600.0,PE,29SEP2026,330.05,330.05,330.0,330.0,2
2026-08-21 13:55:00,BANKNIFTY29SEP2657000CE,57000.0,CE,29SEP2026,1458.25,1458.25,1458.25,1458.25,1
2026-08-21 13:55:00,BANKNIFTY29SEP2657000PE,57000.0,PE,29SEP2026,431.6,432.05,430.65,430.65,9
2026-08-21 13:55:00,BANKNIFTY29SEP2657300PE,57300.0,PE,29SEP2026,527.0,527.05,525.9,525.9,6
2026-08-21 13:55:00,BANKNIFTY29SEP2657500CE,57500.0,CE,29SEP2026,1121.5,1121.5,1121.5,1121.5,2
2026-08-21 13:55:00,BANKNIFTY29SEP2657500PE,57500.0,PE,29SEP2026,592.5,592.55,589.95,591.65,10
2026-08-21 13:56:00,BANKNIFTY29SEP2655500PE,55500.0,PE,29SEP2026,155.5,155.5,155.5,155.5,1
2026-08-21 13:56:00,BANKNIFTY29SEP2656000PE,56000.0,PE,29SEP2026,220.55,221.0,220.25,220.25,26
2026-08-21 13:56:00,BANKNIFTY29SEP2656500PE,56500.0,PE,29SEP2026,306.3,306.55,306.3,306.55,2
2026-08-21 13:56:00,BANKNIFTY29SEP2657000CE,57000.0,CE,29SEP2026,1457.05,1457.05,1457.05,1457.05,1
2026-08-21 13:56:00,BANKNIFTY29SEP2657000PE,57000.0,PE,29SEP2026,430.1,430.1,430.0,430.0,6
2026-08-21 13:56:00,BANKNIFTY29SEP2657400PE,57400.0,PE,29SEP2026,556.0,556.0,556.0,556.0,1
2026-08-21 13:56:00,BANKNIFTY29SEP2657500CE,57500.0,CE,29SEP2026,1123.0,1124.85,1121.05,1124.85,3
2026-08-21 13:56:00,BANKNIFTY29SEP2657500PE,57500.0,PE,29SEP2026,589.1,590.95,589.1,590.0,3
2026-08-21 13:57:00,BANKNIFTY29SEP2655500PE,55500.0,PE,29SEP2026,155.0,155.0,154.5,154.5,2
2026-08-21 13:57:00,BANKNIFTY29SEP2656000PE,56000.0,PE,29SEP2026,220.05,220.05,219.65,219.65,6
2026-08-21 13:57:00,BANKNIFTY29SEP2656800PE,56800.0,PE,29SEP2026,375.85,375.85,375.85,375.85,1
2026-08-21 13:57:00,BANKNIFTY29SEP2656900PE,56900.0,PE,29SEP2026,401.0,401.0,401.0,401.0,1
2026-08-21 13:57:00,BANKNIFTY29SEP2657000PE,57000.0,PE,29SEP2026,431.0,431.0,427.4,428.95,99
2026-08-21 13:57:00,BANKNIFTY29SEP2657100PE,57100.0,PE,29SEP2026,456.6,456.6,456.6,456.6,1
2026-08-21 13:57:00,BANKNIFTY29SEP2657200PE,57200.0,PE,29SEP2026,490.0,490.0,489.95,489.95,7
2026-08-21 13:57:00,BANKNIFTY29SEP2657500CE,57500.0,CE,29SEP2026,1121.8,1129.0,1121.8,1127.1,9
2026-08-21 13:57:00,BANKNIFTY29SEP2657500PE,57500.0,PE,29SEP2026,586.35,586.35,584.25,584.25,3
2026-08-21 13:58:00,BANKNIFTY29SEP2655500PE,55500.0,PE,29SEP2026,154.5,154.6,154.5,154.6,2
2026-08-21 13:58:00,BANKNIFTY29SEP2656000PE,56000.0,PE,29SEP2026,219.65,219.65,219.65,219.65,3
2026-08-21 13:58:00,BANKNIFTY29SEP2656500PE,56500.0,PE,29SEP2026,304.8,305.1,303.0,305.1,3
2026-08-21 13:58:00,BANKNIFTY29SEP2656600PE,56600.0,PE,29SEP2026,328.95,329.0,328.95,329.0,2
2026-08-21 13:58:00,BANKNIFTY29SEP2657000CE,57000.0,CE,29SEP2026,1472.0,1472.5,1472.0,1472.5,9
2026-08-21 13:58:00,BANKNIFTY29SEP2657000PE,57000.0,PE,29SEP2026,425.65,428.5,425.6,428.5,4
2026-08-21 13:58:00,BANKNIFTY29SEP2657200PE,57200.0,PE,29SEP2026,489.95,489.95,489.95,489.95,1
2026-08-21 13:58:00,BANKNIFTY29SEP2657300PE,57300.0,PE,29SEP2026,520.9,520.9,520.9,520.9,1
2026-08-21 13:58:00,BANKNIFTY29SEP2657500CE,57500.0,CE,29SEP2026,1130.1,1130.1,1130.0,1130.0,13
2026-08-21 13:58:00,BANKNIFTY29SEP2657500PE,57500.0,PE,29SEP2026,586.25,586.25,586.25,586.25,2
2026-08-21 13:59:00,BANKNIFTY29SEP2655500PE,55500.0,PE,29SEP2026,155.95,155.95,155.95,155.95,1
2026-08-21 13:59:00,BANKNIFTY29SEP2656000PE,56000.0,PE,29SEP2026,220.75,220.75,220.75,220.75,4
2026-08-21 13:59:00,BANKNIFTY29SEP2657000CE,57000.0,CE,29SEP2026,1463.0,1463.0,1463.0,1463.0,1
2026-08-21 13:59:00,BANKNIFTY29SEP2657000PE,57000.0,PE,29SEP2026,430.25,430.7,430.25,430.4,9
2026-08-21 13:59:00,BANKNIFTY29SEP2657500CE,57500.0,CE,29SEP2026,1128.0,1128.0,1128.0,1128.0,17
2026-08-21 13:59:00,BANKNIFTY29SEP2657500PE,57500.0,PE,29SEP2026,588.0,590.0,588.0,590.0,4
2026-08-21 14:00:00,BANKNIFTY29SEP2656000PE,56000.0,PE,29SEP2026,221.0,221.0,221.0,221.0,9
2026-08-21 14:00:00,BANKNIFTY29SEP2656200PE,56200.0,PE,29SEP2026,253.65,253.65,253.65,253.65,1
2026-08-21 14:00:00,BANKNIFTY29SEP2656500PE,56500.0,PE,29SEP2026,307.6,307.6,307.6,307.6,1
2026-08-21 14:00:00,BANKNIFTY29SEP2657400PE,57400.0,PE,29SEP2026,558.05,558.15,558.05,558.15,3
2026-08-21 14:00:00,BANKNIFTY29SEP2657500CE,57500.0,CE,29SEP2026,1121.35,1121.35,1120.0,1120.0,15
2026-08-21 14:01:00,BANKNIFTY29SEP2655500PE,55500.0,PE,29SEP2026,156.35,156.35,156.35,156.35,1
2026-08-21 14:01:00,BANKNIFTY29SEP2656000CE,56000.0,CE,29SEP2026,2233.95,2234.0,2233.95,2234.0,5
2026-08-21 14:01:00,BANKNIFTY29SEP2656000PE,56000.0,PE,29SEP2026,221.0,221.0,220.05,220.4,6
2026-08-21 14:01:00,BANKNIFTY29SEP2656500PE,56500.0,PE,29SEP2026,307.2,307.2,305.85,305.85,2
2026-08-21 14:01:00,BANKNIFTY29SEP2657200PE,57200.0,PE,29SEP2026,494.15,494.2,494.15,494.2,2
2026-08-21 14:01:00,BANKNIFTY29SEP2657500CE,57500.0,CE,29SEP2026,1123.15,1123.2,1123.15,1123.2,2
2026-08-21 14:02:00,BANKNIFTY29SEP2656000PE,56000.0,PE,29SEP2026,220.15,222.35,220.15,220.45,7
2026-08-21 14:02:00,BANKNIFTY29SEP2657000CE,57000.0,CE,29SEP2026,1460.0,1460.0,1460.0,1460.0,1
2026-08-21 14:02:00,BANKNIFTY29SEP2657000PE,57000.0,PE,29SEP2026,430.0,430.0,429.45,429.45,3
2026-08-21 14:02:00,BANKNIFTY29SEP2657500CE,57500.0,CE,29SEP2026,1121.2,1121.2,1121.2,1121.2,1
2026-08-21 14:02:00,BANKNIFTY29SEP2657500PE,57500.0,PE,29SEP2026,590.5,590.5,590.0,590.0,2
2026-08-21 14:03:00,BANKNIFTY29SEP2656000CE,56000.0,CE,29SEP2026,2229.0,2229.0,2229.0,2229.0,1
2026-08-21 14:03:00,BANKNIFTY29SEP2656000PE,56000.0,PE,29SEP2026,221.65,221.65,221.65,221.65,1
2026-08-21 14:03:00,BANKNIFTY29SEP2656500CE,56500.0,CE,29SEP2026,1831.1,1831.1,1831.1,1831.1,1
2026-08-21 14:03:00,BANKNIFTY29SEP2657000PE,57000.0,PE,29SEP2026,433.0,433.0,433.0,433.0,4
2026-08-21 14:03:00,BANKNIFTY29SEP2657300PE,57300.0,PE,29SEP2026,528.45,528.45,528.45,528.45,1
2026-08-21 14:03:00,BANKNIFTY29SEP2657500CE,57500.0,CE,29SEP2026,1117.1,1120.35,1117.05,1119.55,11
2026-08-21 14:03:00,BANKNIFTY29SEP2657500PE,57500.0,PE,29SEP2026,592.0,594.6,592.0,594.6,5
2026-08-21 14:04:00,BANKNIFTY29SEP2655500PE,55500.0,PE,29SEP2026,157.0,158.0,157.0,158.0,31
2026-08-21 14:04:00,BANKNIFTY29SEP2656000CE,56000.0,CE,29SEP2026,2221.15,2230.0,2220.0,2227.0,15
2026-08-21 14:04:00,BANKNIFTY29SEP2656000PE,56000.0,PE,29SEP2026,221.85,221.85,221.25,221.25,8
2026-08-21 14:04:00,BANKNIFTY29SEP2656500CE,56500.0,CE,29SEP2026,1825.0,1825.0,1815.8,1815.8,2
2026-08-21 14:04:00,BANKNIFTY29SEP2657100CE,57100.0,CE,29SEP2026,1395.2,1395.2,1395.2,1395.2,1
2026-08-21 14:04:00,BANKNIFTY29SEP2657300CE,57300.0,CE,29SEP2026,1250.0,1250.0,1250.0,1250.0,2
2026-08-21 14:04:00,BANKNIFTY29SEP2657500CE,57500.0,CE,29SEP2026,1122.95,1122.95,1116.55,1116.55,3
2026-08-21 14:04:00,BANKNIFTY29SEP2657500PE,57500.0,PE,29SEP2026,592.7,592.7,592.7,592.7,1
2026-08-21 14:05:00,BANKNIFTY29SEP2655500PE,55500.0,PE,29SEP2026,157.45,158.0,157.45,158.0,31
2026-08-21 14:05:00,BANKNIFTY29SEP2656000CE,56000.0,CE,29SEP2026,2227.0,2227.0,2227.0,2227.0,7
2026-08-21 14:05:00,BANKNIFTY29SEP2656000PE,56000.0,PE,29SEP2026,221.25,221.25,221.25,221.25,3
2026-08-21 14:05:00,BANKNIFTY29SEP2656600PE,56600.0,PE,29SEP2026,329.0,329.0,329.0,329.0,3
2026-08-21 14:05:00,BANKNIFTY29SEP2657000PE,57000.0,PE,29SEP2026,429.1,429.1,429.1,429.1,1
2026-08-21 14:05:00,BANKNIFTY29SEP2657500CE,57500.0,CE,29SEP2026,1120.0,1121.0,1118.05,1118.05,6
2026-08-21 14:05:00,BANKNIFTY29SEP2657500PE,57500.0,PE,29SEP2026,592.0,592.0,592.0,592.0,3
2026-08-21 14:06:00,BANKNIFTY29SEP2655500PE,55500.0,PE,29SEP2026,158.0,158.0,156.15,156.15,11
2026-08-21 14:06:00,BANKNIFTY29SEP2656000PE,56000.0,PE,29SEP2026,223.3,223.35,223.3,223.35,3
2026-08-21 14:06:00,BANKNIFTY29SEP2656200PE,56200.0,PE,29SEP2026,253.65,253.65,253.65,253.65,3
2026-08-21 14:06:00,BANKNIFTY29SEP2656500PE,56500.0,PE,29SEP2026,307.75,307.9,307.65,307.9,3
2026-08-21 14:06:00,BANKNIFTY29SEP2657000CE,57000.0,CE,29SEP2026,1457.65,1457.65,1451.05,1451.05,2
2026-08-21 14:06:00,BANKNIFTY29SEP2657000PE,57000.0,PE,29SEP2026,432.1,432.25,432.1,432.25,3
2026-08-21 14:06:00,BANKNIFTY29SEP2657100CE,57100.0,CE,29SEP2026,1397.2,1397.2,1397.2,1397.2,1
2026-08-21 14:06:00,BANKNIFTY29SEP2657300PE,57300.0,PE,29SEP2026,529.0,529.0,528.0,528.5,4
2026-08-21 14:06:00,BANKNIFTY29SEP2657500CE,57500.0,CE,29SEP2026,1118.0,1118.0,1117.75,1117.75,5
2026-08-21 14:06:00,BANKNIFTY29SEP2657500PE,57500.0,PE,29SEP2026,593.0,594.1,592.0,594.0,25
2026-08-21 14:07:00,BANKNIFTY29SEP2655500PE,55500.0,PE,29SEP2026,157.55,157.9,157.55,157.9,11
2026-08-21 14:07:00,BANKNIFTY29SEP2656000CE,56000.0,CE,29SEP2026,2222.4,2222.4,2222.0,2222.0,10
2026-08-21 14:07:00,BANKNIFTY29SEP2656000PE,56000.0,PE,29SEP2026,223.4,223.4,221.5,221.55,13
2026-08-21 14:07:00,BANKNIFTY29SEP2656300PE,56300.0,PE,29SEP2026,272.45,272.45,272.45,272.45,1
2026-08-21 14:07:00,BANKNIFTY29SEP2656500PE,56500.0,PE,29SEP2026,309.4,309.4,308.8,308.8,3
2026-08-21 14:07:00,BANKNIFTY29SEP2656600PE,56600.0,PE,29SEP2026,329.65,329.65,329.6,329.6,2
2026-08-21 14:07:00,BANKNIFTY29SEP2657000PE,57000.0,PE,29SEP2026,430.6,430.6,430.6,430.6,2
2026-08-21 14:07:00,BANKNIFTY29SEP2657200PE,57200.0,PE,29SEP2026,494.2,494.2,494.2,494.2,3
2026-08-21 14:07:00,BANKNIFTY29SEP2657300PE,57300.0,PE,29SEP2026,527.4,527.4,527.0,527.0,2
2026-08-21 14:07:00,BANKNIFTY29SEP2657400CE,57400.0,CE,29SEP2026,1194.0,1198.15,1192.25,1192.25,9
2026-08-21 14:07:00,BANKNIFTY29SEP2657400PE,57400.0,PE,29SEP2026,562.0,562.5,562.0,562.5,4
2026-08-21 14:07:00,BANKNIFTY29SEP2657500CE,57500.0,CE,29SEP2026,1118.05,1122.05,1117.6,1117.65,10
2026-08-21 14:07:00,BANKNIFTY29SEP2657500PE,57500.0,PE,29SEP2026,592.7,592.8,590.3,590.6,10
2026-08-21 14:08:00,BANKNIFTY29SEP2655500PE,55500.0,PE,29SEP2026,157.15,157.2,155.95,155.95,23
2026-08-21 14:08:00,BANKNIFTY29SEP2656000CE,56000.0,CE,29SEP2026,2233.85,2234.0,2233.85,2234.0,2
2026-08-21 14:08:00,BANKNIFTY29SEP2656000PE,56000.0,PE,29SEP2026,221.75,223.45,221.0,221.0,22
2026-08-21 14:08:00,BANKNIFTY29SEP2657000CE,57000.0,CE,29SEP2026,1455.15,1456.6,1455.15,1456.6,2
2026-08-21 14:08:00,BANKNIFTY29SEP2657000PE,57000.0,PE,29SEP2026,430.55,430.55,430.45,430.5,4
2026-08-21 14:08:00,BANKNIFTY29SEP2657400CE,57400.0,CE,29SEP2026,1192.5,1192.5,1192.5,1192.5,1
2026-08-21 14:08:00,BANKNIFTY29SEP2657500PE,57500.0,PE,29SEP2026,590.85,590.85,590.85,590.85,1
2026-08-21 14:09:00,BANKNIFTY29SEP2655500CE,55500.0,CE,29SEP2026,2660.0,2660.0,2660.0,2660.0,1
2026-08-21 14:09:00,BANKNIFTY29SEP2656000CE,56000.0,CE,29SEP2026,2234.0,2234.0,2234.0,2234.0,2
2026-08-21 14:09:00,BANKNIFTY29SEP2656000PE,56000.0,PE,29SEP2026,221.0,222.95,220.95,222.95,4
2026-08-21 14:09:00,BANKNIFTY29SEP2657000PE,57000.0,PE,29SEP2026,430.05,430.05,430.05,430.05,1
2026-08-21 14:09:00,BANKNIFTY29SEP2657200CE,57200.0,CE,29SEP2026,1311.5,1311.5,1310.0,1310.0,6
2026-08-21 14:09:00,BANKNIFTY29SEP2657500CE,57500.0,CE,29SEP2026,1120.0,1120.0,1118.05,1118.05,18
2026-08-21 14:10:00,BANKNIFTY29SEP2655500CE,55500.0,CE,29SEP2026,2650.0,2650.0,2650.0,2650.0,11
2026-08-21 14:10:00,BANKNIFTY29SEP2656200PE,56200.0,PE,29SEP2026,251.15,251.15,251.15,251.15,1
2026-08-21 14:10:00,BANKNIFTY29SEP2656500PE,56500.0,PE,29SEP2026,308.1,310.0,308.1,310.0,4
2026-08-21 14:10:00,BANKNIFTY29SEP2657000CE,57000.0,CE,29SEP2026,1456.6,1456.6,1456.6,1456.6,1
2026-08-21 14:10:00,BANKNIFTY29SEP2657200PE,57200.0,PE,29SEP2026,494.2,494.2,494.2,494.2,1
2026-08-21 14:10:00,BANKNIFTY29SEP2657300PE,57300.0,PE,29SEP2026,528.5,528.5,528.5,528.5,1
2026-08-21 14:10:00,BANKNIFTY29SEP2657500PE,57500.0,PE,29SEP2026,593.7,593.7,590.95,590.95,5
2026-08-21 14:11:00,BANKNIFTY29SEP2655500PE,55500.0,PE,29SEP2026,154.35,155.95,154.35,155.95,5
2026-08-21 14:11:00,BANKNIFTY29SEP2656000CE,56000.0,CE,29SEP2026,2231.7,2231.7,2231.7,2231.7,2
2026-08-21 14:11:00,BANKNIFTY29SEP2656000PE,56000.0,PE,29SEP2026,220.05,220.55,220.05,220.55,16
2026-08-21 14:11:00,BANKNIFTY29SEP2656500CE,56500.0,CE,29SEP2026,1820.1,1820.1,1820.1,1820.1,1
2026-08-21 14:11:00,BANKNIFTY29SEP2656500PE,56500.0,PE,29SEP2026,306.1,306.9,306.05,306.9,4
2026-08-21 14:11:00,BANKNIFTY29SEP2657000CE,57000.0,CE,29SEP2026,1456.6,1461.45,1456.6,1461.45,3
2026-08-21 14:11:00,BANKNIFTY29SEP2657000PE,57000.0,PE,29SEP2026,430.9,431.0,428.45,430.1,11
2026-08-21 14:11:00,BANKNIFTY29SEP2657200PE,57200.0,PE,29SEP2026,494.95,495.0,494.95,495.0,5
2026-08-21 14:11:00,BANKNIFTY29SEP2657500CE,57500.0,CE,29SEP2026,1118.05,1122.6,1116.0,1121.6,43
2026-08-21 14:11:00,BANKNIFTY29SEP2657500PE,57500.0,PE,29SEP2026,589.5,590.1,589.5,590.1,2
2026-08-21 14:12:00,BANKNIFTY29SEP2655500CE,55500.0,CE,29SEP2026,2677.05,2677.05,2677.05,2677.05,1
2026-08-21 14:12:00,BANKNIFTY29SEP2655500PE,55500.0,PE,29SEP2026,154.3,154.3,154.3,154.3,1
2026-08-21 14:12:00,BANKNIFTY29SEP2656000PE,56000.0,PE,29SEP2026,220.35,220.4,219.3,219.3,42
2026-08-21 14:12:00,BANKNIFTY29SEP2656500PE,56500.0,PE,29SEP2026,307.25,307.25,305.1,305.1,14
2026-08-21 14:12:00,BANKNIFTY29SEP2657000CE,57000.0,CE,29SEP2026,1455.0,1456.0,1455.0,1456.0,3
2026-08-21 14:12:00,BANKNIFTY29SEP2657000PE,57000.0,PE,29SEP2026,430.0,430.0,429.3,429.3,2
2026-08-21 14:12:00,BANKNIFTY29SEP2657400PE,57400.0,PE,29SEP2026,554.75,554.75,554.75,554.75,1
2026-08-21 14:12:00,BANKNIFTY29SEP2657500CE,57500.0,CE,29SEP2026,1119.15,1125.25,1118.05,1125.25,11
2026-08-21 14:12:00,BANKNIFTY29SEP2657500PE,57500.0,PE,29SEP2026,589.95,591.5,588.0,588.0,9
2026-08-21 14:13:00,BANKNIFTY29SEP2655500CE,55500.0,CE,29SEP2026,2682.3,2682.3,2667.0,2667.0,2
2026-08-21 14:13:00,BANKNIFTY29SEP2655500PE,55500.0,PE,29SEP2026,154.45,154.45,154.4,154.4,5
2026-08-21 14:13:00,BANKNIFTY29SEP2656000CE,56000.0,CE,29SEP2026,2233.05,2233.05,2231.7,2231.7,10
2026-08-21 14:13:00,BANKNIFTY29SEP2656000PE,56000.0,PE,29SEP2026,219.05,219.05,218.55,218.8,10
2026-08-21 14:13:00,BANKNIFTY29SEP2656500CE,56500.0,CE,29SEP2026,1841.2,1841.2,1841.2,1841.2,1
2026-08-21 14:13:00,BANKNIFTY29SEP2656500PE,56500.0,PE,29SEP2026,305.1,305.1,304.25,304.75,15
2026-08-21 14:13:00,BANKNIFTY29SEP2656700CE,56700.0,CE,29SEP2026,1686.5,1686.5,1686.5,1686.5,1
2026-08-21 14:13:00,BANKNIFTY29SEP2657000CE,57000.0,CE,29SEP2026,1466.95,1466.95,1466.95,1466.95,1
2026-08-21 14:13:00,BANKNIFTY29SEP2657000PE,57000.0,PE,29SEP2026,429.0,429.0,429.0,429.0,1
2026-08-21 14:13:00,BANKNIFTY29SEP2657200CE,57200.0,CE,29SEP2026,1329.25,1329.25,1329.25,1329.25,1
2026-08-21 14:13:00,BANKNIFTY29SEP2657300CE,57300.0,CE,29SEP2026,1261.65,1261.65,1261.6,1261.6,2
2026-08-21 14:13:00,BANKNIFTY29SEP2657300PE,57300.0,PE,29SEP2026,524.0,524.0,522.0,522.0,5
2026-08-21 14:13:00,BANKNIFTY29SEP2657500CE,57500.0,CE,29SEP2026,1122.2,1127.9,1122.2,1123.15,12
2026-08-21 14:13:00,BANKNIFTY29SEP2657500PE,57500.0,PE,29SEP2026,589.5,589.5,586.95,587.05,17
2026-08-21 14:14:00,BANKNIFTY29SEP2655500PE,55500.0,PE,29SEP2026,155.35,155.35,155.35,155.35,1
2026-08-21 14:14:00,BANKNIFTY29SEP2656000CE,56000.0,CE,29SEP2026,2245.4,2245.4,2245.4,2245.4,2
2026-08-21 14:14:00,BANKNIFTY29SEP2656000PE,56000.0,PE,29SEP2026,218.3,218.55,218.3,218.55,5
2026-08-21 14:14:00,BANKNIFTY29SEP2657000CE,57000.0,CE,29SEP2026,1464.05,1464.05,1464.0,1464.0,2
2026-08-21 14:14:00,BANKNIFTY29SEP2657000PE,57000.0,PE,29SEP2026,426.05,428.0,426.05,426.2,7
2026-08-21 14:14:00,BANKNIFTY29SEP2657100PE,57100.0,PE,29SEP2026,459.4,459.4,459.4,459.4,1
2026-08-21 14:14:00,BANKNIFTY29SEP2657300PE,57300.0,PE,29SEP2026,522.0,523.0,522.0,523.0,5
2026-08-21 14:14:00,BANKNIFTY29SEP2657500CE,57500.0,CE,29SEP2026,1126.4,1131.95,1126.4,1126.4,6
2026-08-21 14:14:00,BANKNIFTY29SEP2657500PE,57500.0,PE,29SEP2026,585.05,588.15,585.05,586.05,16
2026-08-21 14:15:00,BANKNIFTY29SEP2655500PE,55500.0,PE,29SEP2026,154.05,154.05,154.05,154.05,1
2026-08-21 14:15:00,BANKNIFTY29SEP2656000PE,56000.0,PE,29SEP2026,218.35,218.35,218.35,218.35,4
2026-08-21 14:15:00,BANKNIFTY29SEP2657000CE,57000.0,CE,29SEP2026,1466.95,1466.95,1465.0,1465.0,2
2026-08-21 14:15:00,BANKNIFTY29SEP2657000PE,57000.0,PE,29SEP2026,427.3,427.3,425.45,425.45,2
2026-08-21 14:15:00,BANKNIFTY29SEP2657200CE,57200.0,CE,29SEP2026,1336.25,1336.25,1336.25,1336.25,1
2026-08-21 14:15:00,BANKNIFTY29SEP2657200PE,57200.0,PE,29SEP2026,489.45,489.45,489.4,489.45,3
2026-08-21 14:15:00,BANKNIFTY29SEP2657300PE,57300.0,PE,29SEP2026,522.5,522.5,519.0,519.0,4
2026-08-21 14:15:00,BANKNIFTY29SEP2657500CE,57500.0,CE,29SEP2026,1128.05,1133.9,1127.0,1133.9,5
2026-08-21 14:15:00,BANKNIFTY29SEP2657500PE,57500.0,PE,29SEP2026,587.4,587.4,584.15,584.15,13
2026-08-21 14:16:00,BANKNIFTY29SEP2655500PE,55500.0,PE,29SEP2026,154.05,154.05,154.05,154.05,1
2026-08-21 14:16:00,BANKNIFTY29SEP2656000CE,56000.0,CE,29SEP2026,2247.95,2247.95,2247.95,2247.95,1
2026-08-21 14:16:00,BANKNIFTY29SEP2656000PE,56000.0,PE,29SEP2026,218.35,218.75,217.5,217.5,14
2026-08-21 14:16:00,BANKNIFTY29SEP2656200PE,56200.0,PE,29SEP2026,250.0,250.0,250.0,250.0,2
2026-08-21 14:16:00,BANKNIFTY29SEP2656500PE,56500.0,PE,29SEP2026,304.5,304.5,304.5,304.5,1
2026-08-21 14:16:00,BANKNIFTY29SEP2657000CE,57000.0,CE,29SEP2026,1467.0,1467.0,1466.0,1466.0,4
2026-08-21 14:16:00,BANKNIFTY29SEP2657000PE,57000.0,PE,29SEP2026,425.6,427.0,424.2,426.45,10
2026-08-21 14:16:00,BANKNIFTY29SEP2657100PE,57100.0,PE,29SEP2026,454.05,454.05,454.05,454.05,4
2026-08-21 14:16:00,BANKNIFTY29SEP2657200PE,57200.0,PE,29SEP2026,486.05,486.05,486.0,486.0,2
2026-08-21 14:16:00,BANKNIFTY29SEP2657300PE,57300.0,PE,29SEP2026,518.45,518.45,517.55,517.55,10
2026-08-21 14:16:00,BANKNIFTY29SEP2657500CE,57500.0,CE,29SEP2026,1133.9,1133.9,1132.65,1132.65,2
2026-08-21 14:16:00,BANKNIFTY29SEP2657500PE,57500.0,PE,29SEP2026,584.15,584.15,583.7,584.05,5
2026-08-21 14:17:00,BANKNIFTY29SEP2655500PE,55500.0,PE,29SEP2026,154.5,154.5,154.5,154.5,8
2026-08-21 14:17:00,BANKNIFTY29SEP2656000CE,56000.0,CE,29SEP2026,2248.0,2248.0,2248.0,2248.0,1
2026-08-21 14:17:00,BANKNIFTY29SEP2656000PE,56000.0,PE,29SEP2026,218.0,219.15,218.0,219.15,3
2026-08-21 14:17:00,BANKNIFTY29SEP2656200PE,56200.0,PE,29SEP2026,249.95,249.95,246.55,246.55,3
2026-08-21 14:17:00,BANKNIFTY29SEP2656500PE,56500.0,PE,29SEP2026,303.25,303.25,303.25,303.25,6
2026-08-21 14:17:00,BANKNIFTY29SEP2657000CE,57000.0,CE,29SEP2026,1466.0,1466.0,1466.0,1466.0,1
2026-08-21 14:17:00,BANKNIFTY29SEP2657000PE,57000.0,PE,29SEP2026,425.8,426.5,425.8,426.5,10
2026-08-21 14:17:00,BANKNIFTY29SEP2657500CE,57500.0,CE,29SEP2026,1132.65,1133.0,1129.1,1129.1,7
2026-08-21 14:17:00,BANKNIFTY29SEP2657500PE,57500.0,PE,29SEP2026,583.15,583.15,583.15,583.15,2
2026-08-21 14:18:00,BANKNIFTY29SEP2656000PE,56000.0,PE,29SEP2026,218.85,218.95,218.85,218.95,6
2026-08-21 14:18:00,BANKNIFTY29SEP2656500PE,56500.0,PE,29SEP2026,302.4,303.8,302.2,303.8,11
2026-08-21 14:18:00,BANKNIFTY29SEP2657000PE,57000.0,PE,29SEP2026,425.15,425.45,423.45,423.5,16
2026-08-21 14:18:00,BANKNIFTY29SEP2657200PE,57200.0,PE,29SEP2026,485.75,485.75,485.7,485.7,2
2026-08-21 14:18:00,BANKNIFTY29SEP2657300PE,57300.0,PE,29SEP2026,519.5,519.5,519.45,519.45,3
2026-08-21 14:18:00,BANKNIFTY29SEP2657500CE,57500.0,CE,29SEP2026,1130.15,1130.15,1130.0,1130.0,3
2026-08-21 14:18:00,BANKNIFTY29SEP2657500PE,57500.0,PE,29SEP2026,584.15,584.15,582.0,582.0,6
2026-08-21 14:19:00,BANKNIFTY29SEP2655500PE,55500.0,PE,29SEP2026,154.05,154.05,154.0,154.0,3
2026-08-21 14:19:00,BANKNIFTY29SEP2656000PE,56000.0,PE,29SEP2026,218.95,218.95,218.95,218.95,1
2026-08-21 14:19:00,BANKNIFTY29SEP2656500CE,56500.0,CE,29SEP2026,1841.2,1841.2,1841.2,1841.2,3
2026-08-21 14:19:00,BANKNIFTY29SEP2656500PE,56500.0,PE,29SEP2026,303.8,304.7,303.8,303.8,8
2026-08-21 14:19:00,BANKNIFTY29SEP2657000CE,57000.0,CE,29SEP2026,1465.0,1472.8,1465.0,1472.8,11
2026-08-21 14:19:00,BANKNIFTY29SEP2657000PE,57000.0,PE,29SEP2026,423.95,423.95,423.4,423.6,7
2026-08-21 14:19:00,BANKNIFTY29SEP2657200PE,57200.0,PE,29SEP2026,485.75,487.65,485.5,487.55,4
2026-08-21 14:19:00,BANKNIFTY29SEP2657400PE,57400.0,PE,29SEP2026,551.2,551.2,550.05,550.1,3
2026-08-21 14:19:00,BANKNIFTY29SEP2657500CE,57500.0,CE,29SEP2026,1130.0,1133.9,1128.05,1128.2,5
2026-08-21 14:19:00,BANKNIFTY29SEP2657500PE,57500.0,PE,29SEP2026,584.55,585.6,582.2,582.2,7
2026-08-21 14:20:00,BANKNIFTY29SEP2655500PE,55500.0,PE,29SEP2026,154.0,154.0,154.0,154.0,1
2026-08-21 14:20:00,BANKNIFTY29SEP2655800PE,55800.0,PE,29SEP2026,190.0,190.0,190.0,190.0,3
2026-08-21 14:20:00,BANKNIFTY29SEP2656000PE,56000.0,PE,29SEP2026,218.45,218.45,218.45,218.45,3
2026-08-21 14:20:00,BANKNIFTY29SEP2656500CE,56500.0,CE,29SEP2026,1849.0,1849.45,1849.0,1849.45,4
2026-08-21 14:20:00,BANKNIFTY29SEP2656500PE,56500.0,PE,29SEP2026,303.7,303.7,301.35,303.0,3
2026-08-21 14:20:00,BANKNIFTY29SEP2657000CE,57000.0,CE,29SEP2026,1465.3,1468.15,1465.3,1468.15,2
2026-08-21 14:20:00,BANKNIFTY29SEP2657000PE,57000.0,PE,29SEP2026,423.1,424.0,423.1,424.0,6
2026-08-21 14:20:00,BANKNIFTY29SEP2657100PE,57100.0,PE,29SEP2026,452.95,456.15,452.95,456.15,4
2026-08-21 14:20:00,BANKNIFTY29SEP2657200PE,57200.0,PE,29SEP2026,487.55,487.55,484.9,487.35,4
2026-08-21 14:20:00,BANKNIFTY29SEP2657300PE,57300.0,PE,29SEP2026,517.2,518.5,517.2,518.5,8
2026-08-21 14:20:00,BANKNIFTY29SEP2657400CE,57400.0,CE,29SEP2026,1194.15,1194.15,1194.15,1194.15,1
2026-08-21 14:20:00,BANKNIFTY29SEP2657400PE,57400.0,PE,29SEP2026,550.0,550.0,550.0,550.0,1
2026-08-21 14:20:00,BANKNIFTY29SEP2657500CE,57500.0,CE,29SEP2026,1135.0,1135.0,1135.0,1135.0,2
2026-08-21 14:20:00,BANKNIFTY29SEP2657500PE,57500.0,PE,29SEP2026,582.0,583.5,582.0,583.1,11
2026-08-21 14:21:00,BANKNIFTY29SEP2656000PE,56000.0,PE,29SEP2026,218.0,218.0,216.5,216.5,5
2026-08-21 14:21:00,BANKNIFTY29SEP2656500PE,56500.0,PE,29SEP2026,302.55,302.75,302.45,302.45,4
2026-08-21 14:21:00,BANKNIFTY29SEP2656800PE,56800.0,PE,29SEP2026,373.85,373.85,373.85,373.85,1
2026-08-21 14:21:00,BANKNIFTY29SEP2657000CE,57000.0,CE,29SEP2026,1469.15,1469.25,1469.15,1469.25,2
2026-08-21 14:21:00,BANKNIFTY29SEP2657000PE,57000.0,PE,29SEP2026,423.2,423.2,422.4,423.0,20
2026-08-21 14:21:00,BANKNIFTY29SEP2657300PE,57300.0,PE,29SEP2026,519.0,519.0,518.35,518.4,5
2026-08-21 14:21:00,BANKNIFTY29SEP2657500CE,57500.0,CE,29SEP2026,1133.9,1133.9,1133.9,1133.9,1
2026-08-21 14:21:00,BANKNIFTY29SEP2657500PE,57500.0,PE,29SEP2026,583.0,583.25,582.0,582.0,10
2026-08-21 14:22:00,BANKNIFTY29SEP2655500PE,55500.0,PE,29SEP2026,154.0,154.0,152.55,152.7,14
2026-08-21 14:22:00,BANKNIFTY29SEP2656400PE,56400.0,PE,29SEP2026,286.55,286.55,286.55,286.55,1
2026-08-21 14:22:00,BANKNIFTY29SEP2656500PE,56500.0,PE,29SEP2026,301.55,301.65,301.55,301.65,4
2026-08-21 14:22:00,BANKNIFTY29SEP2656600PE,56600.0,PE,29SEP2026,327.3,327.35,327.3,327.35,3
2026-08-21 14:22:00,BANKNIFTY29SEP2656800PE,56800.0,PE,29SEP2026,370.0,370.0,370.0,370.0,1
2026-08-21 14:22:00,BANKNIFTY29SEP2657000PE,57000.0,PE,29SEP2026,422.65,424.25,422.5,424.25,3
2026-08-21 14:22:00,BANKNIFTY29SEP2657200PE,57200.0,PE,29SEP2026,486.3,486.35,486.3,486.35,2
2026-08-21 14:22:00,BANKNIFTY29SEP2657400PE,57400.0,PE,29SEP2026,551.0,551.0,551.0,551.0,1
2026-08-21 14:22:00,BANKNIFTY29SEP2657500CE,57500.0,CE,29SEP2026,1134.6,1136.7,1131.4,1131.4,53
2026-08-21 14:22:00,BANKNIFTY29SEP2657500PE,57500.0,PE,29SEP2026,582.0,584.0,581.5,583.5,14
2026-08-21 14:23:00,BANKNIFTY29SEP2655500PE,55500.0,PE,29SEP2026,154.9,154.95,154.9,154.95,40
2026-08-21 14:23:00,BANKNIFTY29SEP2656000PE,56000.0,PE,29SEP2026,218.0,218.95,218.0,218.95,2
2026-08-21 14:23:00,BANKNIFTY29SEP2656500PE,56500.0,PE,29SEP2026,301.75,303.55,301.75,303.55,2
2026-08-21 14:23:00,BANKNIFTY29SEP2657000CE,57000.0,CE,29SEP2026,1472.7,1479.15,1472.7,1479.15,20
2026-08-21 14:23:00,BANKNIFTY29SEP2657000PE,57000.0,PE,29SEP2026,423.0,425.0,421.45,425.0,37
2026-08-21 14:23:00,BANKNIFTY29SEP2657200PE,57200.0,PE,29SEP2026,484.45,484.45,484.45,484.45,2
2026-08-21 14:23:00,BANKNIFTY29SEP2657400PE,57400.0,PE,29SEP2026,548.3,548.3,548.3,548.3,1
2026-08-21 14:23:00,BANKNIFTY29SEP2657500CE,57500.0,CE,29SEP2026,1131.25,1132.5,1130.0,1130.0,16
2026-08-21 14:23:00,BANKNIFTY29SEP2657500PE,57500.0,PE,29SEP2026,581.85,585.45,581.85,583.25,8
2026-08-21 14:24:00,BANKNIFTY29SEP2655500PE,55500.0,PE,29SEP2026,156.1,156.95,153.2,153.2,85
2026-08-21 14:24:00,BANKNIFTY29SEP2655800PE,55800.0,PE,29SEP2026,190.0,190.0,190.0,190.0,2
2026-08-21 14:24:00,BANKNIFTY29SEP2656000PE,56000.0,PE,29SEP2026,220.0,220.0,217.6,217.6,2
2026-08-21 14:24:00,BANKNIFTY29SEP2656500PE,56500.0,PE,29SEP2026,305.6,305.65,302.15,302.15,9
2026-08-21 14:24:00,BANKNIFTY29SEP2656700PE,56700.0,PE,29SEP2026,349.9,350.0,347.2,347.2,4
2026-08-21 14:24:00,BANKNIFTY29SEP2656800PE,56800.0,PE,29SEP2026,376.1,376.15,376.1,376.15,2
2026-08-21 14:24:00,BANKNIFTY29SEP2657000CE,57000.0,CE,29SEP2026,1465.0,1487.3,1462.1,1467.55,44
2026-08-21 14:24:00,BANKNIFTY29SEP2657000PE,57000.0,PE,29SEP2026,427.0,429.25,421.9,424.65,85
2026-08-21 14:24:00,BANKNIFTY29SEP2657100CE,57100.0,CE,29SEP2026,1386.75,1386.75,1382.85,1382.85,4
2026-08-21 14:24:00,BANKNIFTY29SEP2657100PE,57100.0,PE,29SEP2026,455.7,459.1,449.05,449.05,22
2026-08-21 14:24:00,BANKNIFTY29SEP2657200PE,57200.0,PE,29SEP2026,487.75,490.8,486.95,486.95,16
2026-08-21 14:24:00,BANKNIFTY29SEP2657300CE,57300.0,CE,29SEP2026,1252.7,1252.7,1244.45,1244.75,60
2026-08-21 14:24:00,BANKNIFTY29SEP2657300PE,57300.0,PE,29SEP2026,520.05,522.8,515.4,521.5,75
2026-08-21 14:24:00,BANKNIFTY29SEP2657400PE,57400.0,PE,29SEP2026,556.3,563.8,552.15,552.15,17
2026-08-21 14:24:00,BANKNIFTY29SEP2657500CE,57500.0,CE,29SEP2026,1125.95,1129.3,1119.9,1127.9,31
2026-08-21 14:24:00,BANKNIFTY29SEP2657500PE,57500.0,PE,29SEP2026,587.8,588.55,581.4,581.4,57
2026-08-21 14:25:00,BANKNIFTY29SEP2655500PE,55500.0,PE,29SEP2026,155.0,155.0,154.3,154.9,9
2026-08-21 14:25:00,BANKNIFTY29SEP2656000CE,56000.0,CE,29SEP2026,2239.8,2239.8,2239.0,2239.0,5
2026-08-21 14:25:00,BANKNIFTY29SEP2656000PE,56000.0,PE,29SEP2026,217.6,219.4,217.5,219.4,7
2026-08-21 14:25:00,BANKNIFTY29SEP2656400PE,56400.0,PE,29SEP2026,287.0,287.0,287.0,287.0,1
2026-08-21 14:25:00,BANKNIFTY29SEP2656500PE,56500.0,PE,29SEP2026,302.95,305.0,302.95,305.0,4
2026-08-21 14:25:00,BANKNIFTY29SEP2657000CE,57000.0,CE,29SEP2026,1469.0,1486.85,1463.95,1464.1,25
2026-08-21 14:25:00,BANKNIFTY29SEP2657000PE,57000.0,PE,29SEP2026,426.3,426.75,422.95,426.15,29
2026-08-21 14:25:00,BANKNIFTY29SEP2657200PE,57200.0,PE,29SEP2026,485.15,486.95,484.7,486.95,3
2026-08-21 14:25:00,BANKNIFTY29SEP2657300PE,57300.0,PE,29SEP2026,519.0,520.5,519.0,520.5,3
2026-08-21 14:25:00,BANKNIFTY29SEP2657400PE,57400.0,PE,29SEP2026,551.05,552.0,551.05,551.95,6
2026-08-21 14:25:00,BANKNIFTY29SEP2657500PE,57500.0,PE,29SEP2026,583.85,585.4,583.85,585.4,5
2026-08-21 14:26:00,BANKNIFTY29SEP2655500CE,55500.0,CE,29SEP2026,2660.0,2660.0,2660.0,2660.0,1
2026-08-21 14:26:00,BANKNIFTY29SEP2655500PE,55500.0,PE,29SEP2026,155.85,155.85,155.0,155.55,13
2026-08-21 14:26:00,BANKNIFTY29SEP2656000PE,56000.0,PE,29SEP2026,220.0,220.0,220.0,220.0,1
2026-08-21 14:26:00,BANKNIFTY29SEP2656800PE,56800.0,PE,29SEP2026,378.05,378.05,378.05,378.05,1
2026-08-21 14:26:00,BANKNIFTY29SEP2657000CE,57000.0,CE,29SEP2026,1467.5,1467.85,1458.3,1458.3,9
2026-08-21 14:26:00,BANKNIFTY29SEP2657000PE,57000.0,PE,29SEP2026,425.8,428.9,425.8,428.85,10
2026-08-21 14:26:00,BANKNIFTY29SEP2657100PE,57100.0,PE,29SEP2026,457.4,457.4,457.4,457.4,1
2026-08-21 14:26:00,BANKNIFTY29SEP2657200PE,57200.0,PE,29SEP2026,489.85,489.85,489.55,489.55,3
2026-08-21 14:26:00,BANKNIFTY29SEP2657300PE,57300.0,PE,29SEP2026,523.75,524.0,523.75,524.0,3
2026-08-21 14:26:00,BANKNIFTY29SEP2657400PE,57400.0,PE,29SEP2026,555.05,555.05,555.05,555.05,1
2026-08-21 14:26:00,BANKNIFTY29SEP2657500CE,57500.0,CE,29SEP2026,1126.5,1126.5,1126.5,1126.5,2
2026-08-21 14:27:00,BANKNIFTY29SEP2655500CE,55500.0,CE,29SEP2026,2660.0,2660.0,2660.0,2660.0,1
2026-08-21 14:27:00,BANKNIFTY29SEP2655500PE,55500.0,PE,29SEP2026,155.3,155.45,155.3,155.45,3
2026-08-21 14:27:00,BANKNIFTY29SEP2656000PE,56000.0,PE,29SEP2026,221.05,221.05,220.85,220.85,4
2026-08-21 14:27:00,BANKNIFTY29SEP2656700PE,56700.0,PE,29SEP2026,348.1,348.1,348.1,348.1,1
2026-08-21 14:27:00,BANKNIFTY29SEP2656900PE,56900.0,PE,29SEP2026,402.3,402.3,402.3,402.3,1
2026-08-21 14:27:00,BANKNIFTY29SEP2657000CE,57000.0,CE,29SEP2026,1458.25,1459.1,1458.25,1459.05,4
2026-08-21 14:27:00,BANKNIFTY29SEP2657000PE,57000.0,PE,29SEP2026,428.8,429.25,427.05,429.2,6
2026-08-21 14:27:00,BANKNIFTY29SEP2657400PE,57400.0,PE,29SEP2026,555.0,555.0,555.0,555.0,2
2026-08-21 14:27:00,BANKNIFTY29SEP2657500CE,57500.0,CE,29SEP2026,1126.55,1126.55,1126.55,1126.55,1
2026-08-21 14:27:00,BANKNIFTY29SEP2657500PE,57500.0,PE,29SEP2026,587.0,587.0,585.1,585.1,4
2026-08-21 14:28:00,BANKNIFTY29SEP2655500PE,55500.0,PE,29SEP2026,155.3,155.3,155.0,155.0,3
2026-08-21 14:28:00,BANKNIFTY29SEP2656000PE,56000.0,PE,29SEP2026,218.25,219.8,218.05,219.8,6
2026-08-21 14:28:00,BANKNIFTY29SEP2656500CE,56500.0,CE,29SEP2026,1835.0,1849.9,1835.0,1849.9,3
2026-08-21 14:28:00,BANKNIFTY29SEP2656500PE,56500.0,PE,29SEP2026,305.65,306.05,303.35,305.15,15
2026-08-21 14:28:00,BANKNIFTY29SEP2656800PE,56800.0,PE,29SEP2026,376.75,376.85,376.75,376.85,3
2026-08-21 14:28:00,BANKNIFTY29SEP2657000CE,57000.0,CE,29SEP2026,1462.0,1462.0,1462.0,1462.0,1
2026-08-21 14:28:00,BANKNIFTY29SEP2657100PE,57100.0,PE,29SEP2026,455.0,455.0,454.75,454.8,4
2026-08-21 14:28:00,BANKNIFTY29SEP2657300CE,57300.0,CE,29SEP2026,1250.1,1250.1,1250.1,1250.1,1
2026-08-21 14:28:00,BANKNIFTY29SEP2657300PE,57300.0,PE,29SEP2026,519.8,519.8,519.4,519.4,8
2026-08-21 14:28:00,BANKNIFTY29SEP2657400CE,57400.0,CE,29SEP2026,1186.55,1186.55,1186.4,1186.4,5
2026-08-21 14:28:00,BANKNIFTY29SEP2657500CE,57500.0,CE,29SEP2026,1125.0,1130.35,1125.0,1130.0,6
2026-08-21 14:28:00,BANKNIFTY29SEP2657500PE,57500.0,PE,29SEP2026,585.0,585.0,585.0,585.0,6
2026-08-21 14:29:00,BANKNIFTY29SEP2655500PE,55500.0,PE,29SEP2026,155.15,155.15,153.5,153.5,53
2026-08-21 14:29:00,BANKNIFTY29SEP2656000PE,56000.0,PE,29SEP2026,218.5,218.5,217.75,217.75,5
2026-08-21 14:29:00,BANKNIFTY29SEP2656500PE,56500.0,PE,29SEP2026,302.25,302.25,302.25,302.25,2
2026-08-21 14:29:00,BANKNIFTY29SEP2657000CE,57000.0,CE,29SEP2026,1466.1,1466.1,1466.05,1466.05,2
2026-08-21 14:29:00,BANKNIFTY29SEP2657000PE,57000.0,PE,29SEP2026,422.75,423.25,422.75,423.25,2
2026-08-21 14:29:00,BANKNIFTY29SEP2657500CE,57500.0,CE,29SEP2026,1130.4,1135.0,1130.4,1135.0,14
2026-08-21 14:29:00,BANKNIFTY29SEP2657500PE,57500.0,PE,29SEP2026,585.0,585.0,581.0,581.5,10
2026-08-21 14:30:00,BANKNIFTY29SEP2655500PE,55500.0,PE,29SEP2026,153.3,153.3,153.1,153.1,5
2026-08-21 14:30:00,BANKNIFTY29SEP2656000CE,56000.0,CE,29SEP2026,2255.0,2255.0,2255.0,2255.0,1
2026-08-21 14:30:00,BANKNIFTY29SEP2656000PE,56000.0,PE,29SEP2026,217.75,217.75,215.3,216.3,8
2026-08-21 14:30:00,BANKNIFTY29SEP2657000CE,57000.0,CE,29SEP2026,1478.95,1478.95,1478.95,1478.95,1
2026-08-21 14:30:00,BANKNIFTY29SEP2657000PE,57000.0,PE,29SEP2026,421.0,423.2,421.0,421.25,38
2026-08-21 14:30:00,BANKNIFTY29SEP2657500CE,57500.0,CE,29SEP2026,1138.0,1142.75,1138.0,1139.95,24
2026-08-21 14:30:00,BANKNIFTY29SEP2657500PE,57500.0,PE,29SEP2026,580.0,581.0,576.15,579.5,31
2026-08-21 14:31:00,BANKNIFTY29SEP2655500PE,55500.0,PE,29SEP2026,154.4,154.4,154.4,154.4,1
2026-08-21 14:31:00,BANKNIFTY29SEP2656200PE,56200.0,PE,29SEP2026,246.35,246.35,246.3,246.3,2
2026-08-21 14:31:00,BANKNIFTY29SEP2656500PE,56500.0,PE,29SEP2026,302.25,302.25,301.15,301.15,2
2026-08-21 14:31:00,BANKNIFTY29SEP2657000PE,57000.0,PE,29SEP2026,422.3,423.25,422.3,423.25,4
2026-08-21 14:31:00,BANKNIFTY29SEP2657100PE,57100.0,PE,29SEP2026,453.0,453.0,451.1,451.1,2
2026-08-21 14:31:00,BANKNIFTY29SEP2657300PE,57300.0,PE,29SEP2026,515.35,515.35,515.35,515.35,2
2026-08-21 14:31:00,BANKNIFTY29SEP2657500PE,57500.0,PE,29SEP2026,581.0,581.35,579.5,579.5,25
2026-08-21 14:32:00,BANKNIFTY29SEP2656000PE,56000.0,PE,29SEP2026,217.1,218.55,216.8,216.8,5
2026-08-21 14:32:00,BANKNIFTY29SEP2656500PE,56500.0,PE,29SEP2026,302.95,303.0,302.95,303.0,2
2026-08-21 14:32:00,BANKNIFTY29SEP2656800PE,56800.0,PE,29SEP2026,370.85,371.05,370.7,370.7,3
2026-08-21 14:32:00,BANKNIFTY29SEP2657000CE,57000.0,CE,29SEP2026,1481.3,1481.3,1481.3,1481.3,1
2026-08-21 14:32:00,BANKNIFTY29SEP2657000PE,57000.0,PE,29SEP2026,423.0,423.0,421.6,422.7,13
2026-08-21 14:32:00,BANKNIFTY29SEP2657100PE,57100.0,PE,29SEP2026,451.65,451.65,451.65,451.65,1
2026-08-21 14:32:00,BANKNIFTY29SEP2657200PE,57200.0,PE,29SEP2026,483.5,485.4,483.5,484.45,9
2026-08-21 14:32:00,BANKNIFTY29SEP2657300PE,57300.0,PE,29SEP2026,516.25,518.15,515.6,515.6,7
2026-08-21 14:32:00,BANKNIFTY29SEP2657400PE,57400.0,PE,29SEP2026,547.5,550.0,547.5,550.0,3
2026-08-21 14:32:00,BANKNIFTY29SEP2657500CE,57500.0,CE,29SEP2026,1135.45,1140.65,1134.25,1134.25,15
2026-08-21 14:32:00,BANKNIFTY29SEP2657500PE,57500.0,PE,29SEP2026,580.55,582.0,579.5,582.0,18
2026-08-21 14:33:00,BANKNIFTY29SEP2655500PE,55500.0,PE,29SEP2026,154.0,154.0,154.0,154.0,30
2026-08-21 14:33:00,BANKNIFTY29SEP2656000CE,56000.0,CE,29SEP2026,2255.2,2255.4,2255.2,2255.2,10
2026-08-21 14:33:00,BANKNIFTY29SEP2656000PE,56000.0,PE,29SEP2026,217.0,218.7,216.95,217.0,16
2026-08-21 14:33:00,BANKNIFTY29SEP2656200PE,56200.0,PE,29SEP2026,249.25,249.25,249.25,249.25,1
2026-08-21 14:33:00,BANKNIFTY29SEP2656500PE,56500.0,PE,29SEP2026,303.0,303.0,303.0,303.0,1
2026-08-21 14:33:00,BANKNIFTY29SEP2657000CE,57000.0,CE,29SEP2026,1475.0,1475.0,1475.0,1475.0,1
2026-08-21 14:33:00,BANKNIFTY29SEP2657000PE,57000.0,PE,29SEP2026,422.3,423.5,422.3,423.5,4
2026-08-21 14:33:00,BANKNIFTY29SEP2657400PE,57400.0,PE,29SEP2026,548.15,548.15,548.15,548.15,1
2026-08-21 14:33:00,BANKNIFTY29SEP2657500CE,57500.0,CE,29SEP2026,1134.5,1138.8,1134.5,1134.8,4
2026-08-21 14:33:00,BANKNIFTY29SEP2657500PE,57500.0,PE,29SEP2026,582.55,583.0,580.15,583.0,7
2026-08-21 14:34:00,BANKNIFTY29SEP2655500PE,55500.0,PE,29SEP2026,154.9,155.95,154.9,155.95,7
2026-08-21 14:34:00,BANKNIFTY29SEP2655800PE,55800.0,PE,29SEP2026,192.3,192.3,192.3,192.3,15
2026-08-21 14:34:00,BANKNIFTY29SEP2656000PE,56000.0,PE,29SEP2026,217.45,218.3,217.45,218.3,5
2026-08-21 14:34:00,BANKNIFTY29SEP2656500PE,56500.0,PE,29SEP2026,305.35,305.5,305.35,305.5,10
2026-08-21 14:34:00,BANKNIFTY29SEP2656800PE,56800.0,PE,29SEP2026,371.95,375.45,371.95,375.45,3
2026-08-21 14:34:00,BANKNIFTY29SEP2657000CE,57000.0,CE,29SEP2026,1467.0,1467.0,1467.0,1467.0,1
2026-08-21 14:34:00,BANKNIFTY29SEP2657000PE,57000.0,PE,29SEP2026,423.65,426.0,423.65,424.45,7
2026-08-21 14:34:00,BANKNIFTY29SEP2657200PE,57200.0,PE,29SEP2026,485.8,488.05,485.8,488.05,8
2026-08-21 14:34:00,BANKNIFTY29SEP2657400PE,57400.0,PE,29SEP2026,550.4,552.85,550.25,552.85,6
2026-08-21 14:34:00,BANKNIFTY29SEP2657500CE,57500.0,CE,29SEP2026,1132.05,1135.2,1130.0,1130.0,7
2026-08-21 14:34:00,BANKNIFTY29SEP2657500PE,57500.0,PE,29SEP2026,584.0,586.0,584.0,586.0,22
2026-08-21 14:35:00,BANKNIFTY29SEP2655500PE,55500.0,PE,29SEP2026,156.0,156.0,156.0,156.0,4
2026-08-21 14:35:00,BANKNIFTY29SEP2656000PE,56000.0,PE,29SEP2026,219.5,220.7,219.3,220.7,16
2026-08-21 14:35:00,BANKNIFTY29SEP2656400PE,56400.0,PE,29SEP2026,287.1,287.1,287.1,287.1,1
2026-08-21 14:35:00,BANKNIFTY29SEP2656500CE,56500.0,CE,29SEP2026,1840.0,1840.0,1840.0,1840.0,1
2026-08-21 14:35:00,BANKNIFTY29SEP2656500PE,56500.0,PE,29SEP2026,306.65,306.75,306.65,306.75,3
2026-08-21 14:35:00,BANKNIFTY29SEP2657000PE,57000.0,PE,29SEP2026,426.0,427.25,426.0,426.75,18
2026-08-21 14:35:00,BANKNIFTY29SEP2657300PE,57300.0,PE,29SEP2026,523.8,523.8,523.8,523.8,1
2026-08-21 14:35:00,BANKNIFTY29SEP2657500CE,57500.0,CE,29SEP2026,1128.0,1128.0,1125.95,1125.95,2
2026-08-21 14:35:00,BANKNIFTY29SEP2657500PE,57500.0,PE,29SEP2026,587.9,589.35,585.85,589.35,28
2026-08-21 14:36:00,BANKNIFTY29SEP2655500PE,55500.0,PE,29SEP2026,156.45,156.45,156.45,156.45,1
2026-08-21 14:36:00,BANKNIFTY29SEP2656000PE,56000.0,PE,29SEP2026,219.4,221.05,219.25,221.05,17
2026-08-21 14:36:00,BANKNIFTY29SEP2656500CE,56500.0,CE,29SEP2026,1845.6,1845.6,1845.6,1845.6,1
2026-08-21 14:36:00,BANKNIFTY29SEP2656500PE,56500.0,PE,29SEP2026,305.0,305.7,305.0,305.7,2
2026-08-21 14:36:00,BANKNIFTY29SEP2657000PE,57000.0,PE,29SEP2026,426.3,427.3,426.05,427.3,6
2026-08-21 14:36:00,BANKNIFTY29SEP2657300CE,57300.0,CE,29SEP2026,1263.15,1263.3,1263.15,1263.3,5
2026-08-21 14:36:00,BANKNIFTY29SEP2657500CE,57500.0,CE,29SEP2026,1128.35,1128.4,1128.35,1128.4,3
2026-08-21 14:36:00,BANKNIFTY29SEP2657500PE,57500.0,PE,29SEP2026,585.4,587.15,585.35,587.15,4
2026-08-21 14:37:00,BANKNIFTY29SEP2656000PE,56000.0,PE,29SEP2026,221.55,221.55,221.55,221.55,4
2026-08-21 14:37:00,BANKNIFTY29SEP2656200PE,56200.0,PE,29SEP2026,249.65,249.65,249.65,249.65,1
2026-08-21 14:37:00,BANKNIFTY29SEP2656500PE,56500.0,PE,29SEP2026,306.9,306.9,306.9,306.9,10
2026-08-21 14:37:00,BANKNIFTY29SEP2657000CE,57000.0,CE,29SEP2026,1460.1,1460.1,1460.1,1460.1,6
2026-08-21 14:37:00,BANKNIFTY29SEP2657000PE,57000.0,PE,29SEP2026,428.9,429.0,428.9,429.0,24
2026-08-21 14:37:00,BANKNIFTY29SEP2657200PE,57200.0,PE,29SEP2026,492.6,492.6,492.6,492.6,1
2026-08-21 14:37:00,BANKNIFTY29SEP2657300CE,57300.0,CE,29SEP2026,1263.3,1263.35,1263.3,1263.35,2
2026-08-21 14:37:00,BANKNIFTY29SEP2657300PE,57300.0,PE,29SEP2026,524.45,525.0,524.45,525.0,5
2026-08-21 14:37:00,BANKNIFTY29SEP2657500CE,57500.0,CE,29SEP2026,1128.6,1128.6,1128.45,1128.45,2
2026-08-21 14:37:00,BANKNIFTY29SEP2657500PE,57500.0,PE,29SEP2026,586.55,590.0,586.55,590.0,60
2026-08-21 14:38:00,BANKNIFTY29SEP2655500PE,55500.0,PE,29SEP2026,157.15,157.25,157.15,157.25,3
2026-08-21 14:38:00,BANKNIFTY29SEP2656000CE,56000.0,CE,29SEP2026,2241.2,2241.2,2240.6,2240.6,2
2026-08-21 14:38:00,BANKNIFTY29SEP2656000PE,56000.0,PE,29SEP2026,220.4,220.4,220.05,220.05,9
2026-08-21 14:38:00,BANKNIFTY29SEP2656500PE,56500.0,PE,29SEP2026,307.0,307.0,307.0,307.0,2
2026-08-21 14:38:00,BANKNIFTY29SEP2657000CE,57000.0,CE,29SEP2026,1461.0,1461.0,1460.0,1460.0,2
2026-08-21 14:38:00,BANKNIFTY29SEP2657000PE,57000.0,PE,29SEP2026,429.2,430.0,429.2,429.9,10
2026-08-21 14:38:00,BANKNIFTY29SEP2657100PE,57100.0,PE,29SEP2026,458.5,458.5,457.75,457.75,2
2026-08-21 14:38:00,BANKNIFTY29SEP2657300PE,57300.0,PE,29SEP2026,524.5,524.5,524.5,524.5,1
2026-08-21 14:38:00,BANKNIFTY29SEP2657500CE,57500.0,CE,29SEP2026,1125.85,1127.15,1120.75,1120.75,10
2026-08-21 14:38:00,BANKNIFTY29SEP2657500PE,57500.0,PE,29SEP2026,588.6,591.35,586.65,591.35,29
2026-08-21 14:39:00,BANKNIFTY29SEP2655500PE,55500.0,PE,29SEP2026,155.6,157.25,155.0,157.25,37
2026-08-21 14:39:00,BANKNIFTY29SEP2656000PE,56000.0,PE,29SEP2026,221.95,221.95,221.9,221.9,4
2026-08-21 14:39:00,BANKNIFTY29SEP2656500PE,56500.0,PE,29SEP2026,307.9,307.9,307.9,307.9,1
2026-08-21 14:39:00,BANKNIFTY29SEP2657000CE,57000.0,CE,29SEP2026,1459.05,1465.55,1459.05,1465.55,12
2026-08-21 14:39:00,BANKNIFTY29SEP2657000PE,57000.0,PE,29SEP2026,429.65,430.95,429.65,430.95,3
2026-08-21 14:39:00,BANKNIFTY29SEP2657500CE,57500.0,CE,29SEP2026,1123.75,1125.0,1121.7,1121.7,7
2026-08-21 14:39:00,BANKNIFTY29SEP2657500PE,57500.0,PE,29SEP2026,591.35,591.35,591.35,591.35,2
2026-08-21 14:40:00,BANKNIFTY29SEP2655500PE,55500.0,PE,29SEP2026,156.95,157.0,154.0,154.0,313
2026-08-21 14:40:00,BANKNIFTY29SEP2655800PE,55800.0,PE,29SEP2026,191.95,191.95,188.45,188.45,15
2026-08-21 14:40:00,BANKNIFTY29SEP2656000PE,56000.0,PE,29SEP2026,220.3,220.3,220.0,220.0,21
2026-08-21 14:40:00,BANKNIFTY29SEP2656200PE,56200.0,PE,29SEP2026,251.25,251.25,251.25,251.25,1
2026-08-21 14:40:00,BANKNIFTY29SEP2656500PE,56500.0,PE,29SEP2026,306.25,306.25,304.85,304.85,2
2026-08-21 14:40:00,BANKNIFTY29SEP2657000CE,57000.0,CE,29SEP2026,1458.05,1460.65,1458.05,1460.65,8
2026-08-21 14:40:00,BANKNIFTY29SEP2657000PE,57000.0,PE,29SEP2026,429.0,429.0,426.5,426.9,6
2026-08-21 14:40:00,BANKNIFTY29SEP2657300CE,57300.0,CE,29SEP2026,1260.95,1260.95,1260.95,1260.95,1
2026-08-21 14:40:00,BANKNIFTY29SEP2657300PE,57300.0,PE,29SEP2026,526.05,526.05,521.6,521.6,4
2026-08-21 14:40:00,BANKNIFTY29SEP2657400PE,57400.0,PE,29SEP2026,558.4,558.4,558.4,558.4,1
2026-08-21 14:40:00,BANKNIFTY29SEP2657500CE,57500.0,CE,29SEP2026,1121.15,1126.0,1121.15,1126.0,7
2026-08-21 14:40:00,BANKNIFTY29SEP2657500PE,57500.0,PE,29SEP2026,591.3,591.3,586.45,588.0,6
2026-08-21 14:41:00,BANKNIFTY29SEP2655500PE,55500.0,PE,29SEP2026,153.95,154.0,153.95,154.0,23
2026-08-21 14:41:00,BANKNIFTY29SEP2655800PE,55800.0,PE,29SEP2026,190.6,190.6,189.9,189.9,5
2026-08-21 14:41:00,BANKNIFTY29SEP2656000PE,56000.0,PE,29SEP2026,220.35,220.95,220.0,220.9,94
2026-08-21 14:41:00,BANKNIFTY29SEP2656500PE,56500.0,PE,29SEP2026,305.0,306.7,305.0,306.7,6
2026-08-21 14:41:00,BANKNIFTY29SEP2656600PE,56600.0,PE,29SEP2026,332.25,332.3,332.25,332.3,5
2026-08-21 14:41:00,BANKNIFTY29SEP2657000CE,57000.0,CE,29SEP2026,1460.65,1466.95,1460.65,1462.0,7
2026-08-21 14:41:00,BANKNIFTY29SEP2657100PE,57100.0,PE,29SEP2026,457.0,457.0,456.25,456.25,5
2026-08-21 14:41:00,BANKNIFTY29SEP2657300CE,57300.0,CE,29SEP2026,1262.8,1262.8,1262.75,1262.8,4
2026-08-21 14:41:00,BANKNIFTY29SEP2657500CE,57500.0,CE,29SEP2026,1126.0,1126.7,1123.55,1126.25,14
2026-08-21 14:41:00,BANKNIFTY29SEP2657500PE,57500.0,PE,29SEP2026,586.75,587.0,585.95,587.0,7
2026-08-21 14:42:00,BANKNIFTY29SEP2655500CE,55500.0,CE,29SEP2026,2662.0,2662.0,2662.0,2662.0,2
2026-08-21 14:42:00,BANKNIFTY29SEP2655500PE,55500.0,PE,29SEP2026,154.0,154.0,153.7,153.7,3
2026-08-21 14:42:00,BANKNIFTY29SEP2656000PE,56000.0,PE,29SEP2026,220.65,220.65,220.65,220.65,1
2026-08-21 14:42:00,BANKNIFTY29SEP2657000CE,57000.0,CE,29SEP2026,1461.05,1463.5,1461.05,1462.55,5
2026-08-21 14:42:00,BANKNIFTY29SEP2657000PE,57000.0,PE,29SEP2026,427.25,428.5,426.3,426.3,7
2026-08-21 14:42:00,BANKNIFTY29SEP2657200PE,57200.0,PE,29SEP2026,490.9,490.9,490.9,490.9,2
2026-08-21 14:42:00,BANKNIFTY29SEP2657300PE,57300.0,PE,29SEP2026,523.95,523.95,523.95,523.95,1
2026-08-21 14:42:00,BANKNIFTY29SEP2657400PE,57400.0,PE,29SEP2026,553.5,553.5,553.5,553.5,1
2026-08-21 14:42:00,BANKNIFTY29SEP2657500CE,57500.0,CE,29SEP2026,1124.45,1126.55,1123.85,1124.2,7
2026-08-21 14:42:00,BANKNIFTY29SEP2657500PE,57500.0,PE,29SEP2026,587.85,588.8,586.15,586.15,13
2026-08-21 14:43:00,BANKNIFTY29SEP2655800PE,55800.0,PE,29SEP2026,192.0,192.0,191.95,191.95,3
2026-08-21 14:43:00,BANKNIFTY29SEP2656000PE,56000.0,PE,29SEP2026,218.8,220.35,218.75,220.35,5
2026-08-21 14:43:00,BANKNIFTY29SEP2656500PE,56500.0,PE,29SEP2026,305.3,305.3,305.25,305.25,2
2026-08-21 14:43:00,BANKNIFTY29SEP2656700PE,56700.0,PE,29SEP2026,348.55,349.85,340.35,349.85,24
2026-08-21 14:43:00,BANKNIFTY29SEP2656900PE,56900.0,PE,29SEP2026,399.2,399.2,399.2,399.2,2
2026-08-21 14:43:00,BANKNIFTY29SEP2657000CE,57000.0,CE,29SEP2026,1461.2,1461.75,1460.45,1461.75,3
2026-08-21 14:43:00,BANKNIFTY29SEP2657000PE,57000.0,PE,29SEP2026,428.15,428.2,428.15,428.2,5
2026-08-21 14:43:00,BANKNIFTY29SEP2657200PE,57200.0,PE,29SEP2026,490.4,490.4,490.4,490.4,2
2026-08-21 14:43:00,BANKNIFTY29SEP2657300PE,57300.0,PE,29SEP2026,524.4,524.4,524.4,524.4,1
2026-08-21 14:43:00,BANKNIFTY29SEP2657400PE,57400.0,PE,29SEP2026,554.3,554.3,554.3,554.3,1
2026-08-21 14:43:00,BANKNIFTY29SEP2657500CE,57500.0,CE,29SEP2026,1128.2,1128.2,1123.85,1124.0,16
2026-08-21 14:43:00,BANKNIFTY29SEP2657500PE,57500.0,PE,29SEP2026,589.35,589.4,587.25,589.0,5
2026-08-21 14:44:00,BANKNIFTY29SEP2655500PE,55500.0,PE,29SEP2026,154.6,154.6,153.55,154.6,7
2026-08-21 14:44:00,BANKNIFTY29SEP2655800PE,55800.0,PE,29SEP2026,191.45,191.5,191.45,191.5,2
2026-08-21 14:44:00,BANKNIFTY29SEP2656000CE,56000.0,CE,29SEP2026,2232.0,2232.0,2231.0,2231.0,10
2026-08-21 14:44:00,BANKNIFTY29SEP2656000PE,56000.0,PE,29SEP2026,219.25,219.4,219.2,219.3,14
2026-08-21 14:44:00,BANKNIFTY29SEP2656500PE,56500.0,PE,29SEP2026,306.5,306.5,306.5,306.5,1
2026-08-21 14:44:00,BANKNIFTY29SEP2656600PE,56600.0,PE,29SEP2026,329.9,329.9,329.9,329.9,1
2026-08-21 14:44:00,BANKNIFTY29SEP2657000CE,57000.0,CE,29SEP2026,1461.55,1467.6,1461.55,1465.3,19
2026-08-21 14:44:00,BANKNIFTY29SEP2657000PE,57000.0,PE,29SEP2026,429.2,429.6,426.75,426.75,24
2026-08-21 14:44:00,BANKNIFTY29SEP2657300PE,57300.0,PE,29SEP2026,524.8,524.95,524.2,524.95,29
2026-08-21 14:44:00,BANKNIFTY29SEP2657500CE,57500.0,CE,29SEP2026,1124.0,1128.4,1124.0,1127.9,141
2026-08-21 14:44:00,BANKNIFTY29SEP2657500PE,57500.0,PE,29SEP2026,589.0,589.8,586.5,587.35,199
2026-08-21 14:45:00,BANKNIFTY29SEP2655500PE,55500.0,PE,29SEP2026,153.35,154.3,153.35,154.25,17
2026-08-21 14:45:00,BANKNIFTY29SEP2656000PE,56000.0,PE,29SEP2026,220.25,220.25,219.2,219.8,10
2026-08-21 14:45:00,BANKNIFTY29SEP2656500PE,56500.0,PE,29SEP2026,306.25,306.25,305.55,305.55,2
2026-08-21 14:45:00,BANKNIFTY29SEP2656700PE,56700.0,PE,29SEP2026,351.75,351.75,351.75,351.75,1
2026-08-21 14:45:00,BANKNIFTY29SEP2657000CE,57000.0,CE,29SEP2026,1466.5,1470.2,1462.05,1470.2,20
2026-08-21 14:45:00,BANKNIFTY29SEP2657000PE,57000.0,PE,29SEP2026,427.75,427.85,425.05,425.05,30
2026-08-21 14:45:00,BANKNIFTY29SEP2657100PE,57100.0,PE,29SEP2026,460.3,460.3,460.3,460.3,1
2026-08-21 14:45:00,BANKNIFTY29SEP2657200CE,57200.0,CE,29SEP2026,1320.75,1330.6,1320.65,1330.6,4
2026-08-21 14:45:00,BANKNIFTY29SEP2657200PE,57200.0,PE,29SEP2026,490.0,490.0,490.0,490.0,4
2026-08-21 14:45:00,BANKNIFTY29SEP2657300CE,57300.0,CE,29SEP2026,1262.8,1264.4,1262.8,1264.4,10
2026-08-21 14:45:00,BANKNIFTY29SEP2657300PE,57300.0,PE,29SEP2026,524.75,524.95,523.45,523.7,20
2026-08-21 14:45:00,BANKNIFTY29SEP2657400CE,57400.0,CE,29SEP2026,1188.65,1203.45,1188.65,1203.45,2
2026-08-21 14:45:00,BANKNIFTY29SEP2657400PE,57400.0,PE,29SEP2026,555.5,555.5,553.0,553.0,3
2026-08-21 14:45:00,BANKNIFTY29SEP2657500CE,57500.0,CE,29SEP2026,1127.95,1131.9,1123.5,1131.45,222
2026-08-21 14:45:00,BANKNIFTY29SEP2657500PE,57500.0,PE,29SEP2026,589.7,590.05,584.3,585.05,320
2026-08-21 14:46:00,BANKNIFTY29SEP2655500PE,55500.0,PE,29SEP2026,154.2,154.2,153.35,153.65,16
2026-08-21 14:46:00,BANKNIFTY29SEP2656000CE,56000.0,CE,29SEP2026,2255.05,2255.15,2255.05,2255.15,2
2026-08-21 14:46:00,BANKNIFTY29SEP2656000PE,56000.0,PE,29SEP2026,219.15,219.15,219.15,219.15,1
2026-08-21 14:46:00,BANKNIFTY29SEP2657000CE,57000.0,CE,29SEP2026,1472.7,1472.7,1472.15,1472.3,4
2026-08-21 14:46:00,BANKNIFTY29SEP2657000PE,57000.0,PE,29SEP2026,425.0,425.0,423.55,424.35,3
2026-08-21 14:46:00,BANKNIFTY29SEP2657300PE,57300.0,PE,29SEP2026,521.0,521.4,520.5,521.15,6
2026-08-21 14:46:00,BANKNIFTY29SEP2657500CE,57500.0,CE,29SEP2026,1130.8,1135.25,1129.6,1133.85,179
2026-08-21 14:46:00,BANKNIFTY29SEP2657500PE,57500.0,PE,29SEP2026,587.6,587.75,582.35,583.8,283
2026-08-21 14:47:00,BANKNIFTY29SEP2655500PE,55500.0,PE,29SEP2026,153.1,153.1,153.0,153.0,17
2026-08-21 14:47:00,BANKNIFTY29SEP2656000CE,56000.0,CE,29SEP2026,2239.1,2239.1,2238.0,2238.0,10
2026-08-21 14:47:00,BANKNIFTY29SEP2656000PE,56000.0,PE,29SEP2026,217.35,217.35,216.75,216.75,155
2026-08-21 14:47:00,BANKNIFTY29SEP2656500CE,56500.0,CE,29SEP2026,1835.0,1835.0,1835.0,1835.0,3
2026-08-21 14:47:00,BANKNIFTY29SEP2656500PE,56500.0,PE,29SEP2026,303.7,303.7,303.7,303.7,1
2026-08-21 14:47:00,BANKNIFTY29SEP2656600PE,56600.0,PE,29SEP2026,324.95,324.95,324.95,324.95,1
2026-08-21 14:47:00,BANKNIFTY29SEP2657000CE,57000.0,CE,29SEP2026,1474.55,1476.55,1466.05,1476.55,5
2026-08-21 14:47:00,BANKNIFTY29SEP2657000PE,57000.0,PE,29SEP2026,424.3,425.65,422.2,422.2,6
2026-08-21 14:47:00,BANKNIFTY29SEP2657100PE,57100.0,PE,29SEP2026,455.0,455.0,455.0,455.0,2
2026-08-21 14:47:00,BANKNIFTY29SEP2657300PE,57300.0,PE,29SEP2026,520.5,520.95,520.5,520.95,2
2026-08-21 14:47:00,BANKNIFTY29SEP2657400CE,57400.0,CE,29SEP2026,1204.2,1208.65,1194.75,1208.65,4
2026-08-21 14:47:00,BANKNIFTY29SEP2657400PE,57400.0,PE,29SEP2026,553.85,553.85,553.85,553.85,1
2026-08-21 14:47:00,BANKNIFTY29SEP2657500CE,57500.0,CE,29SEP2026,1134.6,1137.4,1132.25,1137.4,83
2026-08-21 14:47:00,BANKNIFTY29SEP2657500PE,57500.0,PE,29SEP2026,582.95,586.15,580.75,581.15,143
2026-08-21 14:48:00,BANKNIFTY29SEP2655500PE,55500.0,PE,29SEP2026,152.8,154.1,152.6,154.05,6
2026-08-21 14:48:00,BANKNIFTY29SEP2655900PE,55900.0,PE,29SEP2026,201.5,201.5,201.4,201.4,4
2026-08-21 14:48:00,BANKNIFTY29SEP2656000CE,56000.0,CE,29SEP2026,2244.0,2244.0,2244.0,2244.0,10
2026-08-21 14:48:00,BANKNIFTY29SEP2656000PE,56000.0,PE,29SEP2026,216.25,218.75,216.1,218.75,25
2026-08-21 14:48:00,BANKNIFTY29SEP2656500PE,56500.0,PE,29SEP2026,301.35,303.35,301.35,303.25,11
2026-08-21 14:48:00,BANKNIFTY29SEP2656600PE,56600.0,PE,29SEP2026,325.55,325.55,325.55,325.55,1
2026-08-21 14:48:00,BANKNIFTY29SEP2657000CE,57000.0,CE,29SEP2026,1475.0,1478.8,1474.15,1478.8,5
2026-08-21 14:48:00,BANKNIFTY29SEP2657000PE,57000.0,PE,29SEP2026,422.85,425.2,421.5,422.0,28
2026-08-21 14:48:00,BANKNIFTY29SEP2657200CE,57200.0,CE,29SEP2026,1331.1,1331.1,1331.1,1331.1,1
2026-08-21 14:48:00,BANKNIFTY29SEP2657500CE,57500.0,CE,29SEP2026,1137.35,1138.05,1133.6,1133.6,24
2026-08-21 14:48:00,BANKNIFTY29SEP2657500PE,57500.0,PE,29SEP2026,583.75,584.45,581.05,581.5,33
2026-08-21 14:49:00,BANKNIFTY29SEP2655500PE,55500.0,PE,29SEP2026,153.6,153.85,153.6,153.85,2
2026-08-21 14:49:00,BANKNIFTY29SEP2656000PE,56000.0,PE,29SEP2026,217.55,217.8,217.55,217.8,3
2026-08-21 14:49:00,BANKNIFTY29SEP2656500PE,56500.0,PE,29SEP2026,305.85,306.5,305.0,305.0,13
2026-08-21 14:49:00,BANKNIFTY29SEP2657000PE,57000.0,PE,29SEP2026,424.25,428.05,424.25,428.05,2
2026-08-21 14:49:00,BANKNIFTY29SEP2657300PE,57300.0,PE,29SEP2026,520.95,520.95,520.95,520.95,4
2026-08-21 14:49:00,BANKNIFTY29SEP2657400PE,57400.0,PE,29SEP2026,555.75,555.8,555.75,555.8,3
2026-08-21 14:49:00,BANKNIFTY29SEP2657500CE,57500.0,CE,29SEP2026,1133.0,1133.0,1130.0,1130.0,9
2026-08-21 14:49:00,BANKNIFTY29SEP2657500PE,57500.0,PE,29SEP2026,586.7,586.75,586.1,586.1,11
2026-08-21 14:50:00,BANKNIFTY29SEP2655500PE,55500.0,PE,29SEP2026,153.75,153.75,153.6,153.6,4
2026-08-21 14:50:00,BANKNIFTY29SEP2656000CE,56000.0,CE,29SEP2026,2249.75,2251.45,2249.75,2251.4,12
2026-08-21 14:50:00,BANKNIFTY29SEP2656000PE,56000.0,PE,29SEP2026,219.15,219.5,219.0,219.5,8
2026-08-21 14:50:00,BANKNIFTY29SEP2656200PE,56200.0,PE,29SEP2026,247.8,247.8,247.8,247.8,1
2026-08-21 14:50:00,BANKNIFTY29SEP2656500CE,56500.0,CE,29SEP2026,1842.0,1842.0,1842.0,1842.0,1
2026-08-21 14:50:00,BANKNIFTY29SEP2656500PE,56500.0,PE,29SEP2026,305.0,305.0,305.0,305.0,8
2026-08-21 14:50:00,BANKNIFTY29SEP2656900PE,56900.0,PE,29SEP2026,401.45,401.45,401.45,401.45,1
2026-08-21 14:50:00,BANKNIFTY29SEP2657000PE,57000.0,PE,29SEP2026,427.95,428.1,427.0,427.0,4
2026-08-21 14:50:00,BANKNIFTY29SEP2657400CE,57400.0,CE,29SEP2026,1194.05,1194.05,1194.05,1194.05,1
2026-08-21 14:50:00,BANKNIFTY29SEP2657500CE,57500.0,CE,29SEP2026,1132.8,1132.8,1132.8,1132.8,1
2026-08-21 14:50:00,BANKNIFTY29SEP2657500PE,57500.0,PE,29SEP2026,586.5,586.5,586.5,586.5,3
2026-08-21 14:51:00,BANKNIFTY29SEP2656000PE,56000.0,PE,29SEP2026,219.0,219.1,218.0,218.55,25
2026-08-21 14:51:00,BANKNIFTY29SEP2656500CE,56500.0,CE,29SEP2026,1848.5,1848.5,1848.5,1848.5,1
2026-08-21 14:51:00,BANKNIFTY29SEP2656500PE,56500.0,PE,29SEP2026,303.95,303.95,303.95,303.95,1
2026-08-21 14:51:00,BANKNIFTY29SEP2657000CE,57000.0,CE,29SEP2026,1475.75,1475.75,1472.7,1472.7,2
2026-08-21 14:51:00,BANKNIFTY29SEP2657000PE,57000.0,PE,29SEP2026,425.25,426.95,423.1,423.25,39
2026-08-21 14:51:00,BANKNIFTY29SEP2657200PE,57200.0,PE,29SEP2026,486.75,488.55,485.6,488.55,7
2026-08-21 14:51:00,BANKNIFTY29SEP2657300CE,57300.0,CE,29SEP2026,1268.75,1268.8,1268.75,1268.8,2
2026-08-21 14:51:00,BANKNIFTY29SEP2657300PE,57300.0,PE,29SEP2026,520.95,520.95,520.95,520.95,2
2026-08-21 14:51:00,BANKNIFTY29SEP2657400PE,57400.0,PE,29SEP2026,551.75,551.75,551.15,551.15,3
2026-08-21 14:51:00,BANKNIFTY29SEP2657500CE,57500.0,CE,29SEP2026,1130.0,1135.3,1130.0,1131.6,13
2026-08-21 14:51:00,BANKNIFTY29SEP2657500PE,57500.0,PE,29SEP2026,583.2,583.2,583.2,583.2,1
2026-08-21 14:52:00,BANKNIFTY29SEP2655500PE,55500.0,PE,29SEP2026,154.3,154.3,154.3,154.3,1
2026-08-21 14:52:00,BANKNIFTY29SEP2656000CE,56000.0,CE,29SEP2026,2237.45,2244.9,2237.0,2244.9,11
2026-08-21 14:52:00,BANKNIFTY29SEP2656000PE,56000.0,PE,29SEP2026,217.2,217.2,217.15,217.2,4
2026-08-21 14:52:00,BANKNIFTY29SEP2656500PE,56500.0,PE,29SEP2026,303.25,303.25,303.25,303.25,2
2026-08-21 14:52:00,BANKNIFTY29SEP2656700PE,56700.0,PE,29SEP2026,349.5,349.5,349.5,349.5,1
2026-08-21 14:52:00,BANKNIFTY29SEP2657000CE,57000.0,CE,29SEP2026,1470.2,1470.2,1470.2,1470.2,1
2026-08-21 14:52:00,BANKNIFTY29SEP2657000PE,57000.0,PE,29SEP2026,425.55,427.3,423.8,427.2,44
2026-08-21 14:52:00,BANKNIFTY29SEP2657200CE,57200.0,CE,29SEP2026,1331.1,1331.1,1331.1,1331.1,1
2026-08-21 14:52:00,BANKNIFTY29SEP2657300PE,57300.0,PE,29SEP2026,521.7,521.7,521.7,521.7,1
2026-08-21 14:52:00,BANKNIFTY29SEP2657500CE,57500.0,CE,29SEP2026,1131.4,1134.5,1128.35,1131.55,21
2026-08-21 14:52:00,BANKNIFTY29SEP2657500PE,57500.0,PE,29SEP2026,584.05,586.25,583.45,583.9,22
2026-08-21 14:53:00,BANKNIFTY29SEP2655500PE,55500.0,PE,29SEP2026,153.9,153.95,153.9,153.95,2
2026-08-21 14:53:00,BANKNIFTY29SEP2656000CE,56000.0,CE,29SEP2026,2234.4,2234.4,2234.4,2234.4,5
2026-08-21 14:53:00,BANKNIFTY29SEP2656500PE,56500.0,PE,29SEP2026,304.95,304.95,304.95,304.95,1
2026-08-21 14:53:00,BANKNIFTY29SEP2656800PE,56800.0,PE,29SEP2026,372.1,372.1,372.1,372.1,1
2026-08-21 14:53:00,BANKNIFTY29SEP2657000CE,57000.0,CE,29SEP2026,1469.65,1469.65,1469.65,1469.65,1
2026-08-21 14:53:00,BANKNIFTY29SEP2657000PE,57000.0,PE,29SEP2026,426.3,426.3,424.05,424.05,2
2026-08-21 14:53:00,BANKNIFTY29SEP2657200PE,57200.0,PE,29SEP2026,488.9,488.9,488.9,488.9,4
2026-08-21 14:53:00,BANKNIFTY29SEP2657300CE,57300.0,CE,29SEP2026,1267.65,1267.65,1267.65,1267.65,1
2026-08-21 14:53:00,BANKNIFTY29SEP2657500CE,57500.0,CE,29SEP2026,1130.35,1132.8,1127.6,1127.6,16
2026-08-21 14:53:00,BANKNIFTY29SEP2657500PE,57500.0,PE,29SEP2026,584.35,587.8,583.7,587.8,17
2026-08-21 14:54:00,BANKNIFTY29SEP2655500PE,55500.0,PE,29SEP2026,153.3,153.65,153.0,153.65,13
2026-08-21 14:54:00,BANKNIFTY29SEP2656000PE,56000.0,PE,29SEP2026,217.75,217.75,217.75,217.75,1
2026-08-21 14:54:00,BANKNIFTY29SEP2656500PE,56500.0,PE,29SEP2026,305.0,305.75,304.65,305.55,97
2026-08-21 14:54:00,BANKNIFTY29SEP2657000CE,57000.0,CE,29SEP2026,1468.85,1470.5,1466.65,1466.65,20
2026-08-21 14:54:00,BANKNIFTY29SEP2657000PE,57000.0,PE,29SEP2026,425.35,426.2,425.05,425.05,22
2026-08-21 14:54:00,BANKNIFTY29SEP2657300CE,57300.0,CE,29SEP2026,1264.2,1264.2,1264.2,1264.2,1
2026-08-21 14:54:00,BANKNIFTY29SEP2657400CE,57400.0,CE,29SEP2026,1190.0,1190.0,1190.0,1190.0,1
2026-08-21 14:54:00,BANKNIFTY29SEP2657400PE,57400.0,PE,29SEP2026,555.65,555.7,555.65,555.7,2
2026-08-21 14:54:00,BANKNIFTY29SEP2657500CE,57500.0,CE,29SEP2026,1129.75,1132.15,1128.1,1128.45,24
2026-08-21 14:54:00,BANKNIFTY29SEP2657500PE,57500.0,PE,29SEP2026,585.05,588.0,583.6,585.8,46
2026-08-21 14:55:00,BANKNIFTY29SEP2655500PE,55500.0,PE,29SEP2026,153.7,154.2,153.7,153.85,10
2026-08-21 14:55:00,BANKNIFTY29SEP2656000CE,56000.0,CE,29SEP2026,2242.0,2242.0,2242.0,2242.0,6
2026-08-21 14:55:00,BANKNIFTY29SEP2656000PE,56000.0,PE,29SEP2026,219.3,220.0,219.3,220.0,5
2026-08-21 14:55:00,BANKNIFTY29SEP2656500PE,56500.0,PE,29SEP2026,305.35,306.0,305.2,306.0,64
2026-08-21 14:55:00,BANKNIFTY29SEP2656800PE,56800.0,PE,29SEP2026,372.35,372.35,372.35,372.35,1
2026-08-21 14:55:00,BANKNIFTY29SEP2656900PE,56900.0,PE,29SEP2026,396.95,396.95,396.95,396.95,1
2026-08-21 14:55:00,BANKNIFTY29SEP2657000PE,57000.0,PE,29SEP2026,425.0,425.3,424.4,425.3,7
2026-08-21 14:55:00,BANKNIFTY29SEP2657100PE,57100.0,PE,29SEP2026,458.35,458.35,458.35,458.35,1
2026-08-21 14:55:00,BANKNIFTY29SEP2657300CE,57300.0,CE,29SEP2026,1266.5,1266.95,1266.5,1266.95,4
2026-08-21 14:55:00,BANKNIFTY29SEP2657300PE,57300.0,PE,29SEP2026,523.0,523.8,522.6,523.6,32
2026-08-21 14:55:00,BANKNIFTY29SEP2657500CE,57500.0,CE,29SEP2026,1130.7,1133.1,1126.8,1130.25,245
2026-08-21 14:55:00,BANKNIFTY29SEP2657500PE,57500.0,PE,29SEP2026,587.8,589.3,584.5,586.7,288
2026-08-21 14:56:00,BANKNIFTY29SEP2655500PE,55500.0,PE,29SEP2026,153.95,154.85,153.45,153.45,15
2026-08-21 14:56:00,BANKNIFTY29SEP2656000PE,56000.0,PE,29SEP2026,219.85,220.0,217.75,217.75,145
2026-08-21 14:56:00,BANKNIFTY29SEP2656500CE,56500.0,CE,29SEP2026,1835.05,1835.05,1835.0,1835.0,2
2026-08-21 14:56:00,BANKNIFTY29SEP2656500PE,56500.0,PE,29SEP2026,306.0,306.45,305.7,305.7,60
2026-08-21 14:56:00,BANKNIFTY29SEP2657000CE,57000.0,CE,29SEP2026,1473.0,1473.0,1473.0,1473.0,4
2026-08-21 14:56:00,BANKNIFTY29SEP2657000PE,57000.0,PE,29SEP2026,426.0,426.0,426.0,426.0,5
2026-08-21 14:56:00,BANKNIFTY29SEP2657300PE,57300.0,PE,29SEP2026,524.0,524.0,524.0,524.0,2
2026-08-21 14:56:00,BANKNIFTY29SEP2657500CE,57500.0,CE,29SEP2026,1130.25,1134.45,1129.3,1132.95,111
2026-08-21 14:56:00,BANKNIFTY29SEP2657500PE,57500.0,PE,29SEP2026,586.8,589.25,584.15,584.65,183
2026-08-21 14:57:00,BANKNIFTY29SEP2655500PE,55500.0,PE,29SEP2026,153.2,153.65,153.0,153.1,17
2026-08-21 14:57:00,BANKNIFTY29SEP2655900PE,55900.0,PE,29SEP2026,206.2,206.2,206.2,206.2,1
2026-08-21 14:57:00,BANKNIFTY29SEP2656000PE,56000.0,PE,29SEP2026,217.9,218.4,217.55,217.75,49
2026-08-21 14:57:00,BANKNIFTY29SEP2656500PE,56500.0,PE,29SEP2026,304.85,305.9,304.25,305.9,9
2026-08-21 14:57:00,BANKNIFTY29SEP2657000CE,57000.0,CE,29SEP2026,1468.75,1470.55,1468.75,1470.55,5
2026-08-21 14:57:00,BANKNIFTY29SEP2657000PE,57000.0,PE,29SEP2026,427.75,427.75,425.0,425.55,12
2026-08-21 14:57:00,BANKNIFTY29SEP2657300PE,57300.0,PE,29SEP2026,523.5,523.5,523.45,523.45,4
2026-08-21 14:57:00,BANKNIFTY29SEP2657500CE,57500.0,CE,29SEP2026,1133.05,1133.25,1127.45,1131.05,125
2026-08-21 14:57:00,BANKNIFTY29SEP2657500PE,57500.0,PE,29SEP2026,587.1,588.75,584.6,585.35,241
2026-08-21 14:58:00,BANKNIFTY29SEP2655500PE,55500.0,PE,29SEP2026,153.1,154.25,152.8,153.15,62
2026-08-21 14:58:00,BANKNIFTY29SEP2656000PE,56000.0,PE,29SEP2026,217.3,219.0,217.15,217.55,53
2026-08-21 14:58:00,BANKNIFTY29SEP2656200PE,56200.0,PE,29SEP2026,249.95,250.0,249.95,250.0,3
2026-08-21 14:58:00,BANKNIFTY29SEP2656400PE,56400.0,PE,29SEP2026,287.1,287.1,287.1,287.1,1
2026-08-21 14:58:00,BANKNIFTY29SEP2656500PE,56500.0,PE,29SEP2026,305.5,305.7,303.85,305.0,7
2026-08-21 14:58:00,BANKNIFTY29SEP2657000CE,57000.0,CE,29SEP2026,1470.3,1472.3,1468.2,1468.2,10
2026-08-21 14:58:00,BANKNIFTY29SEP2657000PE,57000.0,PE,29SEP2026,425.5,427.9,425.25,427.9,22
2026-08-21 14:58:00,BANKNIFTY29SEP2657300PE,57300.0,PE,29SEP2026,522.45,523.5,522.4,523.5,9
2026-08-21 14:58:00,BANKNIFTY29SEP2657500CE,57500.0,CE,29SEP2026,1131.9,1134.5,1126.1,1129.65,183
2026-08-21 14:58:00,BANKNIFTY29SEP2657500PE,57500.0,PE,29SEP2026,587.6,588.1,585.0,587.9,321
2026-08-21 14:59:00,BANKNIFTY29SEP2655500PE,55500.0,PE,29SEP2026,152.65,153.0,152.25,152.35,89
2026-08-21 14:59:00,BANKNIFTY29SEP2656000CE,56000.0,CE,29SEP2026,2242.0,2244.0,2242.0,2244.0,9
2026-08-21 14:59:00,BANKNIFTY29SEP2656000PE,56000.0,PE,29SEP2026,217.55,218.55,217.25,217.95,91
2026-08-21 14:59:00,BANKNIFTY29SEP2656500PE,56500.0,PE,29SEP2026,305.0,305.55,305.0,305.0,9
2026-08-21 14:59:00,BANKNIFTY29SEP2657000PE,57000.0,PE,29SEP2026,427.65,427.65,427.65,427.65,1
2026-08-21 14:59:00,BANKNIFTY29SEP2657500CE,57500.0,CE,29SEP2026,1130.15,1131.6,1127.25,1130.85,17
2026-08-21 14:59:00,BANKNIFTY29SEP2657500PE,57500.0,PE,29SEP2026,585.1,585.7,585.0,585.3,36
2026-08-21 15:00:00,BANKNIFTY29SEP2655500PE,55500.0,PE,29SEP2026,152.3,153.2,151.75,153.0,219
2026-08-21 15:00:00,BANKNIFTY29SEP2656000CE,56000.0,CE,29SEP2026,2246.3,2246.3,2245.0,2245.35,24
2026-08-21 15:00:00,BANKNIFTY29SEP2656000PE,56000.0,PE,29SEP2026,217.55,217.55,216.75,216.8,197
2026-08-21 15:00:00,BANKNIFTY29SEP2656200PE,56200.0,PE,29SEP2026,249.55,249.55,249.0,249.0,2
2026-08-21 15:00:00,BANKNIFTY29SEP2656400PE,56400.0,PE,29SEP2026,287.75,288.1,287.75,288.1,15
2026-08-21 15:00:00,BANKNIFTY29SEP2656500PE,56500.0,PE,29SEP2026,304.3,304.95,303.15,303.45,72
2026-08-21 15:00:00,BANKNIFTY29SEP2656700PE,56700.0,PE,29SEP2026,349.0,349.0,348.0,348.0,20
2026-08-21 15:00:00,BANKNIFTY29SEP2657000CE,57000.0,CE,29SEP2026,1469.75,1469.75,1467.0,1468.35,21
2026-08-21 15:00:00,BANKNIFTY29SEP2657000PE,57000.0,PE,29SEP2026,425.5,428.0,425.0,425.15,54
2026-08-21 15:00:00,BANKNIFTY29SEP2657300PE,57300.0,PE,29SEP2026,524.0,524.0,523.9,524.0,6
2026-08-21 15:00:00,BANKNIFTY29SEP2657500CE,57500.0,CE,29SEP2026,1131.25,1131.25,1125.05,1128.75,103
2026-08-21 15:00:00,BANKNIFTY29SEP2657500PE,57500.0,PE,29SEP2026,585.65,589.0,585.65,586.6,157
2026-08-21 15:01:00,BANKNIFTY29SEP2655500CE,55500.0,CE,29SEP2026,2678.15,2678.15,2678.15,2678.15,1
2026-08-21 15:01:00,BANKNIFTY29SEP2655500PE,55500.0,PE,29SEP2026,151.85,152.85,151.4,152.5,68
2026-08-21 15:01:00,BANKNIFTY29SEP2655800PE,55800.0,PE,29SEP2026,188.55,189.3,188.55,189.3,6
2026-08-21 15:01:00,BANKNIFTY29SEP2655900PE,55900.0,PE,29SEP2026,201.05,201.05,201.05,201.05,1
2026-08-21 15:01:00,BANKNIFTY29SEP2656000CE,56000.0,CE,29SEP2026,2230.4,2231.5,2230.4,2231.5,2
2026-08-21 15:01:00,BANKNIFTY29SEP2656000PE,56000.0,PE,29SEP2026,216.8,216.8,215.5,215.5,180
2026-08-21 15:01:00,BANKNIFTY29SEP2656200PE,56200.0,PE,29SEP2026,248.8,248.8,248.8,248.8,1
2026-08-21 15:01:00,BANKNIFTY29SEP2656500PE,56500.0,PE,29SEP2026,303.5,304.2,302.9,303.1,33
2026-08-21 15:01:00,BANKNIFTY29SEP2656700PE,56700.0,PE,29SEP2026,346.65,346.65,346.65,346.65,1
2026-08-21 15:01:00,BANKNIFTY29SEP2657000CE,57000.0,CE,29SEP2026,1467.05,1467.2,1464.75,1464.75,6
2026-08-21 15:01:00,BANKNIFTY29SEP2657000PE,57000.0,PE,29SEP2026,425.15,427.75,424.5,426.0,46
2026-08-21 15:01:00,BANKNIFTY29SEP2657200PE,57200.0,PE,29SEP2026,487.6,487.6,487.6,487.6,1
2026-08-21 15:01:00,BANKNIFTY29SEP2657300CE,57300.0,CE,29SEP2026,1255.0,1255.0,1255.0,1255.0,1
2026-08-21 15:01:00,BANKNIFTY29SEP2657300PE,57300.0,PE,29SEP2026,523.9,523.9,523.45,523.45,2
2026-08-21 15:01:00,BANKNIFTY29SEP2657400PE,57400.0,PE,29SEP2026,553.7,556.05,553.5,555.85,11
2026-08-21 15:01:00,BANKNIFTY29SEP2657500CE,57500.0,CE,29SEP2026,1128.75,1128.75,1123.15,1125.15,100
2026-08-21 15:01:00,BANKNIFTY29SEP2657500PE,57500.0,PE,29SEP2026,586.65,588.6,586.6,586.9,139
2026-08-21 15:02:00,BANKNIFTY29SEP2655500CE,55500.0,CE,29SEP2026,2677.75,2684.7,2677.7,2684.05,6
2026-08-21 15:02:00,BANKNIFTY29SEP2655500PE,55500.0,PE,29SEP2026,151.55,152.5,151.0,151.0,83
2026-08-21 15:02:00,BANKNIFTY29SEP2655800PE,55800.0,PE,29SEP2026,188.05,188.15,188.05,188.15,2
2026-08-21 15:02:00,BANKNIFTY29SEP2655900PE,55900.0,PE,29SEP2026,200.8,200.85,200.0,200.0,14
2026-08-21 15:02:00,BANKNIFTY29SEP2656000CE,56000.0,CE,29SEP2026,2247.6,2248.1,2247.6,2248.1,8
2026-08-21 15:02:00,BANKNIFTY29SEP2656000PE,56000.0,PE,29SEP2026,215.45,215.65,213.75,215.65,267
2026-08-21 15:02:00,BANKNIFTY29SEP2656200PE,56200.0,PE,29SEP2026,250.35,250.35,246.7,248.4,6
2026-08-21 15:02:00,BANKNIFTY29SEP2656300PE,56300.0,PE,29SEP2026,268.6,268.6,268.6,268.6,1
2026-08-21 15:02:00,BANKNIFTY29SEP2656500PE,56500.0,PE,29SEP2026,302.9,303.2,302.05,303.2,72
2026-08-21 15:02:00,BANKNIFTY29SEP2657000CE,57000.0,CE,29SEP2026,1463.3,1468.95,1463.3,1465.6,20
2026-08-21 15:02:00,BANKNIFTY29SEP2657000PE,57000.0,PE,29SEP2026,425.25,426.75,422.15,422.3,41
2026-08-21 15:02:00,BANKNIFTY29SEP2657200PE,57200.0,PE,29SEP2026,488.5,488.9,485.8,486.25,23
2026-08-21 15:02:00,BANKNIFTY29SEP2657300PE,57300.0,PE,29SEP2026,523.35,523.35,523.35,523.35,1
2026-08-21 15:02:00,BANKNIFTY29SEP2657400PE,57400.0,PE,29SEP2026,553.3,554.4,551.45,553.55,24
2026-08-21 15:02:00,BANKNIFTY29SEP2657500CE,57500.0,CE,29SEP2026,1126.1,1130.55,1123.7,1127.65,78
2026-08-21 15:02:00,BANKNIFTY29SEP2657500PE,57500.0,PE,29SEP2026,588.5,588.5,582.4,583.6,146
2026-08-21 15:03:00,BANKNIFTY29SEP2655500PE,55500.0,PE,29SEP2026,151.0,152.55,150.9,152.4,81
2026-08-21 15:03:00,BANKNIFTY29SEP2656000CE,56000.0,CE,29SEP2026,2247.05,2247.1,2227.3,2246.25,13
2026-08-21 15:03:00,BANKNIFTY29SEP2656000PE,56000.0,PE,29SEP2026,215.55,216.05,214.0,216.05,14
2026-08-21 15:03:00,BANKNIFTY29SEP2656200PE,56200.0,PE,29SEP2026,248.15,248.15,248.15,248.15,1
2026-08-21 15:03:00,BANKNIFTY29SEP2656400PE,56400.0,PE,29SEP2026,283.4,292.7,283.25,292.7,11
2026-08-21 15:03:00,BANKNIFTY29SEP2656500CE,56500.0,CE,29SEP2026,1838.7,1838.75,1830.05,1830.05,3
2026-08-21 15:03:00,BANKNIFTY29SEP2656500PE,56500.0,PE,29SEP2026,302.9,302.9,302.9,302.9,2
2026-08-21 15:03:00,BANKNIFTY29SEP2657000PE,57000.0,PE,29SEP2026,424.0,424.9,423.35,423.4,6
2026-08-21 15:03:00,BANKNIFTY29SEP2657200PE,57200.0,PE,29SEP2026,486.15,486.65,485.5,485.6,7
2026-08-21 15:03:00,BANKNIFTY29SEP2657300PE,57300.0,PE,29SEP2026,521.75,522.0,521.45,522.0,3
2026-08-21 15:03:00,BANKNIFTY29SEP2657400PE,57400.0,PE,29SEP2026,554.65,555.0,554.35,554.35,14
2026-08-21 15:03:00,BANKNIFTY29SEP2657500CE,57500.0,CE,29SEP2026,1123.75,1126.05,1123.45,1125.35,29
2026-08-21 15:03:00,BANKNIFTY29SEP2657500PE,57500.0,PE,29SEP2026,584.9,586.8,584.05,584.3,50
2026-08-21 15:04:00,BANKNIFTY29SEP2655500PE,55500.0,PE,29SEP2026,152.45,153.8,152.45,153.75,118
2026-08-21 15:04:00,BANKNIFTY29SEP2655900PE,55900.0,PE,29SEP2026,199.85,199.85,199.8,199.8,2
2026-08-21 15:04:00,BANKNIFTY29SEP2656000CE,56000.0,CE,29SEP2026,2243.0,2243.0,2235.0,2235.0,5
2026-08-21 15:04:00,BANKNIFTY29SEP2656000PE,56000.0,PE,29SEP2026,216.05,218.05,215.75,217.9,131
2026-08-21 15:04:00,BANKNIFTY29SEP2656200PE,56200.0,PE,29SEP2026,249.1,250.0,249.1,249.65,5
2026-08-21 15:04:00,BANKNIFTY29SEP2656300PE,56300.0,PE,29SEP2026,267.35,267.4,267.35,267.4,6
2026-08-21 15:04:00,BANKNIFTY29SEP2656400PE,56400.0,PE,29SEP2026,285.2,286.6,285.2,286.55,18
2026-08-21 15:04:00,BANKNIFTY29SEP2656500CE,56500.0,CE,29SEP2026,1830.0,1830.0,1830.0,1830.0,1
2026-08-21 15:04:00,BANKNIFTY29SEP2656500PE,56500.0,PE,29SEP2026,303.0,305.0,303.0,304.8,24
2026-08-21 15:04:00,BANKNIFTY29SEP2656700PE,56700.0,PE,29SEP2026,347.2,347.2,347.15,347.15,2
2026-08-21 15:04:00,BANKNIFTY29SEP2656800PE,56800.0,PE,29SEP2026,376.15,376.3,376.15,376.3,5
2026-08-21 15:04:00,BANKNIFTY29SEP2657000CE,57000.0,CE,29SEP2026,1465.4,1466.45,1462.95,1466.45,18
2026-08-21 15:04:00,BANKNIFTY29SEP2657000PE,57000.0,PE,29SEP2026,424.75,427.75,423.55,424.75,94
2026-08-21 15:04:00,BANKNIFTY29SEP2657200PE,57200.0,PE,29SEP2026,488.55,491.0,485.25,485.45,21
2026-08-21 15:04:00,BANKNIFTY29SEP2657300CE,57300.0,CE,29SEP2026,1255.6,1255.6,1255.6,1255.6,1
2026-08-21 15:04:00,BANKNIFTY29SEP2657400PE,57400.0,PE,29SEP2026,556.0,558.25,554.35,555.0,33
2026-08-21 15:04:00,BANKNIFTY29SEP2657500CE,57500.0,CE,29SEP2026,1126.85,1127.65,1119.0,1124.2,164
2026-08-21 15:04:00,BANKNIFTY29SEP2657500PE,57500.0,PE,29SEP2026,586.15,587.7,584.35,585.55,291
2026-08-21 15:05:00,BANKNIFTY29SEP2655500PE,55500.0,PE,29SEP2026,153.75,154.45,153.75,154.4,59
2026-08-21 15:05:00,BANKNIFTY29SEP2656000CE,56000.0,CE,29SEP2026,2230.0,2230.0,2230.0,2230.0,2
2026-08-21 15:05:00,BANKNIFTY29SEP2656000PE,56000.0,PE,29SEP2026,217.9,218.7,217.3,218.1,39
2026-08-21 15:05:00,BANKNIFTY29SEP2656200PE,56200.0,PE,29SEP2026,249.5,249.5,249.5,249.5,1
2026-08-21 15:05:00,BANKNIFTY29SEP2656300PE,56300.0,PE,29SEP2026,262.5,262.5,260.0,260.0,17
2026-08-21 15:05:00,BANKNIFTY29SEP2656500PE,56500.0,PE,29SEP2026,305.1,305.5,302.75,304.65,63
2026-08-21 15:05:00,BANKNIFTY29SEP2656700PE,56700.0,PE,29SEP2026,349.25,349.25,349.25,349.25,1
2026-08-21 15:05:00,BANKNIFTY29SEP2657000CE,57000.0,CE,29SEP2026,1459.75,1459.75,1459.75,1459.75,1
2026-08-21 15:05:00,BANKNIFTY29SEP2657000PE,57000.0,PE,29SEP2026,424.7,425.3,424.55,425.05,6
2026-08-21 15:05:00,BANKNIFTY29SEP2657200PE,57200.0,PE,29SEP2026,487.7,490.6,487.45,490.15,5
2026-08-21 15:05:00,BANKNIFTY29SEP2657300CE,57300.0,CE,29SEP2026,1253.05,1253.05,1253.05,1253.05,1
2026-08-21 15:05:00,BANKNIFTY29SEP2657300PE,57300.0,PE,29SEP2026,523.5,524.25,523.5,524.25,12
2026-08-21 15:05:00,BANKNIFTY29SEP2657400PE,57400.0,PE,29SEP2026,556.15,557.2,555.05,555.05,11
2026-08-21 15:05:00,BANKNIFTY29SEP2657500CE,57500.0,CE,29SEP2026,1124.05,1126.85,1120.65,1123.45,89
2026-08-21 15:05:00,BANKNIFTY29SEP2657500PE,57500.0,PE,29SEP2026,587.45,588.0,585.0,588.0,160
2026-08-21 15:06:00,BANKNIFTY29SEP2655500PE,55500.0,PE,29SEP2026,154.85,154.85,152.35,154.05,19
2026-08-21 15:06:00,BANKNIFTY29SEP2656000CE,56000.0,CE,29SEP2026,2227.4,2247.9,2227.4,2247.9,3
2026-08-21 15:06:00,BANKNIFTY29SEP2656000PE,56000.0,PE,29SEP2026,218.25,218.3,216.0,218.15,16
2026-08-21 15:06:00,BANKNIFTY29SEP2656300PE,56300.0,PE,29SEP2026,265.4,265.4,265.4,265.4,1
2026-08-21 15:06:00,BANKNIFTY29SEP2656500CE,56500.0,CE,29SEP2026,1830.0,1830.0,1830.0,1830.0,2
2026-08-21 15:06:00,BANKNIFTY29SEP2656500PE,56500.0,PE,29SEP2026,305.75,305.75,303.0,304.45,9
2026-08-21 15:06:00,BANKNIFTY29SEP2656600PE,56600.0,PE,29SEP2026,330.05,330.15,330.05,330.15,4
2026-08-21 15:06:00,BANKNIFTY29SEP2656700PE,56700.0,PE,29SEP2026,349.95,349.95,349.95,349.95,1
2026-08-21 15:06:00,BANKNIFTY29SEP2657000CE,57000.0,CE,29SEP2026,1460.2,1468.6,1460.2,1468.6,7
2026-08-21 15:06:00,BANKNIFTY29SEP2657000PE,57000.0,PE,29SEP2026,427.7,428.0,425.0,425.0,17
2026-08-21 15:06:00,BANKNIFTY29SEP2657200PE,57200.0,PE,29SEP2026,488.75,491.75,487.5,488.15,29
2026-08-21 15:06:00,BANKNIFTY29SEP2657300CE,57300.0,CE,29SEP2026,1253.05,1258.0,1253.05,1258.0,4
2026-08-21 15:06:00,BANKNIFTY29SEP2657300PE,57300.0,PE,29SEP2026,524.5,524.5,522.0,522.5,3
2026-08-21 15:06:00,BANKNIFTY29SEP2657400PE,57400.0,PE,29SEP2026,556.7,558.6,555.0,555.0,45
2026-08-21 15:06:00,BANKNIFTY29SEP2657500CE,57500.0,CE,29SEP2026,1122.75,1128.9,1120.5,1125.7,62
2026-08-21 15:06:00,BANKNIFTY29SEP2657500PE,57500.0,PE,29SEP2026,585.95,589.65,584.25,588.4,120
2026-08-21 15:07:00,BANKNIFTY29SEP2655500PE,55500.0,PE,29SEP2026,154.4,155.15,154.15,154.15,31
2026-08-21 15:07:00,BANKNIFTY29SEP2655800PE,55800.0,PE,29SEP2026,191.5,191.55,191.5,191.55,2
2026-08-21 15:07:00,BANKNIFTY29SEP2656000PE,56000.0,PE,29SEP2026,216.5,218.3,216.35,218.3,9
2026-08-21 15:07:00,BANKNIFTY29SEP2656300PE,56300.0,PE,29SEP2026,265.8,265.8,265.8,265.8,1
2026-08-21 15:07:00,BANKNIFTY29SEP2656500PE,56500.0,PE,29SEP2026,305.0,305.1,305.0,305.1,5
2026-08-21 15:07:00,BANKNIFTY29SEP2656900PE,56900.0,PE,29SEP2026,398.5,398.5,398.45,398.45,2
2026-08-21 15:07:00,BANKNIFTY29SEP2657000CE,57000.0,CE,29SEP2026,1464.0,1464.5,1459.55,1464.5,7
2026-08-21 15:07:00,BANKNIFTY29SEP2657000PE,57000.0,PE,29SEP2026,425.85,427.0,425.05,425.35,12
2026-08-21 15:07:00,BANKNIFTY29SEP2657200CE,57200.0,CE,29SEP2026,1318.05,1318.05,1318.05,1318.05,1
2026-08-21 15:07:00,BANKNIFTY29SEP2657200PE,57200.0,PE,29SEP2026,491.75,491.95,491.75,491.95,2
2026-08-21 15:07:00,BANKNIFTY29SEP2657300CE,57300.0,CE,29SEP2026,1253.0,1253.0,1253.0,1253.0,1
2026-08-21 15:07:00,BANKNIFTY29SEP2657400PE,57400.0,PE,29SEP2026,555.85,556.35,555.0,556.35,4
2026-08-21 15:07:00,BANKNIFTY29SEP2657500CE,57500.0,CE,29SEP2026,1125.6,1126.35,1118.0,1120.5,149
2026-08-21 15:07:00,BANKNIFTY29SEP2657500PE,57500.0,PE,29SEP2026,586.0,590.8,585.55,586.65,287
2026-08-21 15:08:00,BANKNIFTY29SEP2655500PE,55500.0,PE,29SEP2026,154.3,155.3,154.1,155.0,111
2026-08-21 15:08:00,BANKNIFTY29SEP2656000CE,56000.0,CE,29SEP2026,2227.3,2227.3,2227.3,2227.3,1
2026-08-21 15:08:00,BANKNIFTY29SEP2656000PE,56000.0,PE,29SEP2026,218.95,220.6,218.4,219.9,24
2026-08-21 15:08:00,BANKNIFTY29SEP2656200PE,56200.0,PE,29SEP2026,251.2,251.2,251.2,251.2,5
2026-08-21 15:08:00,BANKNIFTY29SEP2656300PE,56300.0,PE,29SEP2026,269.0,269.05,269.0,269.05,7
2026-08-21 15:08:00,BANKNIFTY29SEP2656500CE,56500.0,CE,29SEP2026,1827.0,1827.0,1825.0,1825.0,2
2026-08-21 15:08:00,BANKNIFTY29SEP2656500PE,56500.0,PE,29SEP2026,305.05,306.9,304.75,306.9,43
2026-08-21 15:08:00,BANKNIFTY29SEP2656700PE,56700.0,PE,29SEP2026,350.0,350.0,350.0,350.0,3
2026-08-21 15:08:00,BANKNIFTY29SEP2656900PE,56900.0,PE,29SEP2026,401.55,401.6,399.8,400.95,7
2026-08-21 15:08:00,BANKNIFTY29SEP2657000CE,57000.0,CE,29SEP2026,1462.5,1462.5,1450.1,1456.0,35
2026-08-21 15:08:00,BANKNIFTY29SEP2657000PE,57000.0,PE,29SEP2026,425.05,429.9,425.0,427.05,78
2026-08-21 15:08:00,BANKNIFTY29SEP2657200CE,57200.0,CE,29SEP2026,1318.0,1318.0,1318.0,1318.0,3
2026-08-21 15:08:00,BANKNIFTY29SEP2657200PE,57200.0,PE,29SEP2026,490.0,490.0,488.85,488.85,8
2026-08-21 15:08:00,BANKNIFTY29SEP2657300CE,57300.0,CE,29SEP2026,1253.05,1253.05,1253.0,1253.0,2
2026-08-21 15:08:00,BANKNIFTY29SEP2657300PE,57300.0,PE,29SEP2026,523.0,527.5,523.0,525.45,22
2026-08-21 15:08:00,BANKNIFTY29SEP2657400PE,57400.0,PE,29SEP2026,556.35,558.85,554.15,558.85,11
2026-08-21 15:08:00,BANKNIFTY29SEP2657500CE,57500.0,CE,29SEP2026,1120.75,1124.2,1117.0,1118.95,320
2026-08-21 15:08:00,BANKNIFTY29SEP2657500PE,57500.0,PE,29SEP2026,588.7,592.35,586.45,589.2,424
2026-08-21 15:09:00,BANKNIFTY29SEP2655500PE,55500.0,PE,29SEP2026,155.0,155.1,154.75,154.95,51
2026-08-21 15:09:00,BANKNIFTY29SEP2655800PE,55800.0,PE,29SEP2026,189.2,189.2,189.15,189.15,2
2026-08-21 15:09:00,BANKNIFTY29SEP2656000PE,56000.0,PE,29SEP2026,219.9,220.2,219.0,219.5,122
2026-08-21 15:09:00,BANKNIFTY29SEP2656500PE,56500.0,PE,29SEP2026,306.65,307.15,304.6,304.6,20
2026-08-21 15:09:00,BANKNIFTY29SEP2657000CE,57000.0,CE,29SEP2026,1457.0,1462.2,1456.9,1460.9,12
2026-08-21 15:09:00,BANKNIFTY29SEP2657000PE,57000.0,PE,29SEP2026,427.15,428.85,424.9,425.1,16
2026-08-21 15:09:00,BANKNIFTY29SEP2657200PE,57200.0,PE,29SEP2026,492.4,492.5,492.4,492.5,4
2026-08-21 15:09:00,BANKNIFTY29SEP2657300CE,57300.0,CE,29SEP2026,1253.95,1255.85,1253.95,1255.85,3
2026-08-21 15:09:00,BANKNIFTY29SEP2657300PE,57300.0,PE,29SEP2026,523.7,525.0,523.5,524.0,5
2026-08-21 15:09:00,BANKNIFTY29SEP2657400PE,57400.0,PE,29SEP2026,559.3,559.3,556.4,556.9,11
2026-08-21 15:09:00,BANKNIFTY29SEP2657500CE,57500.0,CE,29SEP2026,1119.95,1123.7,1118.0,1123.25,319
2026-08-21 15:09:00,BANKNIFTY29SEP2657500PE,57500.0,PE,29SEP2026,589.2,590.7,585.3,585.65,408
2026-08-21 15:10:00,BANKNIFTY29SEP2655500CE,55500.0,CE,29SEP2026,2649.05,2652.55,2649.05,2652.55,3
2026-08-21 15:10:00,BANKNIFTY29SEP2655500PE,55500.0,PE,29SEP2026,156.65,157.0,156.65,157.0,3
2026-08-21 15:10:00,BANKNIFTY29SEP2656000PE,56000.0,PE,29SEP2026,219.75,221.7,218.75,221.7,54
2026-08-21 15:10:00,BANKNIFTY29SEP2656500CE,56500.0,CE,29SEP2026,1829.3,1829.3,1829.3,1829.3,1
2026-08-21 15:10:00,BANKNIFTY29SEP2656500PE,56500.0,PE,29SEP2026,307.55,308.65,306.7,307.1,45
2026-08-21 15:10:00,BANKNIFTY29SEP2656800PE,56800.0,PE,29SEP2026,378.0,378.0,376.0,376.0,3
2026-08-21 15:10:00,BANKNIFTY29SEP2656900PE,56900.0,PE,29SEP2026,404.25,404.25,402.3,402.3,2
2026-08-21 15:10:00,BANKNIFTY29SEP2657000CE,57000.0,CE,29SEP2026,1462.05,1462.05,1453.05,1453.95,53
2026-08-21 15:10:00,BANKNIFTY29SEP2657000PE,57000.0,PE,29SEP2026,426.0,430.95,426.0,430.0,108
2026-08-21 15:10:00,BANKNIFTY29SEP2657100PE,57100.0,PE,29SEP2026,462.3,462.55,461.05,461.05,7
2026-08-21 15:10:00,BANKNIFTY29SEP2657200PE,57200.0,PE,29SEP2026,494.05,494.05,494.05,494.05,1
2026-08-21 15:10:00,BANKNIFTY29SEP2657300PE,57300.0,PE,29SEP2026,527.5,527.6,527.0,527.0,4
2026-08-21 15:10:00,BANKNIFTY29SEP2657500CE,57500.0,CE,29SEP2026,1122.85,1123.3,1118.0,1121.45,90
2026-08-21 15:10:00,BANKNIFTY29SEP2657500PE,57500.0,PE,29SEP2026,587.4,592.95,585.5,592.0,177
2026-08-21 15:11:00,BANKNIFTY29SEP2655500CE,55500.0,CE,29SEP2026,2644.55,2650.0,2644.55,2650.0,6
2026-08-21 15:11:00,BANKNIFTY29SEP2655500PE,55500.0,PE,29SEP2026,156.35,157.0,156.35,156.65,34
2026-08-21 15:11:00,BANKNIFTY29SEP2656000CE,56000.0,CE,29SEP2026,2230.05,2230.05,2230.0,2230.0,2
2026-08-21 15:11:00,BANKNIFTY29SEP2656000PE,56000.0,PE,29SEP2026,221.95,222.5,220.95,222.45,41
2026-08-21 15:11:00,BANKNIFTY29SEP2656500CE,56500.0,CE,29SEP2026,1821.15,1821.15,1821.15,1821.15,1
2026-08-21 15:11:00,BANKNIFTY29SEP2656500PE,56500.0,PE,29SEP2026,309.85,309.85,307.1,309.1,18
2026-08-21 15:11:00,BANKNIFTY29SEP2656900PE,56900.0,PE,29SEP2026,405.0,405.0,404.95,404.95,6
2026-08-21 15:11:00,BANKNIFTY29SEP2657000PE,57000.0,PE,29SEP2026,428.55,431.25,428.2,429.0,109
2026-08-21 15:11:00,BANKNIFTY29SEP2657300CE,57300.0,CE,29SEP2026,1240.5,1240.5,1240.5,1240.5,1
2026-08-21 15:11:00,BANKNIFTY29SEP2657300PE,57300.0,PE,29SEP2026,526.45,530.4,525.8,525.8,4
2026-08-21 15:11:00,BANKNIFTY29SEP2657500CE,57500.0,CE,29SEP2026,1121.45,1121.45,1114.0,1115.6,117
2026-08-21 15:11:00,BANKNIFTY29SEP2657500PE,57500.0,PE,29SEP2026,590.7,596.0,590.55,593.4,173
2026-08-21 15:12:00,BANKNIFTY29SEP2655500CE,55500.0,CE,29SEP2026,2652.0,2652.0,2652.0,2652.0,1
2026-08-21 15:12:00,BANKNIFTY29SEP2655500PE,55500.0,PE,29SEP2026,156.7,158.5,156.7,157.6,60
2026-08-21 15:12:00,BANKNIFTY29SEP2656000PE,56000.0,PE,29SEP2026,222.5,223.85,222.0,223.55,27
2026-08-21 15:12:00,BANKNIFTY29SEP2656200PE,56200.0,PE,29SEP2026,255.3,255.35,255.3,255.35,2
2026-08-21 15:12:00,BANKNIFTY29SEP2656500CE,56500.0,CE,29SEP2026,1821.1,1821.1,1821.1,1821.1,2
2026-08-21 15:12:00,BANKNIFTY29SEP2656500PE,56500.0,PE,29SEP2026,309.8,310.6,309.8,310.6,18
2026-08-21 15:12:00,BANKNIFTY29SEP2656600PE,56600.0,PE,29SEP2026,332.3,332.3,332.3,332.3,3
2026-08-21 15:12:00,BANKNIFTY29SEP2656800PE,56800.0,PE,29SEP2026,380.0,380.0,380.0,380.0,2
2026-08-21 15:12:00,BANKNIFTY29SEP2656900PE,56900.0,PE,29SEP2026,405.0,405.0,405.0,405.0,3
2026-08-21 15:12:00,BANKNIFTY29SEP2657000CE,57000.0,CE,29SEP2026,1450.2,1450.2,1450.2,1450.2,1
2026-08-21 15:12:00,BANKNIFTY29SEP2657000PE,57000.0,PE,29SEP2026,429.8,432.0,429.8,432.0,11
2026-08-21 15:12:00,BANKNIFTY29SEP2657100PE,57100.0,PE,29SEP2026,465.0,465.0,462.75,462.75,2
2026-08-21 15:12:00,BANKNIFTY29SEP2657200CE,57200.0,CE,29SEP2026,1310.15,1310.15,1304.8,1304.8,4
2026-08-21 15:12:00,BANKNIFTY29SEP2657200PE,57200.0,PE,29SEP2026,496.65,496.95,496.65,496.95,2
2026-08-21 15:12:00,BANKNIFTY29SEP2657300CE,57300.0,CE,29SEP2026,1244.0,1244.0,1244.0,1244.0,1
2026-08-21 15:12:00,BANKNIFTY29SEP2657300PE,57300.0,PE,29SEP2026,529.7,531.0,529.7,530.95,7
2026-08-21 15:12:00,BANKNIFTY29SEP2657400CE,57400.0,CE,29SEP2026,1178.15,1178.15,1175.25,1175.25,2
2026-08-21 15:12:00,BANKNIFTY29SEP2657400PE,57400.0,PE,29SEP2026,561.45,561.45,560.95,560.95,3
2026-08-21 15:12:00,BANKNIFTY29SEP2657500CE,57500.0,CE,29SEP2026,1113.05,1118.85,1112.3,1115.95,147
2026-08-21 15:12:00,BANKNIFTY29SEP2657500PE,57500.0,PE,29SEP2026,594.2,596.9,592.35,595.55,204
2026-08-21 15:13:00,BANKNIFTY29SEP2655500CE,55500.0,CE,29SEP2026,2646.05,2646.05,2646.0,2646.0,2
2026-08-21 15:13:00,BANKNIFTY29SEP2655500PE,55500.0,PE,29SEP2026,158.2,158.2,157.85,158.15,9
2026-08-21 15:13:00,BANKNIFTY29SEP2655800PE,55800.0,PE,29SEP2026,195.05,195.1,195.05,195.1,2
2026-08-21 15:13:00,BANKNIFTY29SEP2655900PE,55900.0,PE,29SEP2026,209.45,209.45,209.45,209.45,1
2026-08-21 15:13:00,BANKNIFTY29SEP2656000PE,56000.0,PE,29SEP2026,223.3,224.8,223.1,224.2,61
2026-08-21 15:13:00,BANKNIFTY29SEP2656300PE,56300.0,PE,29SEP2026,272.2,272.2,272.0,272.1,11
2026-08-21 15:13:00,BANKNIFTY29SEP2656500CE,56500.0,CE,29SEP2026,1820.0,1820.0,1820.0,1820.0,3
2026-08-21 15:13:00,BANKNIFTY29SEP2656500PE,56500.0,PE,29SEP2026,311.0,312.35,310.1,311.3,58
2026-08-21 15:13:00,BANKNIFTY29SEP2657000CE,57000.0,CE,29SEP2026,1450.9,1451.85,1450.0,1450.0,3
2026-08-21 15:13:00,BANKNIFTY29SEP2657000PE,57000.0,PE,29SEP2026,432.85,434.0,430.1,432.25,50
2026-08-21 15:13:00,BANKNIFTY29SEP2657200PE,57200.0,PE,29SEP2026,496.75,496.75,496.75,496.75,1
2026-08-21 15:13:00,BANKNIFTY29SEP2657300PE,57300.0,PE,29SEP2026,532.5,532.5,530.5,531.2,8
2026-08-21 15:13:00,BANKNIFTY29SEP2657400PE,57400.0,PE,29SEP2026,563.4,563.45,563.4,563.45,2
2026-08-21 15:13:00,BANKNIFTY29SEP2657500CE,57500.0,CE,29SEP2026,1113.85,1117.2,1110.7,1116.5,130
2026-08-21 15:13:00,BANKNIFTY29SEP2657500PE,57500.0,PE,29SEP2026,595.2,598.45,592.3,592.65,169
2026-08-21 15:14:00,BANKNIFTY29SEP2655500PE,55500.0,PE,29SEP2026,158.2,158.95,158.0,158.15,62
2026-08-21 15:14:00,BANKNIFTY29SEP2656000PE,56000.0,PE,29SEP2026,224.45,224.7,223.25,224.2,57
2026-08-21 15:14:00,BANKNIFTY29SEP2656500CE,56500.0,CE,29SEP2026,1825.75,1825.75,1825.75,1825.75,2
2026-08-21 15:14:00,BANKNIFTY29SEP2656500PE,56500.0,PE,29SEP2026,309.85,311.3,309.25,309.25,37
2026-08-21 15:14:00,BANKNIFTY29SEP2656800PE,56800.0,PE,29SEP2026,377.85,377.85,377.65,377.65,6
2026-08-21 15:14:00,BANKNIFTY29SEP2657000CE,57000.0,CE,29SEP2026,1455.9,1455.9,1455.0,1455.0,3
2026-08-21 15:14:00,BANKNIFTY29SEP2657000PE,57000.0,PE,29SEP2026,431.75,432.9,430.15,432.3,24
2026-08-21 15:14:00,BANKNIFTY29SEP2657100CE,57100.0,CE,29SEP2026,1385.9,1385.9,1370.6,1370.6,2
2026-08-21 15:14:00,BANKNIFTY29SEP2657100PE,57100.0,PE,29SEP2026,465.35,465.35,461.95,461.95,3
2026-08-21 15:14:00,BANKNIFTY29SEP2657200CE,57200.0,CE,29SEP2026,1319.45,1319.45,1301.0,1301.0,3
2026-08-21 15:14:00,BANKNIFTY29SEP2657200PE,57200.0,PE,29SEP2026,496.0,497.35,493.1,494.55,12
2026-08-21 15:14:00,BANKNIFTY29SEP2657300CE,57300.0,CE,29SEP2026,1252.05,1252.2,1251.95,1252.2,8
2026-08-21 15:14:00,BANKNIFTY29SEP2657300PE,57300.0,PE,29SEP2026,531.15,531.2,527.6,527.6,27
2026-08-21 15:14:00,BANKNIFTY29SEP2657400PE,57400.0,PE,29SEP2026,560.95,563.3,558.55,560.9,26
2026-08-21 15:14:00,BANKNIFTY29SEP2657500CE,57500.0,CE,29SEP2026,1116.5,1119.35,1116.3,1119.05,110
2026-08-21 15:14:00,BANKNIFTY29SEP2657500PE,57500.0,PE,29SEP2026,593.4,595.85,591.05,591.05,193
2026-08-21 15:15:00,BANKNIFTY29SEP2655500PE,55500.0,PE,29SEP2026,157.45,158.7,157.4,158.7,21
2026-08-21 15:15:00,BANKNIFTY29SEP2656000PE,56000.0,PE,29SEP2026,223.4,224.7,223.4,224.0,30
2026-08-21 15:15:00,BANKNIFTY29SEP2656500PE,56500.0,PE,29SEP2026,310.45,311.2,309.6,311.2,26
2026-08-21 15:15:00,BANKNIFTY29SEP2657000CE,57000.0,CE,29SEP2026,1455.0,1455.7,1450.05,1450.05,7
2026-08-21 15:15:00,BANKNIFTY29SEP2657000PE,57000.0,PE,29SEP2026,429.55,432.85,429.55,432.5,18
2026-08-21 15:15:00,BANKNIFTY29SEP2657100PE,57100.0,PE,29SEP2026,462.75,462.75,462.75,462.75,1
2026-08-21 15:15:00,BANKNIFTY29SEP2657200PE,57200.0,PE,29SEP2026,495.35,495.35,495.35,495.35,1
2026-08-21 15:15:00,BANKNIFTY29SEP2657300CE,57300.0,CE,29SEP2026,1242.45,1242.45,1242.4,1242.4,2
2026-08-21 15:15:00,BANKNIFTY29SEP2657300PE,57300.0,PE,29SEP2026,527.6,530.0,527.6,530.0,4
2026-08-21 15:15:00,BANKNIFTY29SEP2657500CE,57500.0,CE,29SEP2026,1118.6,1118.6,1111.05,1113.3,32
2026-08-21 15:15:00,BANKNIFTY29SEP2657500PE,57500.0,PE,29SEP2026,591.25,596.0,591.25,595.85,60
2026-08-21 15:16:00,BANKNIFTY29SEP2655500CE,55500.0,CE,29SEP2026,2653.0,2655.0,2653.0,2655.0,2
2026-08-21 15:16:00,BANKNIFTY29SEP2655500PE,55500.0,PE,29SEP2026,158.7,158.7,158.2,158.2,49
2026-08-21 15:16:00,BANKNIFTY29SEP2656000CE,56000.0,CE,29SEP2026,2220.0,2220.0,2220.0,2220.0,1
2026-08-21 15:16:00,BANKNIFTY29SEP2656000PE,56000.0,PE,29SEP2026,224.75,224.75,223.7,223.7,9
2026-08-21 15:16:00,BANKNIFTY29SEP2656200PE,56200.0,PE,29SEP2026,255.0,255.0,252.5,252.5,2
2026-08-21 15:16:00,BANKNIFTY29SEP2656500CE,56500.0,CE,29SEP2026,1815.0,1815.0,1815.0,1815.0,1
2026-08-21 15:16:00,BANKNIFTY29SEP2656500PE,56500.0,PE,29SEP2026,309.55,313.0,308.1,308.1,49
2026-08-21 15:16:00,BANKNIFTY29SEP2656700PE,56700.0,PE,29SEP2026,351.15,351.15,351.15,351.15,1
2026-08-21 15:16:00,BANKNIFTY29SEP2656800PE,56800.0,PE,29SEP2026,377.0,377.0,377.0,377.0,4
2026-08-21 15:16:00,BANKNIFTY29SEP2657000CE,57000.0,CE,29SEP2026,1450.0,1450.0,1444.1,1448.8,42
2026-08-21 15:16:00,BANKNIFTY29SEP2657000PE,57000.0,PE,29SEP2026,431.25,434.9,426.55,426.55,40
2026-08-21 15:16:00,BANKNIFTY29SEP2657100PE,57100.0,PE,29SEP2026,463.8,463.8,463.8,463.8,1
2026-08-21 15:16:00,BANKNIFTY29SEP2657200PE,57200.0,PE,29SEP2026,498.55,498.55,496.5,496.5,12
2026-08-21 15:16:00,BANKNIFTY29SEP2657300PE,57300.0,PE,29SEP2026,531.7,533.5,530.6,532.9,8
2026-08-21 15:16:00,BANKNIFTY29SEP2657400PE,57400.0,PE,29SEP2026,563.0,566.5,561.55,561.55,18
2026-08-21 15:16:00,BANKNIFTY29SEP2657500CE,57500.0,CE,29SEP2026,1113.0,1115.6,1107.0,1115.6,121
2026-08-21 15:16:00,BANKNIFTY29SEP2657500PE,57500.0,PE,29SEP2026,594.3,598.6,590.05,590.3,136
2026-08-21 15:17:00,BANKNIFTY29SEP2655500PE,55500.0,PE,29SEP2026,156.5,158.75,156.5,157.95,37
2026-08-21 15:17:00,BANKNIFTY29SEP2656000CE,56000.0,CE,29SEP2026,2235.0,2235.0,2235.0,2235.0,1
2026-08-21 15:17:00,BANKNIFTY29SEP2656000PE,56000.0,PE,29SEP2026,220.0,223.5,220.0,221.8,22
2026-08-21 15:17:00,BANKNIFTY29SEP2656300PE,56300.0,PE,29SEP2026,265.2,266.6,265.2,266.6,7
2026-08-21 15:17:00,BANKNIFTY29SEP2656500PE,56500.0,PE,29SEP2026,304.2,309.75,302.4,308.1,52
2026-08-21 15:17:00,BANKNIFTY29SEP2656700PE,56700.0,PE,29SEP2026,344.85,344.85,344.85,344.85,1
2026-08-21 15:17:00,BANKNIFTY29SEP2657000CE,57000.0,CE,29SEP2026,1458.2,1461.55,1458.0,1458.0,19
2026-08-21 15:17:00,BANKNIFTY29SEP2657000PE,57000.0,PE,29SEP2026,426.7,431.0,420.65,425.55,57
2026-08-21 15:17:00,BANKNIFTY29SEP2657100PE,57100.0,PE,29SEP2026,454.8,454.8,454.75,454.75,2
2026-08-21 15:17:00,BANKNIFTY29SEP2657200PE,57200.0,PE,29SEP2026,494.4,494.4,494.4,494.4,1
2026-08-21 15:17:00,BANKNIFTY29SEP2657300PE,57300.0,PE,29SEP2026,520.4,524.3,519.6,524.3,10
2026-08-21 15:17:00,BANKNIFTY29SEP2657400PE,57400.0,PE,29SEP2026,553.4,554.75,548.9,552.3,10
2026-08-21 15:17:00,BANKNIFTY29SEP2657500CE,57500.0,CE,29SEP2026,1118.1,1124.95,1112.7,1118.9,214
2026-08-21 15:17:00,BANKNIFTY29SEP2657500PE,57500.0,PE,29SEP2026,586.75,591.95,579.4,588.55,250
2026-08-21 15:18:00,BANKNIFTY29SEP2655500PE,55500.0,PE,29SEP2026,157.95,159.9,157.95,159.7,34
2026-08-21 15:18:00,BANKNIFTY29SEP2655900CE,55900.0,CE,29SEP2026,2311.15,2311.15,2311.15,2311.15,1
2026-08-21 15:18:00,BANKNIFTY29SEP2656000PE,56000.0,PE,29SEP2026,221.8,224.8,221.8,223.4,13
2026-08-21 15:18:00,BANKNIFTY29SEP2656300PE,56300.0,PE,29SEP2026,273.85,273.85,273.85,273.85,1
2026-08-21 15:18:00,BANKNIFTY29SEP2656500PE,56500.0,PE,29SEP2026,308.25,312.5,308.2,310.9,21
2026-08-21 15:18:00,BANKNIFTY29SEP2656700PE,56700.0,PE,29SEP2026,358.4,358.4,358.4,358.4,1
2026-08-21 15:18:00,BANKNIFTY29SEP2656900CE,56900.0,CE,29SEP2026,1537.0,1537.0,1537.0,1537.0,1
2026-08-21 15:18:00,BANKNIFTY29SEP2656900PE,56900.0,PE,29SEP2026,402.5,405.0,402.5,405.0,7
2026-08-21 15:18:00,BANKNIFTY29SEP2657000CE,57000.0,CE,29SEP2026,1451.3,1451.4,1445.6,1447.2,5
2026-08-21 15:18:00,BANKNIFTY29SEP2657000PE,57000.0,PE,29SEP2026,426.05,432.45,426.05,431.9,14
2026-08-21 15:18:00,BANKNIFTY29SEP2657100PE,57100.0,PE,29SEP2026,461.5,465.75,461.5,464.35,4
2026-08-21 15:18:00,BANKNIFTY29SEP2657300CE,57300.0,CE,29SEP2026,1252.0,1252.05,1248.2,1248.2,5
2026-08-21 15:18:00,BANKNIFTY29SEP2657300PE,57300.0,PE,29SEP2026,524.45,524.45,524.45,524.45,1
2026-08-21 15:18:00,BANKNIFTY29SEP2657400CE,57400.0,CE,29SEP2026,1176.05,1176.05,1175.25,1175.25,4
2026-08-21 15:18:00,BANKNIFTY29SEP2657400PE,57400.0,PE,29SEP2026,554.95,562.8,554.9,561.25,7
2026-08-21 15:18:00,BANKNIFTY29SEP2657500CE,57500.0,CE,29SEP2026,1119.7,1119.7,1109.05,1112.15,241
2026-08-21 15:18:00,BANKNIFTY29SEP2657500PE,57500.0,PE,29SEP2026,586.6,596.5,586.5,592.15,247
2026-08-21 15:19:00,BANKNIFTY29SEP2655500PE,55500.0,PE,29SEP2026,159.0,160.35,158.65,159.75,63
2026-08-21 15:19:00,BANKNIFTY29SEP2655800PE,55800.0,PE,29SEP2026,192.95,192.95,192.85,192.85,3
2026-08-21 15:19:00,BANKNIFTY29SEP2656000PE,56000.0,PE,29SEP2026,223.3,223.3,222.7,222.7,6
2026-08-21 15:19:00,BANKNIFTY29SEP2656200PE,56200.0,PE,29SEP2026,255.8,255.8,255.8,255.8,1
2026-08-21 15:19:00,BANKNIFTY29SEP2656300PE,56300.0,PE,29SEP2026,272.2,272.2,272.15,272.15,2
2026-08-21 15:19:00,BANKNIFTY29SEP2656500PE,56500.0,PE,29SEP2026,310.05,311.95,309.75,311.95,17
2026-08-21 15:19:00,BANKNIFTY29SEP2657000PE,57000.0,PE,29SEP2026,430.75,432.25,429.6,431.05,27
2026-08-21 15:19:00,BANKNIFTY29SEP2657100PE,57100.0,PE,29SEP2026,464.35,466.25,464.35,466.25,6
2026-08-21 15:19:00,BANKNIFTY29SEP2657200CE,57200.0,CE,29SEP2026,1312.95,1312.95,1308.0,1308.0,2
2026-08-21 15:19:00,BANKNIFTY29SEP2657200PE,57200.0,PE,29SEP2026,496.1,496.25,496.1,496.25,2
2026-08-21 15:19:00,BANKNIFTY29SEP2657300PE,57300.0,PE,29SEP2026,526.9,527.15,526.4,527.15,4
2026-08-21 15:19:00,BANKNIFTY29SEP2657500CE,57500.0,CE,29SEP2026,1115.0,1118.05,1110.15,1110.65,306
2026-08-21 15:19:00,BANKNIFTY29SEP2657500PE,57500.0,PE,29SEP2026,591.5,595.35,590.35,594.95,343
2026-08-21 15:20:00,BANKNIFTY29SEP2655500PE,55500.0,PE,29SEP2026,160.15,160.15,158.55,158.55,44
2026-08-21 15:20:00,BANKNIFTY29SEP2655800PE,55800.0,PE,29SEP2026,195.0,195.05,195.0,195.05,2
2026-08-21 15:20:00,BANKNIFTY29SEP2656000CE,56000.0,CE,29SEP2026,2233.15,2233.15,2233.15,2233.15,1
2026-08-21 15:20:00,BANKNIFTY29SEP2656000PE,56000.0,PE,29SEP2026,224.5,224.75,222.75,223.0,21
2026-08-21 15:20:00,BANKNIFTY29SEP2656300PE,56300.0,PE,29SEP2026,272.5,272.5,272.5,272.5,1
2026-08-21 15:20:00,BANKNIFTY29SEP2656500PE,56500.0,PE,29SEP2026,311.8,311.8,311.0,311.0,9
2026-08-21 15:20:00,BANKNIFTY29SEP2656600PE,56600.0,PE,29SEP2026,335.0,335.0,334.95,334.95,2
2026-08-21 15:20:00,BANKNIFTY29SEP2656700PE,56700.0,PE,29SEP2026,353.55,353.55,353.55,353.55,1
2026-08-21 15:20:00,BANKNIFTY29SEP2656800PE,56800.0,PE,29SEP2026,377.75,377.75,377.75,377.75,1
2026-08-21 15:20:00,BANKNIFTY29SEP2656900PE,56900.0,PE,29SEP2026,403.85,403.85,403.4,403.4,6
2026-08-21 15:20:00,BANKNIFTY29SEP2657000CE,57000.0,CE,29SEP2026,1446.7,1446.7,1446.7,1446.7,1
2026-08-21 15:20:00,BANKNIFTY29SEP2657000PE,57000.0,PE,29SEP2026,432.95,432.95,430.25,430.85,8
2026-08-21 15:20:00,BANKNIFTY29SEP2657100PE,57100.0,PE,29SEP2026,461.85,461.85,461.8,461.8,2
2026-08-21 15:20:00,BANKNIFTY29SEP2657200PE,57200.0,PE,29SEP2026,494.05,496.2,494.05,496.2,5
2026-08-21 15:20:00,BANKNIFTY29SEP2657300PE,57300.0,PE,29SEP2026,528.8,528.8,528.5,528.5,12
2026-08-21 15:20:00,BANKNIFTY29SEP2657400PE,57400.0,PE,29SEP2026,562.1,562.1,562.1,562.1,2
2026-08-21 15:20:00,BANKNIFTY29SEP2657500CE,57500.0,CE,29SEP2026,1110.95,1117.7,1110.4,1116.05,164
2026-08-21 15:20:00,BANKNIFTY29SEP2657500PE,57500.0,PE,29SEP2026,595.15,596.6,591.8,594.5,239
2026-08-21 15:21:00,BANKNIFTY29SEP2655500PE,55500.0,PE,29SEP2026,159.25,159.25,159.0,159.15,5
2026-08-21 15:21:00,BANKNIFTY29SEP2655800PE,55800.0,PE,29SEP2026,194.9,194.9,194.9,194.9,1
2026-08-21 15:21:00,BANKNIFTY29SEP2655900PE,55900.0,PE,29SEP2026,208.8,208.8,208.8,208.8,1
2026-08-21 15:21:00,BANKNIFTY29SEP2656000PE,56000.0,PE,29SEP2026,222.85,223.0,222.8,223.0,11
2026-08-21 15:21:00,BANKNIFTY29SEP2656500PE,56500.0,PE,29SEP2026,311.0,311.15,309.75,310.9,6
2026-08-21 15:21:00,BANKNIFTY29SEP2657000CE,57000.0,CE,29SEP2026,1453.15,1457.85,1450.5,1452.1,6
2026-08-21 15:21:00,BANKNIFTY29SEP2657000PE,57000.0,PE,29SEP2026,430.85,431.6,429.75,429.75,20
2026-08-21 15:21:00,BANKNIFTY29SEP2657200PE,57200.0,PE,29SEP2026,494.95,494.95,494.4,494.4,12
2026-08-21 15:21:00,BANKNIFTY29SEP2657300PE,57300.0,PE,29SEP2026,528.5,528.5,527.0,527.0,5
2026-08-21 15:21:00,BANKNIFTY29SEP2657400PE,57400.0,PE,29SEP2026,562.0,562.0,560.0,560.2,4
2026-08-21 15:21:00,BANKNIFTY29SEP2657500CE,57500.0,CE,29SEP2026,1116.25,1119.4,1114.2,1119.05,43
2026-08-21 15:21:00,BANKNIFTY29SEP2657500PE,57500.0,PE,29SEP2026,592.5,594.85,591.05,591.55,97
2026-08-21 15:22:00,BANKNIFTY29SEP2655500PE,55500.0,PE,29SEP2026,159.35,159.75,158.4,159.6,15
2026-08-21 15:22:00,BANKNIFTY29SEP2655800PE,55800.0,PE,29SEP2026,195.05,195.1,194.1,194.1,5
2026-08-21 15:22:00,BANKNIFTY29SEP2655900PE,55900.0,PE,29SEP2026,206.35,206.35,206.35,206.35,1
2026-08-21 15:22:00,BANKNIFTY29SEP2656000CE,56000.0,CE,29SEP2026,2239.15,2239.2,2219.9,2219.9,6
2026-08-21 15:22:00,BANKNIFTY29SEP2656000PE,56000.0,PE,29SEP2026,223.0,224.6,223.0,223.0,20
2026-08-21 15:22:00,BANKNIFTY29SEP2656500PE,56500.0,PE,29SEP2026,310.45,312.2,310.05,312.2,13
2026-08-21 15:22:00,BANKNIFTY29SEP2656600PE,56600.0,PE,29SEP2026,335.4,335.45,335.4,335.45,6
2026-08-21 15:22:00,BANKNIFTY29SEP2656900CE,56900.0,CE,29SEP2026,1541.95,1541.95,1541.95,1541.95,1
2026-08-21 15:22:00,BANKNIFTY29SEP2657000CE,57000.0,CE,29SEP2026,1450.25,1453.65,1448.0,1453.65,7
2026-08-21 15:22:00,BANKNIFTY29SEP2657000PE,57000.0,PE,29SEP2026,430.7,432.0,430.1,432.0,32
2026-08-21 15:22:00,BANKNIFTY29SEP2657100CE,57100.0,CE,29SEP2026,1370.3,1370.3,1362.8,1362.8,5
2026-08-21 15:22:00,BANKNIFTY29SEP2657100PE,57100.0,PE,29SEP2026,462.6,462.6,462.6,462.6,1
2026-08-21 15:22:00,BANKNIFTY29SEP2657200PE,57200.0,PE,29SEP2026,494.5,495.0,494.5,495.0,2
2026-08-21 15:22:00,BANKNIFTY29SEP2657300PE,57300.0,PE,29SEP2026,527.65,527.65,527.6,527.6,4
2026-08-21 15:22:00,BANKNIFTY29SEP2657400CE,57400.0,CE,29SEP2026,1180.4,1180.4,1179.45,1179.45,2
2026-08-21 15:22:00,BANKNIFTY29SEP2657400PE,57400.0,PE,29SEP2026,563.2,564.55,563.2,564.0,9
2026-08-21 15:22:00,BANKNIFTY29SEP2657500CE,57500.0,CE,29SEP2026,1116.25,1116.45,1111.6,1114.15,108
2026-08-21 15:22:00,BANKNIFTY29SEP2657500PE,57500.0,PE,29SEP2026,591.7,596.25,591.7,595.4,116
2026-08-21 15:23:00,BANKNIFTY29SEP2655500PE,55500.0,PE,29SEP2026,160.15,160.15,159.65,159.65,17
2026-08-21 15:23:00,BANKNIFTY29SEP2656000PE,56000.0,PE,29SEP2026,223.9,223.9,222.5,222.5,20
2026-08-21 15:23:00,BANKNIFTY29SEP2656500PE,56500.0,PE,29SEP2026,311.6,312.2,311.6,312.2,20
2026-08-21 15:23:00,BANKNIFTY29SEP2656600PE,56600.0,PE,29SEP2026,332.15,332.15,332.1,332.1,6
2026-08-21 15:23:00,BANKNIFTY29SEP2657000CE,57000.0,CE,29SEP2026,1454.85,1454.85,1447.55,1447.55,2
2026-08-21 15:23:00,BANKNIFTY29SEP2657000PE,57000.0,PE,29SEP2026,431.3,432.6,430.7,432.3,17
2026-08-21 15:23:00,BANKNIFTY29SEP2657100CE,57100.0,CE,29SEP2026,1385.15,1402.75,1385.15,1387.8,5
2026-08-21 15:23:00,BANKNIFTY29SEP2657100PE,57100.0,PE,29SEP2026,465.6,465.6,463.9,465.45,6
2026-08-21 15:23:00,BANKNIFTY29SEP2657400PE,57400.0,PE,29SEP2026,563.75,563.75,563.75,563.75,1
2026-08-21 15:23:00,BANKNIFTY29SEP2657500CE,57500.0,CE,29SEP2026,1113.05,1117.95,1111.1,1115.85,135
2026-08-21 15:23:00,BANKNIFTY29SEP2657500PE,57500.0,PE,29SEP2026,595.4,595.4,591.75,592.2,124
2026-08-21 15:24:00,BANKNIFTY29SEP2655500PE,55500.0,PE,29SEP2026,158.4,158.5,157.0,158.45,17
2026-08-21 15:24:00,BANKNIFTY29SEP2655800PE,55800.0,PE,29SEP2026,194.1,194.1,194.1,194.1,3
2026-08-21 15:24:00,BANKNIFTY29SEP2655900PE,55900.0,PE,29SEP2026,207.55,207.6,207.55,207.6,2
2026-08-21 15:24:00,BANKNIFTY29SEP2656000PE,56000.0,PE,29SEP2026,220.0,220.55,220.0,220.5,22
2026-08-21 15:24:00,BANKNIFTY29SEP2656200PE,56200.0,PE,29SEP2026,253.0,253.0,253.0,253.0,1
2026-08-21 15:24:00,BANKNIFTY29SEP2656500PE,56500.0,PE,29SEP2026,305.45,308.9,305.4,308.75,11
2026-08-21 15:24:00,BANKNIFTY29SEP2656600PE,56600.0,PE,29SEP2026,331.55,331.75,331.55,331.75,9
2026-08-21 15:24:00,BANKNIFTY29SEP2656800PE,56800.0,PE,29SEP2026,378.4,378.4,378.4,378.4,1
2026-08-21 15:24:00,BANKNIFTY29SEP2656900PE,56900.0,PE,29SEP2026,408.2,408.3,397.1,405.45,33
2026-08-21 15:24:00,BANKNIFTY29SEP2657000PE,57000.0,PE,29SEP2026,430.35,430.35,426.0,427.0,24
2026-08-21 15:24:00,BANKNIFTY29SEP2657500CE,57500.0,CE,29SEP2026,1117.3,1121.0,1114.25,1118.0,34
2026-08-21 15:24:00,BANKNIFTY29SEP2657500PE,57500.0,PE,29SEP2026,591.85,593.05,585.85,590.2,45
2026-08-21 15:25:00,BANKNIFTY29SEP2655500PE,55500.0,PE,29SEP2026,157.1,159.0,157.05,157.2,27
2026-08-21 15:25:00,BANKNIFTY29SEP2656000PE,56000.0,PE,29SEP2026,220.55,221.3,219.05,220.75,19
2026-08-21 15:25:00,BANKNIFTY29SEP2656200PE,56200.0,PE,29SEP2026,251.0,251.25,250.05,250.05,17
2026-08-21 15:25:00,BANKNIFTY29SEP2656300PE,56300.0,PE,29SEP2026,267.35,267.35,267.35,267.35,1
2026-08-21 15:25:00,BANKNIFTY29SEP2656400PE,56400.0,PE,29SEP2026,288.25,288.25,276.8,284.15,19
2026-08-21 15:25:00,BANKNIFTY29SEP2656500PE,56500.0,PE,29SEP2026,308.85,309.7,305.45,306.25,22
2026-08-21 15:25:00,BANKNIFTY29SEP2656900PE,56900.0,PE,29SEP2026,403.75,406.55,402.0,402.0,10
2026-08-21 15:25:00,BANKNIFTY29SEP2657000CE,57000.0,CE,29SEP2026,1460.0,1460.0,1460.0,1460.0,2
2026-08-21 15:25:00,BANKNIFTY29SEP2657000PE,57000.0,PE,29SEP2026,430.45,430.5,425.05,425.3,11
2026-08-21 15:25:00,BANKNIFTY29SEP2657100PE,57100.0,PE,29SEP2026,460.1,460.1,454.6,454.6,5
2026-08-21 15:25:00,BANKNIFTY29SEP2657200PE,57200.0,PE,29SEP2026,491.75,491.75,487.2,487.2,7
2026-08-21 15:25:00,BANKNIFTY29SEP2657300PE,57300.0,PE,29SEP2026,525.3,525.3,519.75,520.55,52
2026-08-21 15:25:00,BANKNIFTY29SEP2657400CE,57400.0,CE,29SEP2026,1185.65,1185.7,1185.65,1185.7,4
2026-08-21 15:25:00,BANKNIFTY29SEP2657400PE,57400.0,PE,29SEP2026,558.05,559.8,553.2,553.2,10
2026-08-21 15:25:00,BANKNIFTY29SEP2657500CE,57500.0,CE,29SEP2026,1120.0,1120.0,1115.2,1115.35,106
2026-08-21 15:25:00,BANKNIFTY29SEP2657500PE,57500.0,PE,29SEP2026,588.0,593.05,585.1,587.6,134
2026-08-21 15:26:00,BANKNIFTY29SEP2655900PE,55900.0,PE,29SEP2026,207.75,207.75,207.75,207.75,1
2026-08-21 15:26:00,BANKNIFTY29SEP2656000PE,56000.0,PE,29SEP2026,219.65,221.65,219.6,221.65,6
2026-08-21 15:26:00,BANKNIFTY29SEP2656200PE,56200.0,PE,29SEP2026,250.05,250.05,250.05,250.05,1
2026-08-21 15:26:00,BANKNIFTY29SEP2656300PE,56300.0,PE,29SEP2026,269.45,269.45,269.45,269.45,1
2026-08-21 15:26:00,BANKNIFTY29SEP2656500PE,56500.0,PE,29SEP2026,306.95,309.45,306.05,309.45,11
2026-08-21 15:26:00,BANKNIFTY29SEP2656700PE,56700.0,PE,29SEP2026,350.65,350.65,350.65,350.65,1
2026-08-21 15:26:00,BANKNIFTY29SEP2656900PE,56900.0,PE,29SEP2026,401.8,401.8,401.8,401.8,1
2026-08-21 15:26:00,BANKNIFTY29SEP2657000CE,57000.0,CE,29SEP2026,1459.05,1459.25,1447.6,1447.6,6
2026-08-21 15:26:00,BANKNIFTY29SEP2657000PE,57000.0,PE,29SEP2026,426.05,430.1,426.05,428.15,14
2026-08-21 15:26:00,BANKNIFTY29SEP2657100CE,57100.0,CE,29SEP2026,1383.6,1383.6,1362.1,1362.1,6
2026-08-21 15:26:00,BANKNIFTY29SEP2657200CE,57200.0,CE,29SEP2026,1306.8,1306.8,1304.85,1304.85,6
2026-08-21 15:26:00,BANKNIFTY29SEP2657200PE,57200.0,PE,29SEP2026,488.3,488.3,488.2,488.2,3
2026-08-21 15:26:00,BANKNIFTY29SEP2657300CE,57300.0,CE,29SEP2026,1241.75,1241.75,1241.75,1241.75,1
2026-08-21 15:26:00,BANKNIFTY29SEP2657300PE,57300.0,PE,29SEP2026,521.6,526.6,521.6,526.6,4
2026-08-21 15:26:00,BANKNIFTY29SEP2657400CE,57400.0,CE,29SEP2026,1177.3,1190.45,1169.4,1190.45,21
2026-08-21 15:26:00,BANKNIFTY29SEP2657400PE,57400.0,PE,29SEP2026,559.95,560.55,559.95,560.55,5
2026-08-21 15:26:00,BANKNIFTY29SEP2657500CE,57500.0,CE,29SEP2026,1120.4,1121.1,1107.0,1110.75,480
2026-08-21 15:26:00,BANKNIFTY29SEP2657500PE,57500.0,PE,29SEP2026,585.85,593.25,585.85,590.45,501
2026-08-21 15:27:00,BANKNIFTY29SEP2655500PE,55500.0,PE,29SEP2026,158.8,158.8,158.8,158.8,1
2026-08-21 15:27:00,BANKNIFTY29SEP2655800PE,55800.0,PE,29SEP2026,191.65,194.0,191.55,194.0,5
2026-08-21 15:27:00,BANKNIFTY29SEP2656000PE,56000.0,PE,29SEP2026,221.65,222.0,221.65,222.0,5
2026-08-21 15:27:00,BANKNIFTY29SEP2656200PE,56200.0,PE,29SEP2026,255.05,255.15,254.6,254.6,5
2026-08-21 15:27:00,BANKNIFTY29SEP2656300PE,56300.0,PE,29SEP2026,269.25,269.25,269.05,269.05,4
2026-08-21 15:27:00,BANKNIFTY29SEP2656500CE,56500.0,CE,29SEP2026,1815.2,1815.2,1815.15,1815.2,9
2026-08-21 15:27:00,BANKNIFTY29SEP2656500PE,56500.0,PE,29SEP2026,309.0,311.0,309.0,311.0,25
2026-08-21 15:27:00,BANKNIFTY29SEP2656700PE,56700.0,PE,29SEP2026,352.95,353.0,352.95,353.0,21
2026-08-21 15:27:00,BANKNIFTY29SEP2656800PE,56800.0,PE,29SEP2026,376.95,377.05,376.85,377.05,9
2026-08-21 15:27:00,BANKNIFTY29SEP2656900PE,56900.0,PE,29SEP2026,405.1,405.2,405.1,405.2,2
2026-08-21 15:27:00,BANKNIFTY29SEP2657000CE,57000.0,CE,29SEP2026,1455.6,1455.65,1454.0,1454.0,3
2026-08-21 15:27:00,BANKNIFTY29SEP2657000PE,57000.0,PE,29SEP2026,430.6,433.0,429.05,433.0,33
2026-08-21 15:27:00,BANKNIFTY29SEP2657100PE,57100.0,PE,29SEP2026,460.65,461.0,460.65,461.0,10
2026-08-21 15:27:00,BANKNIFTY29SEP2657200CE,57200.0,CE,29SEP2026,1315.65,1316.4,1315.65,1316.4,5
2026-08-21 15:27:00,BANKNIFTY29SEP2657200PE,57200.0,PE,29SEP2026,492.75,492.75,492.75,492.75,5
2026-08-21 15:27:00,BANKNIFTY29SEP2657300PE,57300.0,PE,29SEP2026,526.85,531.55,526.85,531.55,22
2026-08-21 15:27:00,BANKNIFTY29SEP2657400PE,57400.0,PE,29SEP2026,564.0,564.95,564.0,564.95,2
2026-08-21 15:27:00,BANKNIFTY29SEP2657500CE,57500.0,CE,29SEP2026,1111.6,1111.6,1111.0,1111.0,11
2026-08-21 15:27:00,BANKNIFTY29SEP2657500PE,57500.0,PE,29SEP2026,591.85,598.55,590.95,596.5,82
2026-08-21 15:28:00,BANKNIFTY29SEP2655500PE,55500.0,PE,29SEP2026,159.95,160.45,159.05,160.45,28
2026-08-21 15:28:00,BANKNIFTY29SEP2655800PE,55800.0,PE,29SEP2026,194.35,194.35,194.35,194.35,1
2026-08-21 15:28:00,BANKNIFTY29SEP2656000PE,56000.0,PE,29SEP2026,223.5,224.0,223.5,223.5,6
2026-08-21 15:28:00,BANKNIFTY29SEP2656500PE,56500.0,PE,29SEP2026,311.05,312.5,310.7,312.1,27
2026-08-21 15:28:00,BANKNIFTY29SEP2656900PE,56900.0,PE,29SEP2026,407.2,407.2,407.2,407.2,1
2026-08-21 15:28:00,BANKNIFTY29SEP2657000CE,57000.0,CE,29SEP2026,1451.8,1454.0,1451.8,1454.0,5
2026-08-21 15:28:00,BANKNIFTY29SEP2657000PE,57000.0,PE,29SEP2026,433.0,434.6,432.5,432.5,20
2026-08-21 15:28:00,BANKNIFTY29SEP2657200CE,57200.0,CE,29SEP2026,1313.35,1313.35,1313.35,1313.35,1
2026-08-21 15:28:00,BANKNIFTY29SEP2657400CE,57400.0,CE,29SEP2026,1174.85,1174.85,1174.85,1174.85,1
2026-08-21 15:28:00,BANKNIFTY29SEP2657400PE,57400.0,PE,29SEP2026,563.95,565.0,563.95,565.0,4
2026-08-21 15:28:00,BANKNIFTY29SEP2657500CE,57500.0,CE,29SEP2026,1109.65,1114.3,1109.65,1114.3,5
2026-08-21 15:28:00,BANKNIFTY29SEP2657500PE,57500.0,PE,29SEP2026,598.25,598.25,595.45,596.5,29
2026-08-21 15:29:00,BANKNIFTY29SEP2655500PE,55500.0,PE,29SEP2026,160.0,160.4,159.85,160.3,31
2026-08-21 15:29:00,BANKNIFTY29SEP2655800PE,55800.0,PE,29SEP2026,193.05,193.05,193.05,193.05,3
2026-08-21 15:29:00,BANKNIFTY29SEP2655900PE,55900.0,PE,29SEP2026,206.2,206.8,206.2,206.8,2
2026-08-21 15:29:00,BANKNIFTY29SEP2656000PE,56000.0,PE,29SEP2026,223.5,224.45,222.8,224.35,7
2026-08-21 15:29:00,BANKNIFTY29SEP2656300PE,56300.0,PE,29SEP2026,270.45,270.45,270.45,270.45,1
2026-08-21 15:29:00,BANKNIFTY29SEP2656500PE,56500.0,PE,29SEP2026,312.35,312.4,309.35,309.35,23
2026-08-21 15:29:00,BANKNIFTY29SEP2656800PE,56800.0,PE,29SEP2026,378.95,378.95,378.3,378.3,7
2026-08-21 15:29:00,BANKNIFTY29SEP2656900PE,56900.0,PE,29SEP2026,408.4,413.35,407.0,407.0,33
2026-08-21 15:29:00,BANKNIFTY29SEP2657000CE,57000.0,CE,29SEP2026,1452.85,1452.85,1448.0,1448.0,3
2026-08-21 15:29:00,BANKNIFTY29SEP2657000PE,57000.0,PE,29SEP2026,432.45,432.45,426.2,426.2,221
2026-08-21 15:29:00,BANKNIFTY29SEP2657200CE,57200.0,CE,29SEP2026,1315.0,1315.0,1315.0,1315.0,1
2026-08-21 15:29:00,BANKNIFTY29SEP2657200PE,57200.0,PE,29SEP2026,497.5,497.5,497.5,497.5,1
2026-08-21 15:29:00,BANKNIFTY29SEP2657300CE,57300.0,CE,29SEP2026,1254.15,1254.15,1254.15,1254.15,4
2026-08-21 15:29:00,BANKNIFTY29SEP2657400CE,57400.0,CE,29SEP2026,1180.75,1180.85,1179.45,1179.45,1
2026-08-21 15:29:00,BANKNIFTY29SEP2657400PE,57400.0,PE,29SEP2026,561.3,561.3,561.3,561.3,1
2026-08-21 15:29:00,BANKNIFTY29SEP2657500CE,57500.0,CE,29SEP2026,1114.7,1114.7,1113.0,1113.0,5
2026-08-21 15:29:00,BANKNIFTY29SEP2657500PE,57500.0,PE,29SEP2026,595.5,596.1,592.05,592.05,16
